'1314193',20260908,1,20260909,1,20260910,1,20260911,1,20260914,1,20260915,1,20260916,1,20260917,1,20260918,1,20260921,1,20260922,1,20260923,1,20260924,1,20260925,1,20260928,1,20260929,1,20260930,1,20261001,1,20261002,1,20261005,1,20261006,1,20261007,1,20261008,1,20261009,1,20261013,1,20261014,1,20261015,1,20261016,1,20261019,1,20261020,1,20261021,1,20261022,1,20261023,1,20261026,1,20261027,1,20261028,1,20261029,1,20261030,1,20261102,1,20261103,1,20261104,1,20261105,1,20261106,1,20261109,1,20261110,1,20261111,1,20261112,1,20261113,1,20261116,1,20261117,1,20261118,1,20261119,1,20261120,1,20261123,1,20261124,1,20261125,1,20261126,1,20261127,1,20261130,1,20261201,1,20261202,1,20261203,1,20261204,1,20261207,1,20261208,1,20261209,1,20261210,1,20261211,1,20261214,1,20261215,1,20261216,1,20261217,1,20261218,1,20261221,1,20261222,1,20261223,1,20261224,1,20261228,1,20261229,1,20261230,1,20261231,1,20270104,1,20270105,1,20270106,1,20270107,1,20270108,1,20270111,1,20270112,1,20270113,1,20270114,1,20270115,1,20270118,1,20270119,1,20270120,1,20270121,1,20270122,1,20270125,1,20270126,1,20270127,1,20270128,1,20270129,1,20270201,1,20270202,1,20270203,1,20270204,1,20270205,1,20270208,1,20270209,1,20270210,1,20270211,1,20270212,1,20270216,1,20270217,1,20270218,1,20270219,1,20270222,1,20270223,1,20270224,1,20270225,1,20270226,1,20270301,1,20270302,1,20270303,1,20270304,1,20270305,1,20270308,1,20270309,1,20270310,1,20270311,1,20270312,1,20270315,1,20270316,1,20270317,1,20270318,1,20270319,1,20270322,1,20270323,1,20270324,1,20270325,1,20270330,1,20270331,1,20270401,1,20270402,1,20270405,1,20270406,1,20270407,1,20270408,1,20270409,1,20270412,1,20270413,1,20270414,1,20270415,1,20270416,1,20270419,1,20270420,1,20270421,1,20270422,1,20270423,1,20270426,1,20270427,1,20270428,1,20270429,1,20270430,1,20270503,1,20270504,1,20270505,1,20270506,1,20270507,1,20270510,1,20270511,1,20270512,1,20270513,1,20270514,1,20270517,1,20270518,1,20270519,1,20270520,1,20270521,1,20270525,1,20270526,1,20270527,1,20270528,1,20270531,1,20270601,1,20270602,1,20270603,1,20270604,1,20270607,1,20270608,1,20270609,1,20270610,1,20270611,1,20270614,1,20270615,1,20270616,1,20270617,1,20270618,1,20270621,1,20270622,1,20270623,1,20270624,1,20270625,1,20270628,1,20270629,1,20270630,1,20270702,1,20270705,1,20270706,1
'1314196',20260908,1,20260909,1,20260910,1,20260911,1,20260914,1,20260915,1,20260916,1,20260917,1,20260918,1,20260921,1,20260922,1,20260923,1,20260924,1,20260925,1,20260928,1,20260929,1,20260930,1,20261001,1,20261002,1,20261005,1,20261006,1,20261007,1,20261008,1,20261009,1,20261013,1,20261014,1,20261015,1,20261016,1,20261019,1,20261020,1,20261021,1,20261022,1,20261023,1,20261026,1,20261027,1,20261028,1,20261029,1,20261030,1,20261102,1,20261103,1,20261104,1,20261105,1,20261106,1,20261109,1,20261110,1,20261111,1,20261112,1,20261113,1,20261116,1,20261117,1,20261118,1,20261119,1,20261120,1,20261123,1,20261124,1,20261125,1,20261126,1,20261127,1,20261130,1,20261201,1,20261202,1,20261203,1,20261204,1,20261207,1,20261208,1,20261209,1,20261210,1,20261211,1,20261214,1,20261215,1,20261216,1,20261217,1,20261218,1,20261221,1,20261222,1,20261223,1,20261224,1,20261228,1,20261229,1,20261230,1,20261231,1,20270104,1,20270105,1,20270106,1,20270107,1,20270108,1,20270111,1,20270112,1,20270113,1,20270114,1,20270115,1,20270118,1,20270119,1,20270120,1,20270121,1,20270122,1,20270125,1,20270126,1,20270127,1,20270128,1,20270129,1,20270201,1,20270202,1,20270203,1,20270204,1,20270205,1,20270208,1,20270209,1,20270210,1,20270211,1,20270212,1,20270216,1,20270217,1,20270218,1,20270219,1,20270222,1,20270223,1,20270224,1,20270225,1,20270226,1,20270301,1,20270302,1,20270303,1,20270304,1,20270305,1,20270308,1,20270309,1,20270310,1,20270311,1,20270312,1,20270315,1,20270316,1,20270317,1,20270318,1,20270319,1,20270322,1,20270323,1,20270324,1,20270325,1,20270330,1,20270331,1,20270401,1,20270402,1,20270405,1,20270406,1,20270407,1,20270408,1,20270409,1,20270412,1,20270413,1,20270414,1,20270415,1,20270416,1,20270419,1,20270420,1,20270421,1,20270422,1,20270423,1,20270426,1,20270427,1,20270428,1,20270429,1,20270430,1,20270503,1,20270504,1,20270505,1,20270506,1,20270507,1,20270510,1,20270511,1,20270512,1,20270513,1,20270514,1,20270517,1,20270518,1,20270519,1,20270520,1,20270521,1,20270525,1,20270526,1,20270527,1,20270528,1,20270531,1,20270601,1,20270602,1,20270603,1,20270604,1,20270607,1,20270608,1,20270609,1,20270610,1,20270611,1,20270614,1,20270615,1,20270616,1,20270617,1,20270618,1,20270621,1,20270622,1,20270623,1,20270624,1,20270625,1,20270628,1,20270629,1,20270630,1,20270702,1,20270705,1,20270706,1
'1314197',20260908,1,20260909,1,20260910,1,20260911,1,20260914,1,20260915,1,20260916,1,20260917,1,20260918,1,20260921,1,20260922,1,20260923,1,20260924,1,20260925,1,20260928,1,20260929,1,20260930,1,20261001,1,20261002,1,20261005,1,20261006,1,20261007,1,20261008,1,20261009,1,20261013,1,20261014,1,20261015,1,20261016,1,20261019,1,20261020,1,20261021,1,20261022,1,20261023,1,20261026,1,20261027,1,20261028,1,20261029,1,20261030,1,20261102,1,20261103,1,20261104,1,20261105,1,20261106,1,20261109,1,20261110,1,20261111,1,20261112,1,20261113,1,20261116,1,20261117,1,20261118,1,20261119,1,20261120,1,20261123,1,20261124,1,20261125,1,20261126,1,20261127,1,20261130,1,20261201,1,20261202,1,20261203,1,20261204,1,20261207,1,20261208,1,20261209,1,20261210,1,20261211,1,20261214,1,20261215,1,20261216,1,20261217,1,20261218,1,20261221,1,20261222,1,20261223,1,20261224,1,20261228,1,20261229,1,20261230,1,20261231,1,20270104,1,20270105,1,20270106,1,20270107,1,20270108,1,20270111,1,20270112,1,20270113,1,20270114,1,20270115,1,20270118,1,20270119,1,20270120,1,20270121,1,20270122,1,20270125,1,20270126,1,20270127,1,20270128,1,20270129,1,20270201,1,20270202,1,20270203,1,20270204,1,20270205,1,20270208,1,20270209,1,20270210,1,20270211,1,20270212,1,20270216,1,20270217,1,20270218,1,20270219,1,20270222,1,20270223,1,20270224,1,20270225,1,20270226,1,20270301,1,20270302,1,20270303,1,20270304,1,20270305,1,20270308,1,20270309,1,20270310,1,20270311,1,20270312,1,20270315,1,20270316,1,20270317,1,20270318,1,20270319,1,20270322,1,20270323,1,20270324,1,20270325,1,20270330,1,20270331,1,20270401,1,20270402,1,20270405,1,20270406,1,20270407,1,20270408,1,20270409,1,20270412,1,20270413,1,20270414,1,20270415,1,20270416,1,20270419,1,20270420,1,20270421,1,20270422,1,20270423,1,20270426,1,20270427,1,20270428,1,20270429,1,20270430,1,20270503,1,20270504,1,20270505,1,20270506,1,20270507,1,20270510,1,20270511,1,20270512,1,20270513,1,20270514,1,20270517,1,20270518,1,20270519,1,20270520,1,20270521,1,20270525,1,20270526,1,20270527,1,20270528,1,20270531,1,20270601,1,20270602,1,20270603,1,20270604,1,20270607,1,20270608,1,20270609,1,20270610,1,20270611,1,20270614,1,20270615,1,20270616,1,20270617,1,20270618,1,20270621,1,20270622,1,20270623,1,20270624,1,20270625,1,20270628,1,20270629,1,20270630,1,20270702,1,20270705,1,20270706,1
'1314201',20260908,1,20260909,1,20260910,1,20260911,1,20260914,1,20260915,1,20260916,1,20260917,1,20260918,1,20260921,1,20260922,1,20260923,1,20260924,1,20260925,1,20260928,1,20260929,1,20260930,1,20261001,1,20261002,1,20261005,1,20261006,1,20261007,1,20261008,1,20261009,1,20261013,1,20261014,1,20261015,1,20261016,1,20261019,1,20261020,1,20261021,1,20261022,1,20261023,1,20261026,1,20261027,1,20261028,1,20261029,1,20261030,1,20261102,1,20261103,1,20261104,1,20261105,1,20261106,1,20261109,1,20261110,1,20261111,1,20261112,1,20261113,1,20261116,1,20261117,1,20261118,1,20261119,1,20261120,1,20261123,1,20261124,1,20261125,1,20261126,1,20261127,1,20261130,1,20261201,1,20261202,1,20261203,1,20261204,1,20261207,1,20261208,1,20261209,1,20261210,1,20261211,1,20261214,1,20261215,1,20261216,1,20261217,1,20261218,1,20261221,1,20261222,1,20261223,1,20261224,1,20261228,1,20261229,1,20261230,1,20261231,1,20270104,1,20270105,1,20270106,1,20270107,1,20270108,1,20270111,1,20270112,1,20270113,1,20270114,1,20270115,1,20270118,1,20270119,1,20270120,1,20270121,1,20270122,1,20270125,1,20270126,1,20270127,1,20270128,1,20270129,1,20270201,1,20270202,1,20270203,1,20270204,1,20270205,1,20270208,1,20270209,1,20270210,1,20270211,1,20270212,1,20270216,1,20270217,1,20270218,1,20270219,1,20270222,1,20270223,1,20270224,1,20270225,1,20270226,1,20270301,1,20270302,1,20270303,1,20270304,1,20270305,1,20270308,1,20270309,1,20270310,1,20270311,1,20270312,1,20270315,1,20270316,1,20270317,1,20270318,1,20270319,1,20270322,1,20270323,1,20270324,1,20270325,1,20270330,1,20270331,1,20270401,1,20270402,1,20270405,1,20270406,1,20270407,1,20270408,1,20270409,1,20270412,1,20270413,1,20270414,1,20270415,1,20270416,1,20270419,1,20270420,1,20270421,1,20270422,1,20270423,1,20270426,1,20270427,1,20270428,1,20270429,1,20270430,1,20270503,1,20270504,1,20270505,1,20270506,1,20270507,1,20270510,1,20270511,1,20270512,1,20270513,1,20270514,1,20270517,1,20270518,1,20270519,1,20270520,1,20270521,1,20270525,1,20270526,1,20270527,1,20270528,1,20270531,1,20270601,1,20270602,1,20270603,1,20270604,1,20270607,1,20270608,1,20270609,1,20270610,1,20270611,1,20270614,1,20270615,1,20270616,1,20270617,1,20270618,1,20270621,1,20270622,1,20270623,1,20270624,1,20270625,1,20270628,1,20270629,1,20270630,1,20270702,1,20270705,1,20270706,1
'1314204',20260912,1,20260919,1,20260926,1,20261003,1,20261010,1,20261017,1,20261024,1,20261031,1,20261107,1,20261114,1,20261121,1,20261128,1,20261205,1,20261212,1,20261219,1,20261226,1,20270102,1,20270109,1,20270116,1,20270123,1,20270130,1,20270206,1,20270213,1,20270220,1,20270227,1,20270306,1,20270313,1,20270320,1,20270327,1,20270403,1,20270410,1,20270417,1,20270424,1,20270501,1,20270508,1,20270515,1,20270522,1,20270529,1,20270605,1,20270612,1,20270619,1,20270626,1,20270703,1
'1314205',20260908,1,20260909,1,20260910,1,20260911,1,20260914,1,20260915,1,20260916,1,20260917,1,20260918,1,20260921,1,20260922,1,20260923,1,20260924,1,20260925,1,20260928,1,20260929,1,20260930,1,20261001,1,20261002,1,20261005,1,20261006,1,20261007,1,20261008,1,20261009,1,20261013,1,20261014,1,20261015,1,20261016,1,20261019,1,20261020,1,20261021,1,20261022,1,20261023,1,20261026,1,20261027,1,20261028,1,20261029,1,20261030,1,20261102,1,20261103,1,20261104,1,20261105,1,20261106,1,20261109,1,20261110,1,20261111,1,20261112,1,20261113,1,20261116,1,20261117,1,20261118,1,20261119,1,20261120,1,20261123,1,20261124,1,20261125,1,20261126,1,20261127,1,20261130,1,20261201,1,20261202,1,20261203,1,20261204,1,20261207,1,20261208,1,20261209,1,20261210,1,20261211,1,20261214,1,20261215,1,20261216,1,20261217,1,20261218,1,20261221,1,20261222,1,20261223,1,20261224,1,20261228,1,20261229,1,20261230,1,20261231,1,20270104,1,20270105,1,20270106,1,20270107,1,20270108,1,20270111,1,20270112,1,20270113,1,20270114,1,20270115,1,20270118,1,20270119,1,20270120,1,20270121,1,20270122,1,20270125,1,20270126,1,20270127,1,20270128,1,20270129,1,20270201,1,20270202,1,20270203,1,20270204,1,20270205,1,20270208,1,20270209,1,20270210,1,20270211,1,20270212,1,20270216,1,20270217,1,20270218,1,20270219,1,20270222,1,20270223,1,20270224,1,20270225,1,20270226,1,20270301,1,20270302,1,20270303,1,20270304,1,20270305,1,20270308,1,20270309,1,20270310,1,20270311,1,20270312,1,20270315,1,20270316,1,20270317,1,20270318,1,20270319,1,20270322,1,20270323,1,20270324,1,20270325,1,20270330,1,20270331,1,20270401,1,20270402,1,20270405,1,20270406,1,20270407,1,20270408,1,20270409,1,20270412,1,20270413,1,20270414,1,20270415,1,20270416,1,20270419,1,20270420,1,20270421,1,20270422,1,20270423,1,20270426,1,20270427,1,20270428,1,20270429,1,20270430,1,20270503,1,20270504,1,20270505,1,20270506,1,20270507,1,20270510,1,20270511,1,20270512,1,20270513,1,20270514,1,20270517,1,20270518,1,20270519,1,20270520,1,20270521,1,20270525,1,20270526,1,20270527,1,20270528,1,20270531,1,20270601,1,20270602,1,20270603,1,20270604,1,20270607,1,20270608,1,20270609,1,20270610,1,20270611,1,20270614,1,20270615,1,20270616,1,20270617,1,20270618,1,20270621,1,20270622,1,20270623,1,20270624,1,20270625,1,20270628,1,20270629,1,20270630,1,20270702,1,20270705,1,20270706,1
'1314209',20260908,1,20260909,1,20260910,1,20260911,1,20260914,1,20260915,1,20260916,1,20260917,1,20260918,1,20260921,1,20260922,1,20260923,1,20260924,1,20260925,1,20260928,1,20260929,1,20260930,1,20261001,1,20261002,1,20261005,1,20261006,1,20261007,1,20261008,1,20261009,1,20261013,1,20261014,1,20261015,1,20261016,1,20261019,1,20261020,1,20261021,1,20261022,1,20261023,1,20261026,1,20261027,1,20261028,1,20261029,1,20261030,1,20261102,1,20261103,1,20261104,1,20261105,1,20261106,1,20261109,1,20261110,1,20261111,1,20261112,1,20261113,1,20261116,1,20261117,1,20261118,1,20261119,1,20261120,1,20261123,1,20261124,1,20261125,1,20261126,1,20261127,1,20261130,1,20261201,1,20261202,1,20261203,1,20261204,1,20261207,1,20261208,1,20261209,1,20261210,1,20261211,1,20261214,1,20261215,1,20261216,1,20261217,1,20261218,1,20261221,1,20261222,1,20261223,1,20261224,1,20261228,1,20261229,1,20261230,1,20261231,1,20270104,1,20270105,1,20270106,1,20270107,1,20270108,1,20270111,1,20270112,1,20270113,1,20270114,1,20270115,1,20270118,1,20270119,1,20270120,1,20270121,1,20270122,1,20270125,1,20270126,1,20270127,1,20270128,1,20270129,1,20270201,1,20270202,1,20270203,1,20270204,1,20270205,1,20270208,1,20270209,1,20270210,1,20270211,1,20270212,1,20270216,1,20270217,1,20270218,1,20270219,1,20270222,1,20270223,1,20270224,1,20270225,1,20270226,1,20270301,1,20270302,1,20270303,1,20270304,1,20270305,1,20270308,1,20270309,1,20270310,1,20270311,1,20270312,1,20270315,1,20270316,1,20270317,1,20270318,1,20270319,1,20270322,1,20270323,1,20270324,1,20270325,1,20270330,1,20270331,1,20270401,1,20270402,1,20270405,1,20270406,1,20270407,1,20270408,1,20270409,1,20270412,1,20270413,1,20270414,1,20270415,1,20270416,1,20270419,1,20270420,1,20270421,1,20270422,1,20270423,1,20270426,1,20270427,1,20270428,1,20270429,1,20270430,1,20270503,1,20270504,1,20270505,1,20270506,1,20270507,1,20270510,1,20270511,1,20270512,1,20270513,1,20270514,1,20270517,1,20270518,1,20270519,1,20270520,1,20270521,1,20270525,1,20270526,1,20270527,1,20270528,1,20270531,1,20270601,1,20270602,1,20270603,1,20270604,1,20270607,1,20270608,1,20270609,1,20270610,1,20270611,1,20270614,1,20270615,1,20270616,1,20270617,1,20270618,1,20270621,1,20270622,1,20270623,1,20270624,1,20270625,1,20270628,1,20270629,1,20270630,1,20270702,1,20270705,1,20270706,1
'1314218',20260907,1,20260913,1,20260920,1,20260927,1,20261004,1,20261011,1,20261012,1,20261018,1,20261025,1,20261101,1,20261108,1,20261115,1,20261122,1,20261129,1,20261206,1,20261213,1,20261220,1,20261225,1,20261227,1,20270101,1,20270103,1,20270110,1,20270117,1,20270124,1,20270131,1,20270207,1,20270214,1,20270215,1,20270221,1,20270228,1,20270307,1,20270314,1,20270321,1,20270326,1,20270328,1,20270329,1,20270404,1,20270411,1,20270418,1,20270425,1,20270502,1,20270509,1,20270516,1,20270523,1,20270524,1,20270530,1,20270606,1,20270613,1,20270620,1,20270627,1,20270701,1,20270704,1
'1314220',20260908,1,20260909,1,20260910,1,20260911,1,20260914,1,20260915,1,20260916,1,20260917,1,20260918,1,20260921,1,20260922,1,20260923,1,20260924,1,20260925,1,20260928,1,20260929,1,20260930,1,20261001,1,20261002,1,20261005,1,20261006,1,20261007,1,20261008,1,20261009,1,20261013,1,20261014,1,20261015,1,20261016,1,20261019,1,20261020,1,20261021,1,20261022,1,20261023,1,20261026,1,20261027,1,20261028,1,20261029,1,20261030,1,20261102,1,20261103,1,20261104,1,20261105,1,20261106,1,20261109,1,20261110,1,20261111,1,20261112,1,20261113,1,20261116,1,20261117,1,20261118,1,20261119,1,20261120,1,20261123,1,20261124,1,20261125,1,20261126,1,20261127,1,20261130,1,20261201,1,20261202,1,20261203,1,20261204,1,20261207,1,20261208,1,20261209,1,20261210,1,20261211,1,20261214,1,20261215,1,20261216,1,20261217,1,20261218,1,20261221,1,20261222,1,20261223,1,20261224,1,20261228,1,20261229,1,20261230,1,20261231,1,20270104,1,20270105,1,20270106,1,20270107,1,20270108,1,20270111,1,20270112,1,20270113,1,20270114,1,20270115,1,20270118,1,20270119,1,20270120,1,20270121,1,20270122,1,20270125,1,20270126,1,20270127,1,20270128,1,20270129,1,20270201,1,20270202,1,20270203,1,20270204,1,20270205,1,20270208,1,20270209,1,20270210,1,20270211,1,20270212,1,20270216,1,20270217,1,20270218,1,20270219,1,20270222,1,20270223,1,20270224,1,20270225,1,20270226,1,20270301,1,20270302,1,20270303,1,20270304,1,20270305,1,20270308,1,20270309,1,20270310,1,20270311,1,20270312,1,20270315,1,20270316,1,20270317,1,20270318,1,20270319,1,20270322,1,20270323,1,20270324,1,20270325,1,20270330,1,20270331,1,20270401,1,20270402,1,20270405,1,20270406,1,20270407,1,20270408,1,20270409,1,20270412,1,20270413,1,20270414,1,20270415,1,20270416,1,20270419,1,20270420,1,20270421,1,20270422,1,20270423,1,20270426,1,20270427,1,20270428,1,20270429,1,20270430,1,20270503,1,20270504,1,20270505,1,20270506,1,20270507,1,20270510,1,20270511,1,20270512,1,20270513,1,20270514,1,20270517,1,20270518,1,20270519,1,20270520,1,20270521,1,20270525,1,20270526,1,20270527,1,20270528,1,20270531,1,20270601,1,20270602,1,20270603,1,20270604,1,20270607,1,20270608,1,20270609,1,20270610,1,20270611,1,20270614,1,20270615,1,20270616,1,20270617,1,20270618,1,20270621,1,20270622,1,20270623,1,20270624,1,20270625,1,20270628,1,20270629,1,20270630,1,20270702,1,20270705,1,20270706,1
'1314225',20260908,1,20260909,1,20260910,1,20260911,1,20260914,1,20260915,1,20260916,1,20260917,1,20260918,1,20260921,1,20260922,1,20260923,1,20260924,1,20260925,1,20260928,1,20260929,1,20260930,1,20261001,1,20261002,1,20261005,1,20261006,1,20261007,1,20261008,1,20261009,1,20261013,1,20261014,1,20261015,1,20261016,1,20261019,1,20261020,1,20261021,1,20261022,1,20261023,1,20261026,1,20261027,1,20261028,1,20261029,1,20261030,1,20261102,1,20261103,1,20261104,1,20261105,1,20261106,1,20261109,1,20261110,1,20261111,1,20261112,1,20261113,1,20261116,1,20261117,1,20261118,1,20261119,1,20261120,1,20261123,1,20261124,1,20261125,1,20261126,1,20261127,1,20261130,1,20261201,1,20261202,1,20261203,1,20261204,1,20261207,1,20261208,1,20261209,1,20261210,1,20261211,1,20261214,1,20261215,1,20261216,1,20261217,1,20261218,1,20261221,1,20261222,1,20261223,1,20261224,1,20261228,1,20261229,1,20261230,1,20261231,1,20270104,1,20270105,1,20270106,1,20270107,1,20270108,1,20270111,1,20270112,1,20270113,1,20270114,1,20270115,1,20270118,1,20270119,1,20270120,1,20270121,1,20270122,1,20270125,1,20270126,1,20270127,1,20270128,1,20270129,1,20270201,1,20270202,1,20270203,1,20270204,1,20270205,1,20270208,1,20270209,1,20270210,1,20270211,1,20270212,1,20270216,1,20270217,1,20270218,1,20270219,1,20270222,1,20270223,1,20270224,1,20270225,1,20270226,1,20270301,1,20270302,1,20270303,1,20270304,1,20270305,1,20270308,1,20270309,1,20270310,1,20270311,1,20270312,1,20270315,1,20270316,1,20270317,1,20270318,1,20270319,1,20270322,1,20270323,1,20270324,1,20270325,1,20270330,1,20270331,1,20270401,1,20270402,1,20270405,1,20270406,1,20270407,1,20270408,1,20270409,1,20270412,1,20270413,1,20270414,1,20270415,1,20270416,1,20270419,1,20270420,1,20270421,1,20270422,1,20270423,1,20270426,1,20270427,1,20270428,1,20270429,1,20270430,1,20270503,1,20270504,1,20270505,1,20270506,1,20270507,1,20270510,1,20270511,1,20270512,1,20270513,1,20270514,1,20270517,1,20270518,1,20270519,1,20270520,1,20270521,1,20270525,1,20270526,1,20270527,1,20270528,1,20270531,1,20270601,1,20270602,1,20270603,1,20270604,1,20270607,1,20270608,1,20270609,1,20270610,1,20270611,1,20270614,1,20270615,1,20270616,1,20270617,1,20270618,1,20270621,1,20270622,1,20270623,1,20270624,1,20270625,1,20270628,1,20270629,1,20270630,1,20270702,1,20270705,1,20270706,1
'1314228',20260908,1,20260909,1,20260910,1,20260911,1,20260914,1,20260915,1,20260916,1,20260917,1,20260918,1,20260921,1,20260922,1,20260923,1,20260924,1,20260925,1,20260928,1,20260929,1,20260930,1,20261001,1,20261002,1,20261005,1,20261006,1,20261007,1,20261008,1,20261009,1,20261013,1,20261014,1,20261015,1,20261016,1,20261019,1,20261020,1,20261021,1,20261022,1,20261023,1,20261026,1,20261027,1,20261028,1,20261029,1,20261030,1,20261102,1,20261103,1,20261104,1,20261105,1,20261106,1,20261109,1,20261110,1,20261111,1,20261112,1,20261113,1,20261116,1,20261117,1,20261118,1,20261119,1,20261120,1,20261123,1,20261124,1,20261125,1,20261126,1,20261127,1,20261130,1,20261201,1,20261202,1,20261203,1,20261204,1,20261207,1,20261208,1,20261209,1,20261210,1,20261211,1,20261214,1,20261215,1,20261216,1,20261217,1,20261218,1,20261221,1,20261222,1,20261223,1,20261224,1,20261228,1,20261229,1,20261230,1,20261231,1,20270104,1,20270105,1,20270106,1,20270107,1,20270108,1,20270111,1,20270112,1,20270113,1,20270114,1,20270115,1,20270118,1,20270119,1,20270120,1,20270121,1,20270122,1,20270125,1,20270126,1,20270127,1,20270128,1,20270129,1,20270201,1,20270202,1,20270203,1,20270204,1,20270205,1,20270208,1,20270209,1,20270210,1,20270211,1,20270212,1,20270216,1,20270217,1,20270218,1,20270219,1,20270222,1,20270223,1,20270224,1,20270225,1,20270226,1,20270301,1,20270302,1,20270303,1,20270304,1,20270305,1,20270308,1,20270309,1,20270310,1,20270311,1,20270312,1,20270315,1,20270316,1,20270317,1,20270318,1,20270319,1,20270322,1,20270323,1,20270324,1,20270325,1,20270330,1,20270331,1,20270401,1,20270402,1,20270405,1,20270406,1,20270407,1,20270408,1,20270409,1,20270412,1,20270413,1,20270414,1,20270415,1,20270416,1,20270419,1,20270420,1,20270421,1,20270422,1,20270423,1,20270426,1,20270427,1,20270428,1,20270429,1,20270430,1,20270503,1,20270504,1,20270505,1,20270506,1,20270507,1,20270510,1,20270511,1,20270512,1,20270513,1,20270514,1,20270517,1,20270518,1,20270519,1,20270520,1,20270521,1,20270525,1,20270526,1,20270527,1,20270528,1,20270531,1,20270601,1,20270602,1,20270603,1,20270604,1,20270607,1,20270608,1,20270609,1,20270610,1,20270611,1,20270614,1,20270615,1,20270616,1,20270617,1,20270618,1,20270621,1,20270622,1,20270623,1,20270624,1,20270625,1,20270628,1,20270629,1,20270630,1,20270702,1,20270705,1,20270706,1
'1314230',20260912,1,20260919,1,20260926,1,20261003,1,20261010,1,20261017,1,20261024,1,20261031,1,20261107,1,20261114,1,20261121,1,20261128,1,20261205,1,20261212,1,20261219,1,20261226,1,20270102,1,20270109,1,20270116,1,20270123,1,20270130,1,20270206,1,20270213,1,20270220,1,20270227,1,20270306,1,20270313,1,20270320,1,20270327,1,20270403,1,20270410,1,20270417,1,20270424,1,20270501,1,20270508,1,20270515,1,20270522,1,20270529,1,20270605,1,20270612,1,20270619,1,20270626,1,20270703,1
'1314232',20260908,1,20260909,1,20260910,1,20260911,1,20260914,1,20260915,1,20260916,1,20260917,1,20260918,1,20260921,1,20260922,1,20260923,1,20260924,1,20260925,1,20260928,1,20260929,1,20260930,1,20261001,1,20261002,1,20261005,1,20261006,1,20261007,1,20261008,1,20261009,1,20261013,1,20261014,1,20261015,1,20261016,1,20261019,1,20261020,1,20261021,1,20261022,1,20261023,1,20261026,1,20261027,1,20261028,1,20261029,1,20261030,1,20261102,1,20261103,1,20261104,1,20261105,1,20261106,1,20261109,1,20261110,1,20261111,1,20261112,1,20261113,1,20261116,1,20261117,1,20261118,1,20261119,1,20261120,1,20261123,1,20261124,1,20261125,1,20261126,1,20261127,1,20261130,1,20261201,1,20261202,1,20261203,1,20261204,1,20261207,1,20261208,1,20261209,1,20261210,1,20261211,1,20261214,1,20261215,1,20261216,1,20261217,1,20261218,1,20261221,1,20261222,1,20261223,1,20261224,1,20261228,1,20261229,1,20261230,1,20261231,1,20270104,1,20270105,1,20270106,1,20270107,1,20270108,1,20270111,1,20270112,1,20270113,1,20270114,1,20270115,1,20270118,1,20270119,1,20270120,1,20270121,1,20270122,1,20270125,1,20270126,1,20270127,1,20270128,1,20270129,1,20270201,1,20270202,1,20270203,1,20270204,1,20270205,1,20270208,1,20270209,1,20270210,1,20270211,1,20270212,1,20270216,1,20270217,1,20270218,1,20270219,1,20270222,1,20270223,1,20270224,1,20270225,1,20270226,1,20270301,1,20270302,1,20270303,1,20270304,1,20270305,1,20270308,1,20270309,1,20270310,1,20270311,1,20270312,1,20270315,1,20270316,1,20270317,1,20270318,1,20270319,1,20270322,1,20270323,1,20270324,1,20270325,1,20270330,1,20270331,1,20270401,1,20270402,1,20270405,1,20270406,1,20270407,1,20270408,1,20270409,1,20270412,1,20270413,1,20270414,1,20270415,1,20270416,1,20270419,1,20270420,1,20270421,1,20270422,1,20270423,1,20270426,1,20270427,1,20270428,1,20270429,1,20270430,1,20270503,1,20270504,1,20270505,1,20270506,1,20270507,1,20270510,1,20270511,1,20270512,1,20270513,1,20270514,1,20270517,1,20270518,1,20270519,1,20270520,1,20270521,1,20270525,1,20270526,1,20270527,1,20270528,1,20270531,1,20270601,1,20270602,1,20270603,1,20270604,1,20270607,1,20270608,1,20270609,1,20270610,1,20270611,1,20270614,1,20270615,1,20270616,1,20270617,1,20270618,1,20270621,1,20270622,1,20270623,1,20270624,1,20270625,1,20270628,1,20270629,1,20270630,1,20270702,1,20270705,1,20270706,1
'1314233',20260908,1,20260909,1,20260910,1,20260911,1,20260914,1,20260915,1,20260916,1,20260917,1,20260918,1,20260921,1,20260922,1,20260923,1,20260924,1,20260925,1,20260928,1,20260929,1,20260930,1,20261001,1,20261002,1,20261005,1,20261006,1,20261007,1,20261008,1,20261009,1,20261013,1,20261014,1,20261015,1,20261016,1,20261019,1,20261020,1,20261021,1,20261022,1,20261023,1,20261026,1,20261027,1,20261028,1,20261029,1,20261030,1,20261102,1,20261103,1,20261104,1,20261105,1,20261106,1,20261109,1,20261110,1,20261111,1,20261112,1,20261113,1,20261116,1,20261117,1,20261118,1,20261119,1,20261120,1,20261123,1,20261124,1,20261125,1,20261126,1,20261127,1,20261130,1,20261201,1,20261202,1,20261203,1,20261204,1,20261207,1,20261208,1,20261209,1,20261210,1,20261211,1,20261214,1,20261215,1,20261216,1,20261217,1,20261218,1,20261221,1,20261222,1,20261223,1,20261224,1,20261228,1,20261229,1,20261230,1,20261231,1,20270104,1,20270105,1,20270106,1,20270107,1,20270108,1,20270111,1,20270112,1,20270113,1,20270114,1,20270115,1,20270118,1,20270119,1,20270120,1,20270121,1,20270122,1,20270125,1,20270126,1,20270127,1,20270128,1,20270129,1,20270201,1,20270202,1,20270203,1,20270204,1,20270205,1,20270208,1,20270209,1,20270210,1,20270211,1,20270212,1,20270216,1,20270217,1,20270218,1,20270219,1,20270222,1,20270223,1,20270224,1,20270225,1,20270226,1,20270301,1,20270302,1,20270303,1,20270304,1,20270305,1,20270308,1,20270309,1,20270310,1,20270311,1,20270312,1,20270315,1,20270316,1,20270317,1,20270318,1,20270319,1,20270322,1,20270323,1,20270324,1,20270325,1,20270330,1,20270331,1,20270401,1,20270402,1,20270405,1,20270406,1,20270407,1,20270408,1,20270409,1,20270412,1,20270413,1,20270414,1,20270415,1,20270416,1,20270419,1,20270420,1,20270421,1,20270422,1,20270423,1,20270426,1,20270427,1,20270428,1,20270429,1,20270430,1,20270503,1,20270504,1,20270505,1,20270506,1,20270507,1,20270510,1,20270511,1,20270512,1,20270513,1,20270514,1,20270517,1,20270518,1,20270519,1,20270520,1,20270521,1,20270525,1,20270526,1,20270527,1,20270528,1,20270531,1,20270601,1,20270602,1,20270603,1,20270604,1,20270607,1,20270608,1,20270609,1,20270610,1,20270611,1,20270614,1,20270615,1,20270616,1,20270617,1,20270618,1,20270621,1,20270622,1,20270623,1,20270624,1,20270625,1,20270628,1,20270629,1,20270630,1,20270702,1,20270705,1,20270706,1
'1314234',20260908,1,20260909,1,20260910,1,20260911,1,20260914,1,20260915,1,20260916,1,20260917,1,20260918,1,20260921,1,20260922,1,20260923,1,20260924,1,20260925,1,20260928,1,20260929,1,20260930,1,20261001,1,20261002,1,20261005,1,20261006,1,20261007,1,20261008,1,20261009,1,20261013,1,20261014,1,20261015,1,20261016,1,20261019,1,20261020,1,20261021,1,20261022,1,20261023,1,20261026,1,20261027,1,20261028,1,20261029,1,20261030,1,20261102,1,20261103,1,20261104,1,20261105,1,20261106,1,20261109,1,20261110,1,20261111,1,20261112,1,20261113,1,20261116,1,20261117,1,20261118,1,20261119,1,20261120,1,20261123,1,20261124,1,20261125,1,20261126,1,20261127,1,20261130,1,20261201,1,20261202,1,20261203,1,20261204,1,20261207,1,20261208,1,20261209,1,20261210,1,20261211,1,20261214,1,20261215,1,20261216,1,20261217,1,20261218,1,20261221,1,20261222,1,20261223,1,20261224,1,20261228,1,20261229,1,20261230,1,20261231,1,20270104,1,20270105,1,20270106,1,20270107,1,20270108,1,20270111,1,20270112,1,20270113,1,20270114,1,20270115,1,20270118,1,20270119,1,20270120,1,20270121,1,20270122,1,20270125,1,20270126,1,20270127,1,20270128,1,20270129,1,20270201,1,20270202,1,20270203,1,20270204,1,20270205,1,20270208,1,20270209,1,20270210,1,20270211,1,20270212,1,20270216,1,20270217,1,20270218,1,20270219,1,20270222,1,20270223,1,20270224,1,20270225,1,20270226,1,20270301,1,20270302,1,20270303,1,20270304,1,20270305,1,20270308,1,20270309,1,20270310,1,20270311,1,20270312,1,20270315,1,20270316,1,20270317,1,20270318,1,20270319,1,20270322,1,20270323,1,20270324,1,20270325,1,20270330,1,20270331,1,20270401,1,20270402,1,20270405,1,20270406,1,20270407,1,20270408,1,20270409,1,20270412,1,20270413,1,20270414,1,20270415,1,20270416,1,20270419,1,20270420,1,20270421,1,20270422,1,20270423,1,20270426,1,20270427,1,20270428,1,20270429,1,20270430,1,20270503,1,20270504,1,20270505,1,20270506,1,20270507,1,20270510,1,20270511,1,20270512,1,20270513,1,20270514,1,20270517,1,20270518,1,20270519,1,20270520,1,20270521,1,20270525,1,20270526,1,20270527,1,20270528,1,20270531,1,20270601,1,20270602,1,20270603,1,20270604,1,20270607,1,20270608,1,20270609,1,20270610,1,20270611,1,20270614,1,20270615,1,20270616,1,20270617,1,20270618,1,20270621,1,20270622,1,20270623,1,20270624,1,20270625,1,20270628,1,20270629,1,20270630,1,20270702,1,20270705,1,20270706,1
'1314236',20260912,1,20260919,1,20260926,1,20261003,1,20261010,1,20261017,1,20261024,1,20261031,1,20261107,1,20261114,1,20261121,1,20261128,1,20261205,1,20261212,1,20261219,1,20261226,1,20270102,1,20270109,1,20270116,1,20270123,1,20270130,1,20270206,1,20270213,1,20270220,1,20270227,1,20270306,1,20270313,1,20270320,1,20270327,1,20270403,1,20270410,1,20270417,1,20270424,1,20270501,1,20270508,1,20270515,1,20270522,1,20270529,1,20270605,1,20270612,1,20270619,1,20270626,1,20270703,1
'1314237',20260908,1,20260909,1,20260910,1,20260911,1,20260914,1,20260915,1,20260916,1,20260917,1,20260918,1,20260921,1,20260922,1,20260923,1,20260924,1,20260925,1,20260928,1,20260929,1,20260930,1,20261001,1,20261002,1,20261005,1,20261006,1,20261007,1,20261008,1,20261009,1,20261013,1,20261014,1,20261015,1,20261016,1,20261019,1,20261020,1,20261021,1,20261022,1,20261023,1,20261026,1,20261027,1,20261028,1,20261029,1,20261030,1,20261102,1,20261103,1,20261104,1,20261105,1,20261106,1,20261109,1,20261110,1,20261111,1,20261112,1,20261113,1,20261116,1,20261117,1,20261118,1,20261119,1,20261120,1,20261123,1,20261124,1,20261125,1,20261126,1,20261127,1,20261130,1,20261201,1,20261202,1,20261203,1,20261204,1,20261207,1,20261208,1,20261209,1,20261210,1,20261211,1,20261214,1,20261215,1,20261216,1,20261217,1,20261218,1,20261221,1,20261222,1,20261223,1,20261224,1,20261228,1,20261229,1,20261230,1,20261231,1,20270104,1,20270105,1,20270106,1,20270107,1,20270108,1,20270111,1,20270112,1,20270113,1,20270114,1,20270115,1,20270118,1,20270119,1,20270120,1,20270121,1,20270122,1,20270125,1,20270126,1,20270127,1,20270128,1,20270129,1,20270201,1,20270202,1,20270203,1,20270204,1,20270205,1,20270208,1,20270209,1,20270210,1,20270211,1,20270212,1,20270216,1,20270217,1,20270218,1,20270219,1,20270222,1,20270223,1,20270224,1,20270225,1,20270226,1,20270301,1,20270302,1,20270303,1,20270304,1,20270305,1,20270308,1,20270309,1,20270310,1,20270311,1,20270312,1,20270315,1,20270316,1,20270317,1,20270318,1,20270319,1,20270322,1,20270323,1,20270324,1,20270325,1,20270330,1,20270331,1,20270401,1,20270402,1,20270405,1,20270406,1,20270407,1,20270408,1,20270409,1,20270412,1,20270413,1,20270414,1,20270415,1,20270416,1,20270419,1,20270420,1,20270421,1,20270422,1,20270423,1,20270426,1,20270427,1,20270428,1,20270429,1,20270430,1,20270503,1,20270504,1,20270505,1,20270506,1,20270507,1,20270510,1,20270511,1,20270512,1,20270513,1,20270514,1,20270517,1,20270518,1,20270519,1,20270520,1,20270521,1,20270525,1,20270526,1,20270527,1,20270528,1,20270531,1,20270601,1,20270602,1,20270603,1,20270604,1,20270607,1,20270608,1,20270609,1,20270610,1,20270611,1,20270614,1,20270615,1,20270616,1,20270617,1,20270618,1,20270621,1,20270622,1,20270623,1,20270624,1,20270625,1,20270628,1,20270629,1,20270630,1,20270702,1,20270705,1,20270706,1
'1314242',20260907,1,20260913,1,20260920,1,20260927,1,20261004,1,20261011,1,20261012,1,20261018,1,20261025,1,20261101,1,20261108,1,20261115,1,20261122,1,20261129,1,20261206,1,20261213,1,20261220,1,20261225,1,20261227,1,20270101,1,20270103,1,20270110,1,20270117,1,20270124,1,20270131,1,20270207,1,20270214,1,20270215,1,20270221,1,20270228,1,20270307,1,20270314,1,20270321,1,20270326,1,20270328,1,20270329,1,20270404,1,20270411,1,20270418,1,20270425,1,20270502,1,20270509,1,20270516,1,20270523,1,20270524,1,20270530,1,20270606,1,20270613,1,20270620,1,20270627,1,20270701,1,20270704,1
'1314249',20260908,1,20260909,1,20260910,1,20260911,1,20260914,1,20260915,1,20260916,1,20260917,1,20260918,1,20260921,1,20260922,1,20260923,1,20260924,1,20260925,1,20260928,1,20260929,1,20260930,1,20261001,1,20261002,1,20261005,1,20261006,1,20261007,1,20261008,1,20261009,1,20261013,1,20261014,1,20261015,1,20261016,1,20261019,1,20261020,1,20261021,1,20261022,1,20261023,1,20261026,1,20261027,1,20261028,1,20261029,1,20261030,1,20261102,1,20261103,1,20261104,1,20261105,1,20261106,1,20261109,1,20261110,1,20261111,1,20261112,1,20261113,1,20261116,1,20261117,1,20261118,1,20261119,1,20261120,1,20261123,1,20261124,1,20261125,1,20261126,1,20261127,1,20261130,1,20261201,1,20261202,1,20261203,1,20261204,1,20261207,1,20261208,1,20261209,1,20261210,1,20261211,1,20261214,1,20261215,1,20261216,1,20261217,1,20261218,1,20261221,1,20261222,1,20261223,1,20261224,1,20261228,1,20261229,1,20261230,1,20261231,1,20270104,1,20270105,1,20270106,1,20270107,1,20270108,1,20270111,1,20270112,1,20270113,1,20270114,1,20270115,1,20270118,1,20270119,1,20270120,1,20270121,1,20270122,1,20270125,1,20270126,1,20270127,1,20270128,1,20270129,1,20270201,1,20270202,1,20270203,1,20270204,1,20270205,1,20270208,1,20270209,1,20270210,1,20270211,1,20270212,1,20270216,1,20270217,1,20270218,1,20270219,1,20270222,1,20270223,1,20270224,1,20270225,1,20270226,1,20270301,1,20270302,1,20270303,1,20270304,1,20270305,1,20270308,1,20270309,1,20270310,1,20270311,1,20270312,1,20270315,1,20270316,1,20270317,1,20270318,1,20270319,1,20270322,1,20270323,1,20270324,1,20270325,1,20270330,1,20270331,1,20270401,1,20270402,1,20270405,1,20270406,1,20270407,1,20270408,1,20270409,1,20270412,1,20270413,1,20270414,1,20270415,1,20270416,1,20270419,1,20270420,1,20270421,1,20270422,1,20270423,1,20270426,1,20270427,1,20270428,1,20270429,1,20270430,1,20270503,1,20270504,1,20270505,1,20270506,1,20270507,1,20270510,1,20270511,1,20270512,1,20270513,1,20270514,1,20270517,1,20270518,1,20270519,1,20270520,1,20270521,1,20270525,1,20270526,1,20270527,1,20270528,1,20270531,1,20270601,1,20270602,1,20270603,1,20270604,1,20270607,1,20270608,1,20270609,1,20270610,1,20270611,1,20270614,1,20270615,1,20270616,1,20270617,1,20270618,1,20270621,1,20270622,1,20270623,1,20270624,1,20270625,1,20270628,1,20270629,1,20270630,1,20270702,1,20270705,1,20270706,1
'1314250',20260907,1,20260913,1,20260920,1,20260927,1,20261004,1,20261011,1,20261012,1,20261018,1,20261025,1,20261101,1,20261108,1,20261115,1,20261122,1,20261129,1,20261206,1,20261213,1,20261220,1,20261225,1,20261227,1,20270101,1,20270103,1,20270110,1,20270117,1,20270124,1,20270131,1,20270207,1,20270214,1,20270215,1,20270221,1,20270228,1,20270307,1,20270314,1,20270321,1,20270326,1,20270328,1,20270329,1,20270404,1,20270411,1,20270418,1,20270425,1,20270502,1,20270509,1,20270516,1,20270523,1,20270524,1,20270530,1,20270606,1,20270613,1,20270620,1,20270627,1,20270701,1,20270704,1
'1314255',20260908,1,20260909,1,20260910,1,20260911,1,20260914,1,20260915,1,20260916,1,20260917,1,20260918,1,20260921,1,20260922,1,20260923,1,20260924,1,20260925,1,20260928,1,20260929,1,20260930,1,20261001,1,20261002,1,20261005,1,20261006,1,20261007,1,20261008,1,20261009,1,20261013,1,20261014,1,20261015,1,20261016,1,20261019,1,20261020,1,20261021,1,20261022,1,20261023,1,20261026,1,20261027,1,20261028,1,20261029,1,20261030,1,20261102,1,20261103,1,20261104,1,20261105,1,20261106,1,20261109,1,20261110,1,20261111,1,20261112,1,20261113,1,20261116,1,20261117,1,20261118,1,20261119,1,20261120,1,20261123,1,20261124,1,20261125,1,20261126,1,20261127,1,20261130,1,20261201,1,20261202,1,20261203,1,20261204,1,20261207,1,20261208,1,20261209,1,20261210,1,20261211,1,20261214,1,20261215,1,20261216,1,20261217,1,20261218,1,20261221,1,20261222,1,20261223,1,20261224,1,20261228,1,20261229,1,20261230,1,20261231,1,20270104,1,20270105,1,20270106,1,20270107,1,20270108,1,20270111,1,20270112,1,20270113,1,20270114,1,20270115,1,20270118,1,20270119,1,20270120,1,20270121,1,20270122,1,20270125,1,20270126,1,20270127,1,20270128,1,20270129,1,20270201,1,20270202,1,20270203,1,20270204,1,20270205,1,20270208,1,20270209,1,20270210,1,20270211,1,20270212,1,20270216,1,20270217,1,20270218,1,20270219,1,20270222,1,20270223,1,20270224,1,20270225,1,20270226,1,20270301,1,20270302,1,20270303,1,20270304,1,20270305,1,20270308,1,20270309,1,20270310,1,20270311,1,20270312,1,20270315,1,20270316,1,20270317,1,20270318,1,20270319,1,20270322,1,20270323,1,20270324,1,20270325,1,20270330,1,20270331,1,20270401,1,20270402,1,20270405,1,20270406,1,20270407,1,20270408,1,20270409,1,20270412,1,20270413,1,20270414,1,20270415,1,20270416,1,20270419,1,20270420,1,20270421,1,20270422,1,20270423,1,20270426,1,20270427,1,20270428,1,20270429,1,20270430,1,20270503,1,20270504,1,20270505,1,20270506,1,20270507,1,20270510,1,20270511,1,20270512,1,20270513,1,20270514,1,20270517,1,20270518,1,20270519,1,20270520,1,20270521,1,20270525,1,20270526,1,20270527,1,20270528,1,20270531,1,20270601,1,20270602,1,20270603,1,20270604,1,20270607,1,20270608,1,20270609,1,20270610,1,20270611,1,20270614,1,20270615,1,20270616,1,20270617,1,20270618,1,20270621,1,20270622,1,20270623,1,20270624,1,20270625,1,20270628,1,20270629,1,20270630,1,20270702,1,20270705,1,20270706,1
'1314257',20260907,1,20260913,1,20260920,1,20260927,1,20261004,1,20261011,1,20261012,1,20261018,1,20261025,1,20261101,1,20261108,1,20261115,1,20261122,1,20261129,1,20261206,1,20261213,1,20261220,1,20261225,1,20261227,1,20270101,1,20270103,1,20270110,1,20270117,1,20270124,1,20270131,1,20270207,1,20270214,1,20270215,1,20270221,1,20270228,1,20270307,1,20270314,1,20270321,1,20270326,1,20270328,1,20270329,1,20270404,1,20270411,1,20270418,1,20270425,1,20270502,1,20270509,1,20270516,1,20270523,1,20270524,1,20270530,1,20270606,1,20270613,1,20270620,1,20270627,1,20270701,1,20270704,1
'1314259',20260908,1,20260909,1,20260910,1,20260911,1,20260914,1,20260915,1,20260916,1,20260917,1,20260918,1,20260921,1,20260922,1,20260923,1,20260924,1,20260925,1,20260928,1,20260929,1,20260930,1,20261001,1,20261002,1,20261005,1,20261006,1,20261007,1,20261008,1,20261009,1,20261013,1,20261014,1,20261015,1,20261016,1,20261019,1,20261020,1,20261021,1,20261022,1,20261023,1,20261026,1,20261027,1,20261028,1,20261029,1,20261030,1,20261102,1,20261103,1,20261104,1,20261105,1,20261106,1,20261109,1,20261110,1,20261111,1,20261112,1,20261113,1,20261116,1,20261117,1,20261118,1,20261119,1,20261120,1,20261123,1,20261124,1,20261125,1,20261126,1,20261127,1,20261130,1,20261201,1,20261202,1,20261203,1,20261204,1,20261207,1,20261208,1,20261209,1,20261210,1,20261211,1,20261214,1,20261215,1,20261216,1,20261217,1,20261218,1,20261221,1,20261222,1,20261223,1,20261224,1,20261228,1,20261229,1,20261230,1,20261231,1,20270104,1,20270105,1,20270106,1,20270107,1,20270108,1,20270111,1,20270112,1,20270113,1,20270114,1,20270115,1,20270118,1,20270119,1,20270120,1,20270121,1,20270122,1,20270125,1,20270126,1,20270127,1,20270128,1,20270129,1,20270201,1,20270202,1,20270203,1,20270204,1,20270205,1,20270208,1,20270209,1,20270210,1,20270211,1,20270212,1,20270216,1,20270217,1,20270218,1,20270219,1,20270222,1,20270223,1,20270224,1,20270225,1,20270226,1,20270301,1,20270302,1,20270303,1,20270304,1,20270305,1,20270308,1,20270309,1,20270310,1,20270311,1,20270312,1,20270315,1,20270316,1,20270317,1,20270318,1,20270319,1,20270322,1,20270323,1,20270324,1,20270325,1,20270330,1,20270331,1,20270401,1,20270402,1,20270405,1,20270406,1,20270407,1,20270408,1,20270409,1,20270412,1,20270413,1,20270414,1,20270415,1,20270416,1,20270419,1,20270420,1,20270421,1,20270422,1,20270423,1,20270426,1,20270427,1,20270428,1,20270429,1,20270430,1,20270503,1,20270504,1,20270505,1,20270506,1,20270507,1,20270510,1,20270511,1,20270512,1,20270513,1,20270514,1,20270517,1,20270518,1,20270519,1,20270520,1,20270521,1,20270525,1,20270526,1,20270527,1,20270528,1,20270531,1,20270601,1,20270602,1,20270603,1,20270604,1,20270607,1,20270608,1,20270609,1,20270610,1,20270611,1,20270614,1,20270615,1,20270616,1,20270617,1,20270618,1,20270621,1,20270622,1,20270623,1,20270624,1,20270625,1,20270628,1,20270629,1,20270630,1,20270702,1,20270705,1,20270706,1
'1314268',20260907,1,20260913,1,20260920,1,20260927,1,20261004,1,20261011,1,20261012,1,20261018,1,20261025,1,20261101,1,20261108,1,20261115,1,20261122,1,20261129,1,20261206,1,20261213,1,20261220,1,20261225,1,20261227,1,20270101,1,20270103,1,20270110,1,20270117,1,20270124,1,20270131,1,20270207,1,20270214,1,20270215,1,20270221,1,20270228,1,20270307,1,20270314,1,20270321,1,20270326,1,20270328,1,20270329,1,20270404,1,20270411,1,20270418,1,20270425,1,20270502,1,20270509,1,20270516,1,20270523,1,20270524,1,20270530,1,20270606,1,20270613,1,20270620,1,20270627,1,20270701,1,20270704,1
'1314269',20260908,1,20260909,1,20260910,1,20260911,1,20260914,1,20260915,1,20260916,1,20260917,1,20260918,1,20260921,1,20260922,1,20260923,1,20260924,1,20260925,1,20260928,1,20260929,1,20260930,1,20261001,1,20261002,1,20261005,1,20261006,1,20261007,1,20261008,1,20261009,1,20261013,1,20261014,1,20261015,1,20261016,1,20261019,1,20261020,1,20261021,1,20261022,1,20261023,1,20261026,1,20261027,1,20261028,1,20261029,1,20261030,1,20261102,1,20261103,1,20261104,1,20261105,1,20261106,1,20261109,1,20261110,1,20261111,1,20261112,1,20261113,1,20261116,1,20261117,1,20261118,1,20261119,1,20261120,1,20261123,1,20261124,1,20261125,1,20261126,1,20261127,1,20261130,1,20261201,1,20261202,1,20261203,1,20261204,1,20261207,1,20261208,1,20261209,1,20261210,1,20261211,1,20261214,1,20261215,1,20261216,1,20261217,1,20261218,1,20261221,1,20261222,1,20261223,1,20261224,1,20261228,1,20261229,1,20261230,1,20261231,1,20270104,1,20270105,1,20270106,1,20270107,1,20270108,1,20270111,1,20270112,1,20270113,1,20270114,1,20270115,1,20270118,1,20270119,1,20270120,1,20270121,1,20270122,1,20270125,1,20270126,1,20270127,1,20270128,1,20270129,1,20270201,1,20270202,1,20270203,1,20270204,1,20270205,1,20270208,1,20270209,1,20270210,1,20270211,1,20270212,1,20270216,1,20270217,1,20270218,1,20270219,1,20270222,1,20270223,1,20270224,1,20270225,1,20270226,1,20270301,1,20270302,1,20270303,1,20270304,1,20270305,1,20270308,1,20270309,1,20270310,1,20270311,1,20270312,1,20270315,1,20270316,1,20270317,1,20270318,1,20270319,1,20270322,1,20270323,1,20270324,1,20270325,1,20270330,1,20270331,1,20270401,1,20270402,1,20270405,1,20270406,1,20270407,1,20270408,1,20270409,1,20270412,1,20270413,1,20270414,1,20270415,1,20270416,1,20270419,1,20270420,1,20270421,1,20270422,1,20270423,1,20270426,1,20270427,1,20270428,1,20270429,1,20270430,1,20270503,1,20270504,1,20270505,1,20270506,1,20270507,1,20270510,1,20270511,1,20270512,1,20270513,1,20270514,1,20270517,1,20270518,1,20270519,1,20270520,1,20270521,1,20270525,1,20270526,1,20270527,1,20270528,1,20270531,1,20270601,1,20270602,1,20270603,1,20270604,1,20270607,1,20270608,1,20270609,1,20270610,1,20270611,1,20270614,1,20270615,1,20270616,1,20270617,1,20270618,1,20270621,1,20270622,1,20270623,1,20270624,1,20270625,1,20270628,1,20270629,1,20270630,1,20270702,1,20270705,1,20270706,1
'1314272',20260908,1,20260909,1,20260910,1,20260911,1,20260914,1,20260915,1,20260916,1,20260917,1,20260918,1,20260921,1,20260922,1,20260923,1,20260924,1,20260925,1,20260928,1,20260929,1,20260930,1,20261001,1,20261002,1,20261005,1,20261006,1,20261007,1,20261008,1,20261009,1,20261013,1,20261014,1,20261015,1,20261016,1,20261019,1,20261020,1,20261021,1,20261022,1,20261023,1,20261026,1,20261027,1,20261028,1,20261029,1,20261030,1,20261102,1,20261103,1,20261104,1,20261105,1,20261106,1,20261109,1,20261110,1,20261111,1,20261112,1,20261113,1,20261116,1,20261117,1,20261118,1,20261119,1,20261120,1,20261123,1,20261124,1,20261125,1,20261126,1,20261127,1,20261130,1,20261201,1,20261202,1,20261203,1,20261204,1,20261207,1,20261208,1,20261209,1,20261210,1,20261211,1,20261214,1,20261215,1,20261216,1,20261217,1,20261218,1,20261221,1,20261222,1,20261223,1,20261224,1,20261228,1,20261229,1,20261230,1,20261231,1,20270104,1,20270105,1,20270106,1,20270107,1,20270108,1,20270111,1,20270112,1,20270113,1,20270114,1,20270115,1,20270118,1,20270119,1,20270120,1,20270121,1,20270122,1,20270125,1,20270126,1,20270127,1,20270128,1,20270129,1,20270201,1,20270202,1,20270203,1,20270204,1,20270205,1,20270208,1,20270209,1,20270210,1,20270211,1,20270212,1,20270216,1,20270217,1,20270218,1,20270219,1,20270222,1,20270223,1,20270224,1,20270225,1,20270226,1,20270301,1,20270302,1,20270303,1,20270304,1,20270305,1,20270308,1,20270309,1,20270310,1,20270311,1,20270312,1,20270315,1,20270316,1,20270317,1,20270318,1,20270319,1,20270322,1,20270323,1,20270324,1,20270325,1,20270330,1,20270331,1,20270401,1,20270402,1,20270405,1,20270406,1,20270407,1,20270408,1,20270409,1,20270412,1,20270413,1,20270414,1,20270415,1,20270416,1,20270419,1,20270420,1,20270421,1,20270422,1,20270423,1,20270426,1,20270427,1,20270428,1,20270429,1,20270430,1,20270503,1,20270504,1,20270505,1,20270506,1,20270507,1,20270510,1,20270511,1,20270512,1,20270513,1,20270514,1,20270517,1,20270518,1,20270519,1,20270520,1,20270521,1,20270525,1,20270526,1,20270527,1,20270528,1,20270531,1,20270601,1,20270602,1,20270603,1,20270604,1,20270607,1,20270608,1,20270609,1,20270610,1,20270611,1,20270614,1,20270615,1,20270616,1,20270617,1,20270618,1,20270621,1,20270622,1,20270623,1,20270624,1,20270625,1,20270628,1,20270629,1,20270630,1,20270702,1,20270705,1,20270706,1
'1314276',20260908,1,20260909,1,20260910,1,20260911,1,20260914,1,20260915,1,20260916,1,20260917,1,20260918,1,20260921,1,20260922,1,20260923,1,20260924,1,20260925,1,20260928,1,20260929,1,20260930,1,20261001,1,20261002,1,20261005,1,20261006,1,20261007,1,20261008,1,20261009,1,20261013,1,20261014,1,20261015,1,20261016,1,20261019,1,20261020,1,20261021,1,20261022,1,20261023,1,20261026,1,20261027,1,20261028,1,20261029,1,20261030,1,20261102,1,20261103,1,20261104,1,20261105,1,20261106,1,20261109,1,20261110,1,20261111,1,20261112,1,20261113,1,20261116,1,20261117,1,20261118,1,20261119,1,20261120,1,20261123,1,20261124,1,20261125,1,20261126,1,20261127,1,20261130,1,20261201,1,20261202,1,20261203,1,20261204,1,20261207,1,20261208,1,20261209,1,20261210,1,20261211,1,20261214,1,20261215,1,20261216,1,20261217,1,20261218,1,20261221,1,20261222,1,20261223,1,20261224,1,20261228,1,20261229,1,20261230,1,20261231,1,20270104,1,20270105,1,20270106,1,20270107,1,20270108,1,20270111,1,20270112,1,20270113,1,20270114,1,20270115,1,20270118,1,20270119,1,20270120,1,20270121,1,20270122,1,20270125,1,20270126,1,20270127,1,20270128,1,20270129,1,20270201,1,20270202,1,20270203,1,20270204,1,20270205,1,20270208,1,20270209,1,20270210,1,20270211,1,20270212,1,20270216,1,20270217,1,20270218,1,20270219,1,20270222,1,20270223,1,20270224,1,20270225,1,20270226,1,20270301,1,20270302,1,20270303,1,20270304,1,20270305,1,20270308,1,20270309,1,20270310,1,20270311,1,20270312,1,20270315,1,20270316,1,20270317,1,20270318,1,20270319,1,20270322,1,20270323,1,20270324,1,20270325,1,20270330,1,20270331,1,20270401,1,20270402,1,20270405,1,20270406,1,20270407,1,20270408,1,20270409,1,20270412,1,20270413,1,20270414,1,20270415,1,20270416,1,20270419,1,20270420,1,20270421,1,20270422,1,20270423,1,20270426,1,20270427,1,20270428,1,20270429,1,20270430,1,20270503,1,20270504,1,20270505,1,20270506,1,20270507,1,20270510,1,20270511,1,20270512,1,20270513,1,20270514,1,20270517,1,20270518,1,20270519,1,20270520,1,20270521,1,20270525,1,20270526,1,20270527,1,20270528,1,20270531,1,20270601,1,20270602,1,20270603,1,20270604,1,20270607,1,20270608,1,20270609,1,20270610,1,20270611,1,20270614,1,20270615,1,20270616,1,20270617,1,20270618,1,20270621,1,20270622,1,20270623,1,20270624,1,20270625,1,20270628,1,20270629,1,20270630,1,20270702,1,20270705,1,20270706,1
'1314279',20260907,1,20260913,1,20260920,1,20260927,1,20261004,1,20261011,1,20261012,1,20261018,1,20261025,1,20261101,1,20261108,1,20261115,1,20261122,1,20261129,1,20261206,1,20261213,1,20261220,1,20261225,1,20261227,1,20270101,1,20270103,1,20270110,1,20270117,1,20270124,1,20270131,1,20270207,1,20270214,1,20270215,1,20270221,1,20270228,1,20270307,1,20270314,1,20270321,1,20270326,1,20270328,1,20270329,1,20270404,1,20270411,1,20270418,1,20270425,1,20270502,1,20270509,1,20270516,1,20270523,1,20270524,1,20270530,1,20270606,1,20270613,1,20270620,1,20270627,1,20270701,1,20270704,1
'1314280',20260908,1,20260909,1,20260910,1,20260911,1,20260914,1,20260915,1,20260916,1,20260917,1,20260918,1,20260921,1,20260922,1,20260923,1,20260924,1,20260925,1,20260928,1,20260929,1,20260930,1,20261001,1,20261002,1,20261005,1,20261006,1,20261007,1,20261008,1,20261009,1,20261013,1,20261014,1,20261015,1,20261016,1,20261019,1,20261020,1,20261021,1,20261022,1,20261023,1,20261026,1,20261027,1,20261028,1,20261029,1,20261030,1,20261102,1,20261103,1,20261104,1,20261105,1,20261106,1,20261109,1,20261110,1,20261111,1,20261112,1,20261113,1,20261116,1,20261117,1,20261118,1,20261119,1,20261120,1,20261123,1,20261124,1,20261125,1,20261126,1,20261127,1,20261130,1,20261201,1,20261202,1,20261203,1,20261204,1,20261207,1,20261208,1,20261209,1,20261210,1,20261211,1,20261214,1,20261215,1,20261216,1,20261217,1,20261218,1,20261221,1,20261222,1,20261223,1,20261224,1,20261228,1,20261229,1,20261230,1,20261231,1,20270104,1,20270105,1,20270106,1,20270107,1,20270108,1,20270111,1,20270112,1,20270113,1,20270114,1,20270115,1,20270118,1,20270119,1,20270120,1,20270121,1,20270122,1,20270125,1,20270126,1,20270127,1,20270128,1,20270129,1,20270201,1,20270202,1,20270203,1,20270204,1,20270205,1,20270208,1,20270209,1,20270210,1,20270211,1,20270212,1,20270216,1,20270217,1,20270218,1,20270219,1,20270222,1,20270223,1,20270224,1,20270225,1,20270226,1,20270301,1,20270302,1,20270303,1,20270304,1,20270305,1,20270308,1,20270309,1,20270310,1,20270311,1,20270312,1,20270315,1,20270316,1,20270317,1,20270318,1,20270319,1,20270322,1,20270323,1,20270324,1,20270325,1,20270330,1,20270331,1,20270401,1,20270402,1,20270405,1,20270406,1,20270407,1,20270408,1,20270409,1,20270412,1,20270413,1,20270414,1,20270415,1,20270416,1,20270419,1,20270420,1,20270421,1,20270422,1,20270423,1,20270426,1,20270427,1,20270428,1,20270429,1,20270430,1,20270503,1,20270504,1,20270505,1,20270506,1,20270507,1,20270510,1,20270511,1,20270512,1,20270513,1,20270514,1,20270517,1,20270518,1,20270519,1,20270520,1,20270521,1,20270525,1,20270526,1,20270527,1,20270528,1,20270531,1,20270601,1,20270602,1,20270603,1,20270604,1,20270607,1,20270608,1,20270609,1,20270610,1,20270611,1,20270614,1,20270615,1,20270616,1,20270617,1,20270618,1,20270621,1,20270622,1,20270623,1,20270624,1,20270625,1,20270628,1,20270629,1,20270630,1,20270702,1,20270705,1,20270706,1
'1314282',20260908,1,20260909,1,20260910,1,20260911,1,20260914,1,20260915,1,20260916,1,20260917,1,20260918,1,20260921,1,20260922,1,20260923,1,20260924,1,20260925,1,20260928,1,20260929,1,20260930,1,20261001,1,20261002,1,20261005,1,20261006,1,20261007,1,20261008,1,20261009,1,20261013,1,20261014,1,20261015,1,20261016,1,20261019,1,20261020,1,20261021,1,20261022,1,20261023,1,20261026,1,20261027,1,20261028,1,20261029,1,20261030,1,20261102,1,20261103,1,20261104,1,20261105,1,20261106,1,20261109,1,20261110,1,20261111,1,20261112,1,20261113,1,20261116,1,20261117,1,20261118,1,20261119,1,20261120,1,20261123,1,20261124,1,20261125,1,20261126,1,20261127,1,20261130,1,20261201,1,20261202,1,20261203,1,20261204,1,20261207,1,20261208,1,20261209,1,20261210,1,20261211,1,20261214,1,20261215,1,20261216,1,20261217,1,20261218,1,20261221,1,20261222,1,20261223,1,20261224,1,20261228,1,20261229,1,20261230,1,20261231,1,20270104,1,20270105,1,20270106,1,20270107,1,20270108,1,20270111,1,20270112,1,20270113,1,20270114,1,20270115,1,20270118,1,20270119,1,20270120,1,20270121,1,20270122,1,20270125,1,20270126,1,20270127,1,20270128,1,20270129,1,20270201,1,20270202,1,20270203,1,20270204,1,20270205,1,20270208,1,20270209,1,20270210,1,20270211,1,20270212,1,20270216,1,20270217,1,20270218,1,20270219,1,20270222,1,20270223,1,20270224,1,20270225,1,20270226,1,20270301,1,20270302,1,20270303,1,20270304,1,20270305,1,20270308,1,20270309,1,20270310,1,20270311,1,20270312,1,20270315,1,20270316,1,20270317,1,20270318,1,20270319,1,20270322,1,20270323,1,20270324,1,20270325,1,20270330,1,20270331,1,20270401,1,20270402,1,20270405,1,20270406,1,20270407,1,20270408,1,20270409,1,20270412,1,20270413,1,20270414,1,20270415,1,20270416,1,20270419,1,20270420,1,20270421,1,20270422,1,20270423,1,20270426,1,20270427,1,20270428,1,20270429,1,20270430,1,20270503,1,20270504,1,20270505,1,20270506,1,20270507,1,20270510,1,20270511,1,20270512,1,20270513,1,20270514,1,20270517,1,20270518,1,20270519,1,20270520,1,20270521,1,20270525,1,20270526,1,20270527,1,20270528,1,20270531,1,20270601,1,20270602,1,20270603,1,20270604,1,20270607,1,20270608,1,20270609,1,20270610,1,20270611,1,20270614,1,20270615,1,20270616,1,20270617,1,20270618,1,20270621,1,20270622,1,20270623,1,20270624,1,20270625,1,20270628,1,20270629,1,20270630,1,20270702,1,20270705,1,20270706,1
'1314283',20260908,1,20260909,1,20260910,1,20260911,1,20260914,1,20260915,1,20260916,1,20260917,1,20260918,1,20260921,1,20260922,1,20260923,1,20260924,1,20260925,1,20260928,1,20260929,1,20260930,1,20261001,1,20261002,1,20261005,1,20261006,1,20261007,1,20261008,1,20261009,1,20261013,1,20261014,1,20261015,1,20261016,1,20261019,1,20261020,1,20261021,1,20261022,1,20261023,1,20261026,1,20261027,1,20261028,1,20261029,1,20261030,1,20261102,1,20261103,1,20261104,1,20261105,1,20261106,1,20261109,1,20261110,1,20261111,1,20261112,1,20261113,1,20261116,1,20261117,1,20261118,1,20261119,1,20261120,1,20261123,1,20261124,1,20261125,1,20261126,1,20261127,1,20261130,1,20261201,1,20261202,1,20261203,1,20261204,1,20261207,1,20261208,1,20261209,1,20261210,1,20261211,1,20261214,1,20261215,1,20261216,1,20261217,1,20261218,1,20261221,1,20261222,1,20261223,1,20261224,1,20261228,1,20261229,1,20261230,1,20261231,1,20270104,1,20270105,1,20270106,1,20270107,1,20270108,1,20270111,1,20270112,1,20270113,1,20270114,1,20270115,1,20270118,1,20270119,1,20270120,1,20270121,1,20270122,1,20270125,1,20270126,1,20270127,1,20270128,1,20270129,1,20270201,1,20270202,1,20270203,1,20270204,1,20270205,1,20270208,1,20270209,1,20270210,1,20270211,1,20270212,1,20270216,1,20270217,1,20270218,1,20270219,1,20270222,1,20270223,1,20270224,1,20270225,1,20270226,1,20270301,1,20270302,1,20270303,1,20270304,1,20270305,1,20270308,1,20270309,1,20270310,1,20270311,1,20270312,1,20270315,1,20270316,1,20270317,1,20270318,1,20270319,1,20270322,1,20270323,1,20270324,1,20270325,1,20270330,1,20270331,1,20270401,1,20270402,1,20270405,1,20270406,1,20270407,1,20270408,1,20270409,1,20270412,1,20270413,1,20270414,1,20270415,1,20270416,1,20270419,1,20270420,1,20270421,1,20270422,1,20270423,1,20270426,1,20270427,1,20270428,1,20270429,1,20270430,1,20270503,1,20270504,1,20270505,1,20270506,1,20270507,1,20270510,1,20270511,1,20270512,1,20270513,1,20270514,1,20270517,1,20270518,1,20270519,1,20270520,1,20270521,1,20270525,1,20270526,1,20270527,1,20270528,1,20270531,1,20270601,1,20270602,1,20270603,1,20270604,1,20270607,1,20270608,1,20270609,1,20270610,1,20270611,1,20270614,1,20270615,1,20270616,1,20270617,1,20270618,1,20270621,1,20270622,1,20270623,1,20270624,1,20270625,1,20270628,1,20270629,1,20270630,1,20270702,1,20270705,1,20270706,1
'1314288',20260908,1,20260909,1,20260910,1,20260911,1,20260914,1,20260915,1,20260916,1,20260917,1,20260918,1,20260921,1,20260922,1,20260923,1,20260924,1,20260925,1,20260928,1,20260929,1,20260930,1,20261001,1,20261002,1,20261005,1,20261006,1,20261007,1,20261008,1,20261009,1,20261013,1,20261014,1,20261015,1,20261016,1,20261019,1,20261020,1,20261021,1,20261022,1,20261023,1,20261026,1,20261027,1,20261028,1,20261029,1,20261030,1,20261102,1,20261103,1,20261104,1,20261105,1,20261106,1,20261109,1,20261110,1,20261111,1,20261112,1,20261113,1,20261116,1,20261117,1,20261118,1,20261119,1,20261120,1,20261123,1,20261124,1,20261125,1,20261126,1,20261127,1,20261130,1,20261201,1,20261202,1,20261203,1,20261204,1,20261207,1,20261208,1,20261209,1,20261210,1,20261211,1,20261214,1,20261215,1,20261216,1,20261217,1,20261218,1,20261221,1,20261222,1,20261223,1,20261224,1,20261228,1,20261229,1,20261230,1,20261231,1,20270104,1,20270105,1,20270106,1,20270107,1,20270108,1,20270111,1,20270112,1,20270113,1,20270114,1,20270115,1,20270118,1,20270119,1,20270120,1,20270121,1,20270122,1,20270125,1,20270126,1,20270127,1,20270128,1,20270129,1,20270201,1,20270202,1,20270203,1,20270204,1,20270205,1,20270208,1,20270209,1,20270210,1,20270211,1,20270212,1,20270216,1,20270217,1,20270218,1,20270219,1,20270222,1,20270223,1,20270224,1,20270225,1,20270226,1,20270301,1,20270302,1,20270303,1,20270304,1,20270305,1,20270308,1,20270309,1,20270310,1,20270311,1,20270312,1,20270315,1,20270316,1,20270317,1,20270318,1,20270319,1,20270322,1,20270323,1,20270324,1,20270325,1,20270330,1,20270331,1,20270401,1,20270402,1,20270405,1,20270406,1,20270407,1,20270408,1,20270409,1,20270412,1,20270413,1,20270414,1,20270415,1,20270416,1,20270419,1,20270420,1,20270421,1,20270422,1,20270423,1,20270426,1,20270427,1,20270428,1,20270429,1,20270430,1,20270503,1,20270504,1,20270505,1,20270506,1,20270507,1,20270510,1,20270511,1,20270512,1,20270513,1,20270514,1,20270517,1,20270518,1,20270519,1,20270520,1,20270521,1,20270525,1,20270526,1,20270527,1,20270528,1,20270531,1,20270601,1,20270602,1,20270603,1,20270604,1,20270607,1,20270608,1,20270609,1,20270610,1,20270611,1,20270614,1,20270615,1,20270616,1,20270617,1,20270618,1,20270621,1,20270622,1,20270623,1,20270624,1,20270625,1,20270628,1,20270629,1,20270630,1,20270702,1,20270705,1,20270706,1
'1314299',20260908,1,20260909,1,20260910,1,20260911,1,20260914,1,20260915,1,20260916,1,20260917,1,20260918,1,20260921,1,20260922,1,20260923,1,20260924,1,20260925,1,20260928,1,20260929,1,20260930,1,20261001,1,20261002,1,20261005,1,20261006,1,20261007,1,20261008,1,20261009,1,20261013,1,20261014,1,20261015,1,20261016,1,20261019,1,20261020,1,20261021,1,20261022,1,20261023,1,20261026,1,20261027,1,20261028,1,20261029,1,20261030,1,20261102,1,20261103,1,20261104,1,20261105,1,20261106,1,20261109,1,20261110,1,20261111,1,20261112,1,20261113,1,20261116,1,20261117,1,20261118,1,20261119,1,20261120,1,20261123,1,20261124,1,20261125,1,20261126,1,20261127,1,20261130,1,20261201,1,20261202,1,20261203,1,20261204,1,20261207,1,20261208,1,20261209,1,20261210,1,20261211,1,20261214,1,20261215,1,20261216,1,20261217,1,20261218,1,20261221,1,20261222,1,20261223,1,20261224,1,20261228,1,20261229,1,20261230,1,20261231,1,20270104,1,20270105,1,20270106,1,20270107,1,20270108,1,20270111,1,20270112,1,20270113,1,20270114,1,20270115,1,20270118,1,20270119,1,20270120,1,20270121,1,20270122,1,20270125,1,20270126,1,20270127,1,20270128,1,20270129,1,20270201,1,20270202,1,20270203,1,20270204,1,20270205,1,20270208,1,20270209,1,20270210,1,20270211,1,20270212,1,20270216,1,20270217,1,20270218,1,20270219,1,20270222,1,20270223,1,20270224,1,20270225,1,20270226,1,20270301,1,20270302,1,20270303,1,20270304,1,20270305,1,20270308,1,20270309,1,20270310,1,20270311,1,20270312,1,20270315,1,20270316,1,20270317,1,20270318,1,20270319,1,20270322,1,20270323,1,20270324,1,20270325,1,20270330,1,20270331,1,20270401,1,20270402,1,20270405,1,20270406,1,20270407,1,20270408,1,20270409,1,20270412,1,20270413,1,20270414,1,20270415,1,20270416,1,20270419,1,20270420,1,20270421,1,20270422,1,20270423,1,20270426,1,20270427,1,20270428,1,20270429,1,20270430,1,20270503,1,20270504,1,20270505,1,20270506,1,20270507,1,20270510,1,20270511,1,20270512,1,20270513,1,20270514,1,20270517,1,20270518,1,20270519,1,20270520,1,20270521,1,20270525,1,20270526,1,20270527,1,20270528,1,20270531,1,20270601,1,20270602,1,20270603,1,20270604,1,20270607,1,20270608,1,20270609,1,20270610,1,20270611,1,20270614,1,20270615,1,20270616,1,20270617,1,20270618,1,20270621,1,20270622,1,20270623,1,20270624,1,20270625,1,20270628,1,20270629,1,20270630,1,20270702,1,20270705,1,20270706,1
'1314300',20260908,1,20260909,1,20260910,1,20260911,1,20260914,1,20260915,1,20260916,1,20260917,1,20260918,1,20260921,1,20260922,1,20260923,1,20260924,1,20260925,1,20260928,1,20260929,1,20260930,1,20261001,1,20261002,1,20261005,1,20261006,1,20261007,1,20261008,1,20261009,1,20261013,1,20261014,1,20261015,1,20261016,1,20261019,1,20261020,1,20261021,1,20261022,1,20261023,1,20261026,1,20261027,1,20261028,1,20261029,1,20261030,1,20261102,1,20261103,1,20261104,1,20261105,1,20261106,1,20261109,1,20261110,1,20261111,1,20261112,1,20261113,1,20261116,1,20261117,1,20261118,1,20261119,1,20261120,1,20261123,1,20261124,1,20261125,1,20261126,1,20261127,1,20261130,1,20261201,1,20261202,1,20261203,1,20261204,1,20261207,1,20261208,1,20261209,1,20261210,1,20261211,1,20261214,1,20261215,1,20261216,1,20261217,1,20261218,1,20261221,1,20261222,1,20261223,1,20261224,1,20261228,1,20261229,1,20261230,1,20261231,1,20270104,1,20270105,1,20270106,1,20270107,1,20270108,1,20270111,1,20270112,1,20270113,1,20270114,1,20270115,1,20270118,1,20270119,1,20270120,1,20270121,1,20270122,1,20270125,1,20270126,1,20270127,1,20270128,1,20270129,1,20270201,1,20270202,1,20270203,1,20270204,1,20270205,1,20270208,1,20270209,1,20270210,1,20270211,1,20270212,1,20270216,1,20270217,1,20270218,1,20270219,1,20270222,1,20270223,1,20270224,1,20270225,1,20270226,1,20270301,1,20270302,1,20270303,1,20270304,1,20270305,1,20270308,1,20270309,1,20270310,1,20270311,1,20270312,1,20270315,1,20270316,1,20270317,1,20270318,1,20270319,1,20270322,1,20270323,1,20270324,1,20270325,1,20270330,1,20270331,1,20270401,1,20270402,1,20270405,1,20270406,1,20270407,1,20270408,1,20270409,1,20270412,1,20270413,1,20270414,1,20270415,1,20270416,1,20270419,1,20270420,1,20270421,1,20270422,1,20270423,1,20270426,1,20270427,1,20270428,1,20270429,1,20270430,1,20270503,1,20270504,1,20270505,1,20270506,1,20270507,1,20270510,1,20270511,1,20270512,1,20270513,1,20270514,1,20270517,1,20270518,1,20270519,1,20270520,1,20270521,1,20270525,1,20270526,1,20270527,1,20270528,1,20270531,1,20270601,1,20270602,1,20270603,1,20270604,1,20270607,1,20270608,1,20270609,1,20270610,1,20270611,1,20270614,1,20270615,1,20270616,1,20270617,1,20270618,1,20270621,1,20270622,1,20270623,1,20270624,1,20270625,1,20270628,1,20270629,1,20270630,1,20270702,1,20270705,1,20270706,1
'1314302',20260908,1,20260909,1,20260910,1,20260911,1,20260914,1,20260915,1,20260916,1,20260917,1,20260918,1,20260921,1,20260922,1,20260923,1,20260924,1,20260925,1,20260928,1,20260929,1,20260930,1,20261001,1,20261002,1,20261005,1,20261006,1,20261007,1,20261008,1,20261009,1,20261013,1,20261014,1,20261015,1,20261016,1,20261019,1,20261020,1,20261021,1,20261022,1,20261023,1,20261026,1,20261027,1,20261028,1,20261029,1,20261030,1,20261102,1,20261103,1,20261104,1,20261105,1,20261106,1,20261109,1,20261110,1,20261111,1,20261112,1,20261113,1,20261116,1,20261117,1,20261118,1,20261119,1,20261120,1,20261123,1,20261124,1,20261125,1,20261126,1,20261127,1,20261130,1,20261201,1,20261202,1,20261203,1,20261204,1,20261207,1,20261208,1,20261209,1,20261210,1,20261211,1,20261214,1,20261215,1,20261216,1,20261217,1,20261218,1,20261221,1,20261222,1,20261223,1,20261224,1,20261228,1,20261229,1,20261230,1,20261231,1,20270104,1,20270105,1,20270106,1,20270107,1,20270108,1,20270111,1,20270112,1,20270113,1,20270114,1,20270115,1,20270118,1,20270119,1,20270120,1,20270121,1,20270122,1,20270125,1,20270126,1,20270127,1,20270128,1,20270129,1,20270201,1,20270202,1,20270203,1,20270204,1,20270205,1,20270208,1,20270209,1,20270210,1,20270211,1,20270212,1,20270216,1,20270217,1,20270218,1,20270219,1,20270222,1,20270223,1,20270224,1,20270225,1,20270226,1,20270301,1,20270302,1,20270303,1,20270304,1,20270305,1,20270308,1,20270309,1,20270310,1,20270311,1,20270312,1,20270315,1,20270316,1,20270317,1,20270318,1,20270319,1,20270322,1,20270323,1,20270324,1,20270325,1,20270330,1,20270331,1,20270401,1,20270402,1,20270405,1,20270406,1,20270407,1,20270408,1,20270409,1,20270412,1,20270413,1,20270414,1,20270415,1,20270416,1,20270419,1,20270420,1,20270421,1,20270422,1,20270423,1,20270426,1,20270427,1,20270428,1,20270429,1,20270430,1,20270503,1,20270504,1,20270505,1,20270506,1,20270507,1,20270510,1,20270511,1,20270512,1,20270513,1,20270514,1,20270517,1,20270518,1,20270519,1,20270520,1,20270521,1,20270525,1,20270526,1,20270527,1,20270528,1,20270531,1,20270601,1,20270602,1,20270603,1,20270604,1,20270607,1,20270608,1,20270609,1,20270610,1,20270611,1,20270614,1,20270615,1,20270616,1,20270617,1,20270618,1,20270621,1,20270622,1,20270623,1,20270624,1,20270625,1,20270628,1,20270629,1,20270630,1,20270702,1,20270705,1,20270706,1
'1314304',20260908,1,20260909,1,20260910,1,20260911,1,20260914,1,20260915,1,20260916,1,20260917,1,20260918,1,20260921,1,20260922,1,20260923,1,20260924,1,20260925,1,20260928,1,20260929,1,20260930,1,20261001,1,20261002,1,20261005,1,20261006,1,20261007,1,20261008,1,20261009,1,20261013,1,20261014,1,20261015,1,20261016,1,20261019,1,20261020,1,20261021,1,20261022,1,20261023,1,20261026,1,20261027,1,20261028,1,20261029,1,20261030,1,20261102,1,20261103,1,20261104,1,20261105,1,20261106,1,20261109,1,20261110,1,20261111,1,20261112,1,20261113,1,20261116,1,20261117,1,20261118,1,20261119,1,20261120,1,20261123,1,20261124,1,20261125,1,20261126,1,20261127,1,20261130,1,20261201,1,20261202,1,20261203,1,20261204,1,20261207,1,20261208,1,20261209,1,20261210,1,20261211,1,20261214,1,20261215,1,20261216,1,20261217,1,20261218,1,20261221,1,20261222,1,20261223,1,20261224,1,20261228,1,20261229,1,20261230,1,20261231,1,20270104,1,20270105,1,20270106,1,20270107,1,20270108,1,20270111,1,20270112,1,20270113,1,20270114,1,20270115,1,20270118,1,20270119,1,20270120,1,20270121,1,20270122,1,20270125,1,20270126,1,20270127,1,20270128,1,20270129,1,20270201,1,20270202,1,20270203,1,20270204,1,20270205,1,20270208,1,20270209,1,20270210,1,20270211,1,20270212,1,20270216,1,20270217,1,20270218,1,20270219,1,20270222,1,20270223,1,20270224,1,20270225,1,20270226,1,20270301,1,20270302,1,20270303,1,20270304,1,20270305,1,20270308,1,20270309,1,20270310,1,20270311,1,20270312,1,20270315,1,20270316,1,20270317,1,20270318,1,20270319,1,20270322,1,20270323,1,20270324,1,20270325,1,20270330,1,20270331,1,20270401,1,20270402,1,20270405,1,20270406,1,20270407,1,20270408,1,20270409,1,20270412,1,20270413,1,20270414,1,20270415,1,20270416,1,20270419,1,20270420,1,20270421,1,20270422,1,20270423,1,20270426,1,20270427,1,20270428,1,20270429,1,20270430,1,20270503,1,20270504,1,20270505,1,20270506,1,20270507,1,20270510,1,20270511,1,20270512,1,20270513,1,20270514,1,20270517,1,20270518,1,20270519,1,20270520,1,20270521,1,20270525,1,20270526,1,20270527,1,20270528,1,20270531,1,20270601,1,20270602,1,20270603,1,20270604,1,20270607,1,20270608,1,20270609,1,20270610,1,20270611,1,20270614,1,20270615,1,20270616,1,20270617,1,20270618,1,20270621,1,20270622,1,20270623,1,20270624,1,20270625,1,20270628,1,20270629,1,20270630,1,20270702,1,20270705,1,20270706,1
'1314305',20260908,1,20260909,1,20260910,1,20260911,1,20260914,1,20260915,1,20260916,1,20260917,1,20260918,1,20260921,1,20260922,1,20260923,1,20260924,1,20260925,1,20260928,1,20260929,1,20260930,1,20261001,1,20261002,1,20261005,1,20261006,1,20261007,1,20261008,1,20261009,1,20261013,1,20261014,1,20261015,1,20261016,1,20261019,1,20261020,1,20261021,1,20261022,1,20261023,1,20261026,1,20261027,1,20261028,1,20261029,1,20261030,1,20261102,1,20261103,1,20261104,1,20261105,1,20261106,1,20261109,1,20261110,1,20261111,1,20261112,1,20261113,1,20261116,1,20261117,1,20261118,1,20261119,1,20261120,1,20261123,1,20261124,1,20261125,1,20261126,1,20261127,1,20261130,1,20261201,1,20261202,1,20261203,1,20261204,1,20261207,1,20261208,1,20261209,1,20261210,1,20261211,1,20261214,1,20261215,1,20261216,1,20261217,1,20261218,1,20261221,1,20261222,1,20261223,1,20261224,1,20261228,1,20261229,1,20261230,1,20261231,1,20270104,1,20270105,1,20270106,1,20270107,1,20270108,1,20270111,1,20270112,1,20270113,1,20270114,1,20270115,1,20270118,1,20270119,1,20270120,1,20270121,1,20270122,1,20270125,1,20270126,1,20270127,1,20270128,1,20270129,1,20270201,1,20270202,1,20270203,1,20270204,1,20270205,1,20270208,1,20270209,1,20270210,1,20270211,1,20270212,1,20270216,1,20270217,1,20270218,1,20270219,1,20270222,1,20270223,1,20270224,1,20270225,1,20270226,1,20270301,1,20270302,1,20270303,1,20270304,1,20270305,1,20270308,1,20270309,1,20270310,1,20270311,1,20270312,1,20270315,1,20270316,1,20270317,1,20270318,1,20270319,1,20270322,1,20270323,1,20270324,1,20270325,1,20270330,1,20270331,1,20270401,1,20270402,1,20270405,1,20270406,1,20270407,1,20270408,1,20270409,1,20270412,1,20270413,1,20270414,1,20270415,1,20270416,1,20270419,1,20270420,1,20270421,1,20270422,1,20270423,1,20270426,1,20270427,1,20270428,1,20270429,1,20270430,1,20270503,1,20270504,1,20270505,1,20270506,1,20270507,1,20270510,1,20270511,1,20270512,1,20270513,1,20270514,1,20270517,1,20270518,1,20270519,1,20270520,1,20270521,1,20270525,1,20270526,1,20270527,1,20270528,1,20270531,1,20270601,1,20270602,1,20270603,1,20270604,1,20270607,1,20270608,1,20270609,1,20270610,1,20270611,1,20270614,1,20270615,1,20270616,1,20270617,1,20270618,1,20270621,1,20270622,1,20270623,1,20270624,1,20270625,1,20270628,1,20270629,1,20270630,1,20270702,1,20270705,1,20270706,1
'1314306',20260908,1,20260909,1,20260910,1,20260911,1,20260914,1,20260915,1,20260916,1,20260917,1,20260918,1,20260921,1,20260922,1,20260923,1,20260924,1,20260925,1,20260928,1,20260929,1,20260930,1,20261001,1,20261002,1,20261005,1,20261006,1,20261007,1,20261008,1,20261009,1,20261013,1,20261014,1,20261015,1,20261016,1,20261019,1,20261020,1,20261021,1,20261022,1,20261023,1,20261026,1,20261027,1,20261028,1,20261029,1,20261030,1,20261102,1,20261103,1,20261104,1,20261105,1,20261106,1,20261109,1,20261110,1,20261111,1,20261112,1,20261113,1,20261116,1,20261117,1,20261118,1,20261119,1,20261120,1,20261123,1,20261124,1,20261125,1,20261126,1,20261127,1,20261130,1,20261201,1,20261202,1,20261203,1,20261204,1,20261207,1,20261208,1,20261209,1,20261210,1,20261211,1,20261214,1,20261215,1,20261216,1,20261217,1,20261218,1,20261221,1,20261222,1,20261223,1,20261224,1,20261228,1,20261229,1,20261230,1,20261231,1,20270104,1,20270105,1,20270106,1,20270107,1,20270108,1,20270111,1,20270112,1,20270113,1,20270114,1,20270115,1,20270118,1,20270119,1,20270120,1,20270121,1,20270122,1,20270125,1,20270126,1,20270127,1,20270128,1,20270129,1,20270201,1,20270202,1,20270203,1,20270204,1,20270205,1,20270208,1,20270209,1,20270210,1,20270211,1,20270212,1,20270216,1,20270217,1,20270218,1,20270219,1,20270222,1,20270223,1,20270224,1,20270225,1,20270226,1,20270301,1,20270302,1,20270303,1,20270304,1,20270305,1,20270308,1,20270309,1,20270310,1,20270311,1,20270312,1,20270315,1,20270316,1,20270317,1,20270318,1,20270319,1,20270322,1,20270323,1,20270324,1,20270325,1,20270330,1,20270331,1,20270401,1,20270402,1,20270405,1,20270406,1,20270407,1,20270408,1,20270409,1,20270412,1,20270413,1,20270414,1,20270415,1,20270416,1,20270419,1,20270420,1,20270421,1,20270422,1,20270423,1,20270426,1,20270427,1,20270428,1,20270429,1,20270430,1,20270503,1,20270504,1,20270505,1,20270506,1,20270507,1,20270510,1,20270511,1,20270512,1,20270513,1,20270514,1,20270517,1,20270518,1,20270519,1,20270520,1,20270521,1,20270525,1,20270526,1,20270527,1,20270528,1,20270531,1,20270601,1,20270602,1,20270603,1,20270604,1,20270607,1,20270608,1,20270609,1,20270610,1,20270611,1,20270614,1,20270615,1,20270616,1,20270617,1,20270618,1,20270621,1,20270622,1,20270623,1,20270624,1,20270625,1,20270628,1,20270629,1,20270630,1,20270702,1,20270705,1,20270706,1
'1314314',20260908,1,20260909,1,20260910,1,20260911,1,20260914,1,20260915,1,20260916,1,20260917,1,20260918,1,20260921,1,20260922,1,20260923,1,20260924,1,20260925,1,20260928,1,20260929,1,20260930,1,20261001,1,20261002,1,20261005,1,20261006,1,20261007,1,20261008,1,20261009,1,20261013,1,20261014,1,20261015,1,20261016,1,20261019,1,20261020,1,20261021,1,20261022,1,20261023,1,20261026,1,20261027,1,20261028,1,20261029,1,20261030,1,20261102,1,20261103,1,20261104,1,20261105,1,20261106,1,20261109,1,20261110,1,20261111,1,20261112,1,20261113,1,20261116,1,20261117,1,20261118,1,20261119,1,20261120,1,20261123,1,20261124,1,20261125,1,20261126,1,20261127,1,20261130,1,20261201,1,20261202,1,20261203,1,20261204,1,20261207,1,20261208,1,20261209,1,20261210,1,20261211,1,20261214,1,20261215,1,20261216,1,20261217,1,20261218,1,20261221,1,20261222,1,20261223,1,20261224,1,20261228,1,20261229,1,20261230,1,20261231,1,20270104,1,20270105,1,20270106,1,20270107,1,20270108,1,20270111,1,20270112,1,20270113,1,20270114,1,20270115,1,20270118,1,20270119,1,20270120,1,20270121,1,20270122,1,20270125,1,20270126,1,20270127,1,20270128,1,20270129,1,20270201,1,20270202,1,20270203,1,20270204,1,20270205,1,20270208,1,20270209,1,20270210,1,20270211,1,20270212,1,20270216,1,20270217,1,20270218,1,20270219,1,20270222,1,20270223,1,20270224,1,20270225,1,20270226,1,20270301,1,20270302,1,20270303,1,20270304,1,20270305,1,20270308,1,20270309,1,20270310,1,20270311,1,20270312,1,20270315,1,20270316,1,20270317,1,20270318,1,20270319,1,20270322,1,20270323,1,20270324,1,20270325,1,20270330,1,20270331,1,20270401,1,20270402,1,20270405,1,20270406,1,20270407,1,20270408,1,20270409,1,20270412,1,20270413,1,20270414,1,20270415,1,20270416,1,20270419,1,20270420,1,20270421,1,20270422,1,20270423,1,20270426,1,20270427,1,20270428,1,20270429,1,20270430,1,20270503,1,20270504,1,20270505,1,20270506,1,20270507,1,20270510,1,20270511,1,20270512,1,20270513,1,20270514,1,20270517,1,20270518,1,20270519,1,20270520,1,20270521,1,20270525,1,20270526,1,20270527,1,20270528,1,20270531,1,20270601,1,20270602,1,20270603,1,20270604,1,20270607,1,20270608,1,20270609,1,20270610,1,20270611,1,20270614,1,20270615,1,20270616,1,20270617,1,20270618,1,20270621,1,20270622,1,20270623,1,20270624,1,20270625,1,20270628,1,20270629,1,20270630,1,20270702,1,20270705,1,20270706,1
'1314315',20260908,1,20260909,1,20260910,1,20260911,1,20260914,1,20260915,1,20260916,1,20260917,1,20260918,1,20260921,1,20260922,1,20260923,1,20260924,1,20260925,1,20260928,1,20260929,1,20260930,1,20261001,1,20261002,1,20261005,1,20261006,1,20261007,1,20261008,1,20261009,1,20261013,1,20261014,1,20261015,1,20261016,1,20261019,1,20261020,1,20261021,1,20261022,1,20261023,1,20261026,1,20261027,1,20261028,1,20261029,1,20261030,1,20261102,1,20261103,1,20261104,1,20261105,1,20261106,1,20261109,1,20261110,1,20261111,1,20261112,1,20261113,1,20261116,1,20261117,1,20261118,1,20261119,1,20261120,1,20261123,1,20261124,1,20261125,1,20261126,1,20261127,1,20261130,1,20261201,1,20261202,1,20261203,1,20261204,1,20261207,1,20261208,1,20261209,1,20261210,1,20261211,1,20261214,1,20261215,1,20261216,1,20261217,1,20261218,1,20261221,1,20261222,1,20261223,1,20261224,1,20261228,1,20261229,1,20261230,1,20261231,1,20270104,1,20270105,1,20270106,1,20270107,1,20270108,1,20270111,1,20270112,1,20270113,1,20270114,1,20270115,1,20270118,1,20270119,1,20270120,1,20270121,1,20270122,1,20270125,1,20270126,1,20270127,1,20270128,1,20270129,1,20270201,1,20270202,1,20270203,1,20270204,1,20270205,1,20270208,1,20270209,1,20270210,1,20270211,1,20270212,1,20270216,1,20270217,1,20270218,1,20270219,1,20270222,1,20270223,1,20270224,1,20270225,1,20270226,1,20270301,1,20270302,1,20270303,1,20270304,1,20270305,1,20270308,1,20270309,1,20270310,1,20270311,1,20270312,1,20270315,1,20270316,1,20270317,1,20270318,1,20270319,1,20270322,1,20270323,1,20270324,1,20270325,1,20270330,1,20270331,1,20270401,1,20270402,1,20270405,1,20270406,1,20270407,1,20270408,1,20270409,1,20270412,1,20270413,1,20270414,1,20270415,1,20270416,1,20270419,1,20270420,1,20270421,1,20270422,1,20270423,1,20270426,1,20270427,1,20270428,1,20270429,1,20270430,1,20270503,1,20270504,1,20270505,1,20270506,1,20270507,1,20270510,1,20270511,1,20270512,1,20270513,1,20270514,1,20270517,1,20270518,1,20270519,1,20270520,1,20270521,1,20270525,1,20270526,1,20270527,1,20270528,1,20270531,1,20270601,1,20270602,1,20270603,1,20270604,1,20270607,1,20270608,1,20270609,1,20270610,1,20270611,1,20270614,1,20270615,1,20270616,1,20270617,1,20270618,1,20270621,1,20270622,1,20270623,1,20270624,1,20270625,1,20270628,1,20270629,1,20270630,1,20270702,1,20270705,1,20270706,1
'1314316',20260912,1,20260919,1,20260926,1,20261003,1,20261010,1,20261017,1,20261024,1,20261031,1,20261107,1,20261114,1,20261121,1,20261128,1,20261205,1,20261212,1,20261219,1,20261226,1,20270102,1,20270109,1,20270116,1,20270123,1,20270130,1,20270206,1,20270213,1,20270220,1,20270227,1,20270306,1,20270313,1,20270320,1,20270327,1,20270403,1,20270410,1,20270417,1,20270424,1,20270501,1,20270508,1,20270515,1,20270522,1,20270529,1,20270605,1,20270612,1,20270619,1,20270626,1,20270703,1
'1314317',20260912,1,20260919,1,20260926,1,20261003,1,20261010,1,20261017,1,20261024,1,20261031,1,20261107,1,20261114,1,20261121,1,20261128,1,20261205,1,20261212,1,20261219,1,20261226,1,20270102,1,20270109,1,20270116,1,20270123,1,20270130,1,20270206,1,20270213,1,20270220,1,20270227,1,20270306,1,20270313,1,20270320,1,20270327,1,20270403,1,20270410,1,20270417,1,20270424,1,20270501,1,20270508,1,20270515,1,20270522,1,20270529,1,20270605,1,20270612,1,20270619,1,20270626,1,20270703,1
'1314322',20260908,1,20260909,1,20260910,1,20260911,1,20260914,1,20260915,1,20260916,1,20260917,1,20260918,1,20260921,1,20260922,1,20260923,1,20260924,1,20260925,1,20260928,1,20260929,1,20260930,1,20261001,1,20261002,1,20261005,1,20261006,1,20261007,1,20261008,1,20261009,1,20261013,1,20261014,1,20261015,1,20261016,1,20261019,1,20261020,1,20261021,1,20261022,1,20261023,1,20261026,1,20261027,1,20261028,1,20261029,1,20261030,1,20261102,1,20261103,1,20261104,1,20261105,1,20261106,1,20261109,1,20261110,1,20261111,1,20261112,1,20261113,1,20261116,1,20261117,1,20261118,1,20261119,1,20261120,1,20261123,1,20261124,1,20261125,1,20261126,1,20261127,1,20261130,1,20261201,1,20261202,1,20261203,1,20261204,1,20261207,1,20261208,1,20261209,1,20261210,1,20261211,1,20261214,1,20261215,1,20261216,1,20261217,1,20261218,1,20261221,1,20261222,1,20261223,1,20261224,1,20261228,1,20261229,1,20261230,1,20261231,1,20270104,1,20270105,1,20270106,1,20270107,1,20270108,1,20270111,1,20270112,1,20270113,1,20270114,1,20270115,1,20270118,1,20270119,1,20270120,1,20270121,1,20270122,1,20270125,1,20270126,1,20270127,1,20270128,1,20270129,1,20270201,1,20270202,1,20270203,1,20270204,1,20270205,1,20270208,1,20270209,1,20270210,1,20270211,1,20270212,1,20270216,1,20270217,1,20270218,1,20270219,1,20270222,1,20270223,1,20270224,1,20270225,1,20270226,1,20270301,1,20270302,1,20270303,1,20270304,1,20270305,1,20270308,1,20270309,1,20270310,1,20270311,1,20270312,1,20270315,1,20270316,1,20270317,1,20270318,1,20270319,1,20270322,1,20270323,1,20270324,1,20270325,1,20270330,1,20270331,1,20270401,1,20270402,1,20270405,1,20270406,1,20270407,1,20270408,1,20270409,1,20270412,1,20270413,1,20270414,1,20270415,1,20270416,1,20270419,1,20270420,1,20270421,1,20270422,1,20270423,1,20270426,1,20270427,1,20270428,1,20270429,1,20270430,1,20270503,1,20270504,1,20270505,1,20270506,1,20270507,1,20270510,1,20270511,1,20270512,1,20270513,1,20270514,1,20270517,1,20270518,1,20270519,1,20270520,1,20270521,1,20270525,1,20270526,1,20270527,1,20270528,1,20270531,1,20270601,1,20270602,1,20270603,1,20270604,1,20270607,1,20270608,1,20270609,1,20270610,1,20270611,1,20270614,1,20270615,1,20270616,1,20270617,1,20270618,1,20270621,1,20270622,1,20270623,1,20270624,1,20270625,1,20270628,1,20270629,1,20270630,1,20270702,1,20270705,1,20270706,1
'1314323',20260908,1,20260909,1,20260910,1,20260911,1,20260914,1,20260915,1,20260916,1,20260917,1,20260918,1,20260921,1,20260922,1,20260923,1,20260924,1,20260925,1,20260928,1,20260929,1,20260930,1,20261001,1,20261002,1,20261005,1,20261006,1,20261007,1,20261008,1,20261009,1,20261013,1,20261014,1,20261015,1,20261016,1,20261019,1,20261020,1,20261021,1,20261022,1,20261023,1,20261026,1,20261027,1,20261028,1,20261029,1,20261030,1,20261102,1,20261103,1,20261104,1,20261105,1,20261106,1,20261109,1,20261110,1,20261111,1,20261112,1,20261113,1,20261116,1,20261117,1,20261118,1,20261119,1,20261120,1,20261123,1,20261124,1,20261125,1,20261126,1,20261127,1,20261130,1,20261201,1,20261202,1,20261203,1,20261204,1,20261207,1,20261208,1,20261209,1,20261210,1,20261211,1,20261214,1,20261215,1,20261216,1,20261217,1,20261218,1,20261221,1,20261222,1,20261223,1,20261224,1,20261228,1,20261229,1,20261230,1,20261231,1,20270104,1,20270105,1,20270106,1,20270107,1,20270108,1,20270111,1,20270112,1,20270113,1,20270114,1,20270115,1,20270118,1,20270119,1,20270120,1,20270121,1,20270122,1,20270125,1,20270126,1,20270127,1,20270128,1,20270129,1,20270201,1,20270202,1,20270203,1,20270204,1,20270205,1,20270208,1,20270209,1,20270210,1,20270211,1,20270212,1,20270216,1,20270217,1,20270218,1,20270219,1,20270222,1,20270223,1,20270224,1,20270225,1,20270226,1,20270301,1,20270302,1,20270303,1,20270304,1,20270305,1,20270308,1,20270309,1,20270310,1,20270311,1,20270312,1,20270315,1,20270316,1,20270317,1,20270318,1,20270319,1,20270322,1,20270323,1,20270324,1,20270325,1,20270330,1,20270331,1,20270401,1,20270402,1,20270405,1,20270406,1,20270407,1,20270408,1,20270409,1,20270412,1,20270413,1,20270414,1,20270415,1,20270416,1,20270419,1,20270420,1,20270421,1,20270422,1,20270423,1,20270426,1,20270427,1,20270428,1,20270429,1,20270430,1,20270503,1,20270504,1,20270505,1,20270506,1,20270507,1,20270510,1,20270511,1,20270512,1,20270513,1,20270514,1,20270517,1,20270518,1,20270519,1,20270520,1,20270521,1,20270525,1,20270526,1,20270527,1,20270528,1,20270531,1,20270601,1,20270602,1,20270603,1,20270604,1,20270607,1,20270608,1,20270609,1,20270610,1,20270611,1,20270614,1,20270615,1,20270616,1,20270617,1,20270618,1,20270621,1,20270622,1,20270623,1,20270624,1,20270625,1,20270628,1,20270629,1,20270630,1,20270702,1,20270705,1,20270706,1
'1314324',20260908,1,20260909,1,20260910,1,20260911,1,20260914,1,20260915,1,20260916,1,20260917,1,20260918,1,20260921,1,20260922,1,20260923,1,20260924,1,20260925,1,20260928,1,20260929,1,20260930,1,20261001,1,20261002,1,20261005,1,20261006,1,20261007,1,20261008,1,20261009,1,20261013,1,20261014,1,20261015,1,20261016,1,20261019,1,20261020,1,20261021,1,20261022,1,20261023,1,20261026,1,20261027,1,20261028,1,20261029,1,20261030,1,20261102,1,20261103,1,20261104,1,20261105,1,20261106,1,20261109,1,20261110,1,20261111,1,20261112,1,20261113,1,20261116,1,20261117,1,20261118,1,20261119,1,20261120,1,20261123,1,20261124,1,20261125,1,20261126,1,20261127,1,20261130,1,20261201,1,20261202,1,20261203,1,20261204,1,20261207,1,20261208,1,20261209,1,20261210,1,20261211,1,20261214,1,20261215,1,20261216,1,20261217,1,20261218,1,20261221,1,20261222,1,20261223,1,20261224,1,20261228,1,20261229,1,20261230,1,20261231,1,20270104,1,20270105,1,20270106,1,20270107,1,20270108,1,20270111,1,20270112,1,20270113,1,20270114,1,20270115,1,20270118,1,20270119,1,20270120,1,20270121,1,20270122,1,20270125,1,20270126,1,20270127,1,20270128,1,20270129,1,20270201,1,20270202,1,20270203,1,20270204,1,20270205,1,20270208,1,20270209,1,20270210,1,20270211,1,20270212,1,20270216,1,20270217,1,20270218,1,20270219,1,20270222,1,20270223,1,20270224,1,20270225,1,20270226,1,20270301,1,20270302,1,20270303,1,20270304,1,20270305,1,20270308,1,20270309,1,20270310,1,20270311,1,20270312,1,20270315,1,20270316,1,20270317,1,20270318,1,20270319,1,20270322,1,20270323,1,20270324,1,20270325,1,20270330,1,20270331,1,20270401,1,20270402,1,20270405,1,20270406,1,20270407,1,20270408,1,20270409,1,20270412,1,20270413,1,20270414,1,20270415,1,20270416,1,20270419,1,20270420,1,20270421,1,20270422,1,20270423,1,20270426,1,20270427,1,20270428,1,20270429,1,20270430,1,20270503,1,20270504,1,20270505,1,20270506,1,20270507,1,20270510,1,20270511,1,20270512,1,20270513,1,20270514,1,20270517,1,20270518,1,20270519,1,20270520,1,20270521,1,20270525,1,20270526,1,20270527,1,20270528,1,20270531,1,20270601,1,20270602,1,20270603,1,20270604,1,20270607,1,20270608,1,20270609,1,20270610,1,20270611,1,20270614,1,20270615,1,20270616,1,20270617,1,20270618,1,20270621,1,20270622,1,20270623,1,20270624,1,20270625,1,20270628,1,20270629,1,20270630,1,20270702,1,20270705,1,20270706,1
'1314326',20260907,1,20260913,1,20260920,1,20260927,1,20261004,1,20261011,1,20261012,1,20261018,1,20261025,1,20261101,1,20261108,1,20261115,1,20261122,1,20261129,1,20261206,1,20261213,1,20261220,1,20261225,1,20261227,1,20270101,1,20270103,1,20270110,1,20270117,1,20270124,1,20270131,1,20270207,1,20270214,1,20270215,1,20270221,1,20270228,1,20270307,1,20270314,1,20270321,1,20270326,1,20270328,1,20270329,1,20270404,1,20270411,1,20270418,1,20270425,1,20270502,1,20270509,1,20270516,1,20270523,1,20270524,1,20270530,1,20270606,1,20270613,1,20270620,1,20270627,1,20270701,1,20270704,1
'1314329',20260908,1,20260909,1,20260910,1,20260911,1,20260914,1,20260915,1,20260916,1,20260917,1,20260918,1,20260921,1,20260922,1,20260923,1,20260924,1,20260925,1,20260928,1,20260929,1,20260930,1,20261001,1,20261002,1,20261005,1,20261006,1,20261007,1,20261008,1,20261009,1,20261013,1,20261014,1,20261015,1,20261016,1,20261019,1,20261020,1,20261021,1,20261022,1,20261023,1,20261026,1,20261027,1,20261028,1,20261029,1,20261030,1,20261102,1,20261103,1,20261104,1,20261105,1,20261106,1,20261109,1,20261110,1,20261111,1,20261112,1,20261113,1,20261116,1,20261117,1,20261118,1,20261119,1,20261120,1,20261123,1,20261124,1,20261125,1,20261126,1,20261127,1,20261130,1,20261201,1,20261202,1,20261203,1,20261204,1,20261207,1,20261208,1,20261209,1,20261210,1,20261211,1,20261214,1,20261215,1,20261216,1,20261217,1,20261218,1,20261221,1,20261222,1,20261223,1,20261224,1,20261228,1,20261229,1,20261230,1,20261231,1,20270104,1,20270105,1,20270106,1,20270107,1,20270108,1,20270111,1,20270112,1,20270113,1,20270114,1,20270115,1,20270118,1,20270119,1,20270120,1,20270121,1,20270122,1,20270125,1,20270126,1,20270127,1,20270128,1,20270129,1,20270201,1,20270202,1,20270203,1,20270204,1,20270205,1,20270208,1,20270209,1,20270210,1,20270211,1,20270212,1,20270216,1,20270217,1,20270218,1,20270219,1,20270222,1,20270223,1,20270224,1,20270225,1,20270226,1,20270301,1,20270302,1,20270303,1,20270304,1,20270305,1,20270308,1,20270309,1,20270310,1,20270311,1,20270312,1,20270315,1,20270316,1,20270317,1,20270318,1,20270319,1,20270322,1,20270323,1,20270324,1,20270325,1,20270330,1,20270331,1,20270401,1,20270402,1,20270405,1,20270406,1,20270407,1,20270408,1,20270409,1,20270412,1,20270413,1,20270414,1,20270415,1,20270416,1,20270419,1,20270420,1,20270421,1,20270422,1,20270423,1,20270426,1,20270427,1,20270428,1,20270429,1,20270430,1,20270503,1,20270504,1,20270505,1,20270506,1,20270507,1,20270510,1,20270511,1,20270512,1,20270513,1,20270514,1,20270517,1,20270518,1,20270519,1,20270520,1,20270521,1,20270525,1,20270526,1,20270527,1,20270528,1,20270531,1,20270601,1,20270602,1,20270603,1,20270604,1,20270607,1,20270608,1,20270609,1,20270610,1,20270611,1,20270614,1,20270615,1,20270616,1,20270617,1,20270618,1,20270621,1,20270622,1,20270623,1,20270624,1,20270625,1,20270628,1,20270629,1,20270630,1,20270702,1,20270705,1,20270706,1
'1314333',20260908,1,20260909,1,20260910,1,20260911,1,20260914,1,20260915,1,20260916,1,20260917,1,20260918,1,20260921,1,20260922,1,20260923,1,20260924,1,20260925,1,20260928,1,20260929,1,20260930,1,20261001,1,20261002,1,20261005,1,20261006,1,20261007,1,20261008,1,20261009,1,20261013,1,20261014,1,20261015,1,20261016,1,20261019,1,20261020,1,20261021,1,20261022,1,20261023,1,20261026,1,20261027,1,20261028,1,20261029,1,20261030,1,20261102,1,20261103,1,20261104,1,20261105,1,20261106,1,20261109,1,20261110,1,20261111,1,20261112,1,20261113,1,20261116,1,20261117,1,20261118,1,20261119,1,20261120,1,20261123,1,20261124,1,20261125,1,20261126,1,20261127,1,20261130,1,20261201,1,20261202,1,20261203,1,20261204,1,20261207,1,20261208,1,20261209,1,20261210,1,20261211,1,20261214,1,20261215,1,20261216,1,20261217,1,20261218,1,20261221,1,20261222,1,20261223,1,20261224,1,20261228,1,20261229,1,20261230,1,20261231,1,20270104,1,20270105,1,20270106,1,20270107,1,20270108,1,20270111,1,20270112,1,20270113,1,20270114,1,20270115,1,20270118,1,20270119,1,20270120,1,20270121,1,20270122,1,20270125,1,20270126,1,20270127,1,20270128,1,20270129,1,20270201,1,20270202,1,20270203,1,20270204,1,20270205,1,20270208,1,20270209,1,20270210,1,20270211,1,20270212,1,20270216,1,20270217,1,20270218,1,20270219,1,20270222,1,20270223,1,20270224,1,20270225,1,20270226,1,20270301,1,20270302,1,20270303,1,20270304,1,20270305,1,20270308,1,20270309,1,20270310,1,20270311,1,20270312,1,20270315,1,20270316,1,20270317,1,20270318,1,20270319,1,20270322,1,20270323,1,20270324,1,20270325,1,20270330,1,20270331,1,20270401,1,20270402,1,20270405,1,20270406,1,20270407,1,20270408,1,20270409,1,20270412,1,20270413,1,20270414,1,20270415,1,20270416,1,20270419,1,20270420,1,20270421,1,20270422,1,20270423,1,20270426,1,20270427,1,20270428,1,20270429,1,20270430,1,20270503,1,20270504,1,20270505,1,20270506,1,20270507,1,20270510,1,20270511,1,20270512,1,20270513,1,20270514,1,20270517,1,20270518,1,20270519,1,20270520,1,20270521,1,20270525,1,20270526,1,20270527,1,20270528,1,20270531,1,20270601,1,20270602,1,20270603,1,20270604,1,20270607,1,20270608,1,20270609,1,20270610,1,20270611,1,20270614,1,20270615,1,20270616,1,20270617,1,20270618,1,20270621,1,20270622,1,20270623,1,20270624,1,20270625,1,20270628,1,20270629,1,20270630,1,20270702,1,20270705,1,20270706,1
'1314338',20260912,1,20260919,1,20260926,1,20261003,1,20261010,1,20261017,1,20261024,1,20261031,1,20261107,1,20261114,1,20261121,1,20261128,1,20261205,1,20261212,1,20261219,1,20261226,1,20270102,1,20270109,1,20270116,1,20270123,1,20270130,1,20270206,1,20270213,1,20270220,1,20270227,1,20270306,1,20270313,1,20270320,1,20270327,1,20270403,1,20270410,1,20270417,1,20270424,1,20270501,1,20270508,1,20270515,1,20270522,1,20270529,1,20270605,1,20270612,1,20270619,1,20270626,1,20270703,1
'1314339',20260908,1,20260909,1,20260910,1,20260911,1,20260914,1,20260915,1,20260916,1,20260917,1,20260918,1,20260921,1,20260922,1,20260923,1,20260924,1,20260925,1,20260928,1,20260929,1,20260930,1,20261001,1,20261002,1,20261005,1,20261006,1,20261007,1,20261008,1,20261009,1,20261013,1,20261014,1,20261015,1,20261016,1,20261019,1,20261020,1,20261021,1,20261022,1,20261023,1,20261026,1,20261027,1,20261028,1,20261029,1,20261030,1,20261102,1,20261103,1,20261104,1,20261105,1,20261106,1,20261109,1,20261110,1,20261111,1,20261112,1,20261113,1,20261116,1,20261117,1,20261118,1,20261119,1,20261120,1,20261123,1,20261124,1,20261125,1,20261126,1,20261127,1,20261130,1,20261201,1,20261202,1,20261203,1,20261204,1,20261207,1,20261208,1,20261209,1,20261210,1,20261211,1,20261214,1,20261215,1,20261216,1,20261217,1,20261218,1,20261221,1,20261222,1,20261223,1,20261224,1,20261228,1,20261229,1,20261230,1,20261231,1,20270104,1,20270105,1,20270106,1,20270107,1,20270108,1,20270111,1,20270112,1,20270113,1,20270114,1,20270115,1,20270118,1,20270119,1,20270120,1,20270121,1,20270122,1,20270125,1,20270126,1,20270127,1,20270128,1,20270129,1,20270201,1,20270202,1,20270203,1,20270204,1,20270205,1,20270208,1,20270209,1,20270210,1,20270211,1,20270212,1,20270216,1,20270217,1,20270218,1,20270219,1,20270222,1,20270223,1,20270224,1,20270225,1,20270226,1,20270301,1,20270302,1,20270303,1,20270304,1,20270305,1,20270308,1,20270309,1,20270310,1,20270311,1,20270312,1,20270315,1,20270316,1,20270317,1,20270318,1,20270319,1,20270322,1,20270323,1,20270324,1,20270325,1,20270330,1,20270331,1,20270401,1,20270402,1,20270405,1,20270406,1,20270407,1,20270408,1,20270409,1,20270412,1,20270413,1,20270414,1,20270415,1,20270416,1,20270419,1,20270420,1,20270421,1,20270422,1,20270423,1,20270426,1,20270427,1,20270428,1,20270429,1,20270430,1,20270503,1,20270504,1,20270505,1,20270506,1,20270507,1,20270510,1,20270511,1,20270512,1,20270513,1,20270514,1,20270517,1,20270518,1,20270519,1,20270520,1,20270521,1,20270525,1,20270526,1,20270527,1,20270528,1,20270531,1,20270601,1,20270602,1,20270603,1,20270604,1,20270607,1,20270608,1,20270609,1,20270610,1,20270611,1,20270614,1,20270615,1,20270616,1,20270617,1,20270618,1,20270621,1,20270622,1,20270623,1,20270624,1,20270625,1,20270628,1,20270629,1,20270630,1,20270702,1,20270705,1,20270706,1
'1314340',20260912,1,20260919,1,20260926,1,20261003,1,20261010,1,20261017,1,20261024,1,20261031,1,20261107,1,20261114,1,20261121,1,20261128,1,20261205,1,20261212,1,20261219,1,20261226,1,20270102,1,20270109,1,20270116,1,20270123,1,20270130,1,20270206,1,20270213,1,20270220,1,20270227,1,20270306,1,20270313,1,20270320,1,20270327,1,20270403,1,20270410,1,20270417,1,20270424,1,20270501,1,20270508,1,20270515,1,20270522,1,20270529,1,20270605,1,20270612,1,20270619,1,20270626,1,20270703,1
'1314341',20260908,1,20260909,1,20260910,1,20260911,1,20260914,1,20260915,1,20260916,1,20260917,1,20260918,1,20260921,1,20260922,1,20260923,1,20260924,1,20260925,1,20260928,1,20260929,1,20260930,1,20261001,1,20261002,1,20261005,1,20261006,1,20261007,1,20261008,1,20261009,1,20261013,1,20261014,1,20261015,1,20261016,1,20261019,1,20261020,1,20261021,1,20261022,1,20261023,1,20261026,1,20261027,1,20261028,1,20261029,1,20261030,1,20261102,1,20261103,1,20261104,1,20261105,1,20261106,1,20261109,1,20261110,1,20261111,1,20261112,1,20261113,1,20261116,1,20261117,1,20261118,1,20261119,1,20261120,1,20261123,1,20261124,1,20261125,1,20261126,1,20261127,1,20261130,1,20261201,1,20261202,1,20261203,1,20261204,1,20261207,1,20261208,1,20261209,1,20261210,1,20261211,1,20261214,1,20261215,1,20261216,1,20261217,1,20261218,1,20261221,1,20261222,1,20261223,1,20261224,1,20261228,1,20261229,1,20261230,1,20261231,1,20270104,1,20270105,1,20270106,1,20270107,1,20270108,1,20270111,1,20270112,1,20270113,1,20270114,1,20270115,1,20270118,1,20270119,1,20270120,1,20270121,1,20270122,1,20270125,1,20270126,1,20270127,1,20270128,1,20270129,1,20270201,1,20270202,1,20270203,1,20270204,1,20270205,1,20270208,1,20270209,1,20270210,1,20270211,1,20270212,1,20270216,1,20270217,1,20270218,1,20270219,1,20270222,1,20270223,1,20270224,1,20270225,1,20270226,1,20270301,1,20270302,1,20270303,1,20270304,1,20270305,1,20270308,1,20270309,1,20270310,1,20270311,1,20270312,1,20270315,1,20270316,1,20270317,1,20270318,1,20270319,1,20270322,1,20270323,1,20270324,1,20270325,1,20270330,1,20270331,1,20270401,1,20270402,1,20270405,1,20270406,1,20270407,1,20270408,1,20270409,1,20270412,1,20270413,1,20270414,1,20270415,1,20270416,1,20270419,1,20270420,1,20270421,1,20270422,1,20270423,1,20270426,1,20270427,1,20270428,1,20270429,1,20270430,1,20270503,1,20270504,1,20270505,1,20270506,1,20270507,1,20270510,1,20270511,1,20270512,1,20270513,1,20270514,1,20270517,1,20270518,1,20270519,1,20270520,1,20270521,1,20270525,1,20270526,1,20270527,1,20270528,1,20270531,1,20270601,1,20270602,1,20270603,1,20270604,1,20270607,1,20270608,1,20270609,1,20270610,1,20270611,1,20270614,1,20270615,1,20270616,1,20270617,1,20270618,1,20270621,1,20270622,1,20270623,1,20270624,1,20270625,1,20270628,1,20270629,1,20270630,1,20270702,1,20270705,1,20270706,1
'1314343',20260908,1,20260909,1,20260910,1,20260911,1,20260914,1,20260915,1,20260916,1,20260917,1,20260918,1,20260921,1,20260922,1,20260923,1,20260924,1,20260925,1,20260928,1,20260929,1,20260930,1,20261001,1,20261002,1,20261005,1,20261006,1,20261007,1,20261008,1,20261009,1,20261013,1,20261014,1,20261015,1,20261016,1,20261019,1,20261020,1,20261021,1,20261022,1,20261023,1,20261026,1,20261027,1,20261028,1,20261029,1,20261030,1,20261102,1,20261103,1,20261104,1,20261105,1,20261106,1,20261109,1,20261110,1,20261111,1,20261112,1,20261113,1,20261116,1,20261117,1,20261118,1,20261119,1,20261120,1,20261123,1,20261124,1,20261125,1,20261126,1,20261127,1,20261130,1,20261201,1,20261202,1,20261203,1,20261204,1,20261207,1,20261208,1,20261209,1,20261210,1,20261211,1,20261214,1,20261215,1,20261216,1,20261217,1,20261218,1,20261221,1,20261222,1,20261223,1,20261224,1,20261228,1,20261229,1,20261230,1,20261231,1,20270104,1,20270105,1,20270106,1,20270107,1,20270108,1,20270111,1,20270112,1,20270113,1,20270114,1,20270115,1,20270118,1,20270119,1,20270120,1,20270121,1,20270122,1,20270125,1,20270126,1,20270127,1,20270128,1,20270129,1,20270201,1,20270202,1,20270203,1,20270204,1,20270205,1,20270208,1,20270209,1,20270210,1,20270211,1,20270212,1,20270216,1,20270217,1,20270218,1,20270219,1,20270222,1,20270223,1,20270224,1,20270225,1,20270226,1,20270301,1,20270302,1,20270303,1,20270304,1,20270305,1,20270308,1,20270309,1,20270310,1,20270311,1,20270312,1,20270315,1,20270316,1,20270317,1,20270318,1,20270319,1,20270322,1,20270323,1,20270324,1,20270325,1,20270330,1,20270331,1,20270401,1,20270402,1,20270405,1,20270406,1,20270407,1,20270408,1,20270409,1,20270412,1,20270413,1,20270414,1,20270415,1,20270416,1,20270419,1,20270420,1,20270421,1,20270422,1,20270423,1,20270426,1,20270427,1,20270428,1,20270429,1,20270430,1,20270503,1,20270504,1,20270505,1,20270506,1,20270507,1,20270510,1,20270511,1,20270512,1,20270513,1,20270514,1,20270517,1,20270518,1,20270519,1,20270520,1,20270521,1,20270525,1,20270526,1,20270527,1,20270528,1,20270531,1,20270601,1,20270602,1,20270603,1,20270604,1,20270607,1,20270608,1,20270609,1,20270610,1,20270611,1,20270614,1,20270615,1,20270616,1,20270617,1,20270618,1,20270621,1,20270622,1,20270623,1,20270624,1,20270625,1,20270628,1,20270629,1,20270630,1,20270702,1,20270705,1,20270706,1
'1314344',20260908,1,20260909,1,20260910,1,20260911,1,20260914,1,20260915,1,20260916,1,20260917,1,20260918,1,20260921,1,20260922,1,20260923,1,20260924,1,20260925,1,20260928,1,20260929,1,20260930,1,20261001,1,20261002,1,20261005,1,20261006,1,20261007,1,20261008,1,20261009,1,20261013,1,20261014,1,20261015,1,20261016,1,20261019,1,20261020,1,20261021,1,20261022,1,20261023,1,20261026,1,20261027,1,20261028,1,20261029,1,20261030,1,20261102,1,20261103,1,20261104,1,20261105,1,20261106,1,20261109,1,20261110,1,20261111,1,20261112,1,20261113,1,20261116,1,20261117,1,20261118,1,20261119,1,20261120,1,20261123,1,20261124,1,20261125,1,20261126,1,20261127,1,20261130,1,20261201,1,20261202,1,20261203,1,20261204,1,20261207,1,20261208,1,20261209,1,20261210,1,20261211,1,20261214,1,20261215,1,20261216,1,20261217,1,20261218,1,20261221,1,20261222,1,20261223,1,20261224,1,20261228,1,20261229,1,20261230,1,20261231,1,20270104,1,20270105,1,20270106,1,20270107,1,20270108,1,20270111,1,20270112,1,20270113,1,20270114,1,20270115,1,20270118,1,20270119,1,20270120,1,20270121,1,20270122,1,20270125,1,20270126,1,20270127,1,20270128,1,20270129,1,20270201,1,20270202,1,20270203,1,20270204,1,20270205,1,20270208,1,20270209,1,20270210,1,20270211,1,20270212,1,20270216,1,20270217,1,20270218,1,20270219,1,20270222,1,20270223,1,20270224,1,20270225,1,20270226,1,20270301,1,20270302,1,20270303,1,20270304,1,20270305,1,20270308,1,20270309,1,20270310,1,20270311,1,20270312,1,20270315,1,20270316,1,20270317,1,20270318,1,20270319,1,20270322,1,20270323,1,20270324,1,20270325,1,20270330,1,20270331,1,20270401,1,20270402,1,20270405,1,20270406,1,20270407,1,20270408,1,20270409,1,20270412,1,20270413,1,20270414,1,20270415,1,20270416,1,20270419,1,20270420,1,20270421,1,20270422,1,20270423,1,20270426,1,20270427,1,20270428,1,20270429,1,20270430,1,20270503,1,20270504,1,20270505,1,20270506,1,20270507,1,20270510,1,20270511,1,20270512,1,20270513,1,20270514,1,20270517,1,20270518,1,20270519,1,20270520,1,20270521,1,20270525,1,20270526,1,20270527,1,20270528,1,20270531,1,20270601,1,20270602,1,20270603,1,20270604,1,20270607,1,20270608,1,20270609,1,20270610,1,20270611,1,20270614,1,20270615,1,20270616,1,20270617,1,20270618,1,20270621,1,20270622,1,20270623,1,20270624,1,20270625,1,20270628,1,20270629,1,20270630,1,20270702,1,20270705,1,20270706,1
'1314345',20260912,1,20260919,1,20260926,1,20261003,1,20261010,1,20261017,1,20261024,1,20261031,1,20261107,1,20261114,1,20261121,1,20261128,1,20261205,1,20261212,1,20261219,1,20261226,1,20270102,1,20270109,1,20270116,1,20270123,1,20270130,1,20270206,1,20270213,1,20270220,1,20270227,1,20270306,1,20270313,1,20270320,1,20270327,1,20270403,1,20270410,1,20270417,1,20270424,1,20270501,1,20270508,1,20270515,1,20270522,1,20270529,1,20270605,1,20270612,1,20270619,1,20270626,1,20270703,1
'1314347',20260908,1,20260909,1,20260910,1,20260911,1,20260914,1,20260915,1,20260916,1,20260917,1,20260918,1,20260921,1,20260922,1,20260923,1,20260924,1,20260925,1,20260928,1,20260929,1,20260930,1,20261001,1,20261002,1,20261005,1,20261006,1,20261007,1,20261008,1,20261009,1,20261013,1,20261014,1,20261015,1,20261016,1,20261019,1,20261020,1,20261021,1,20261022,1,20261023,1,20261026,1,20261027,1,20261028,1,20261029,1,20261030,1,20261102,1,20261103,1,20261104,1,20261105,1,20261106,1,20261109,1,20261110,1,20261111,1,20261112,1,20261113,1,20261116,1,20261117,1,20261118,1,20261119,1,20261120,1,20261123,1,20261124,1,20261125,1,20261126,1,20261127,1,20261130,1,20261201,1,20261202,1,20261203,1,20261204,1,20261207,1,20261208,1,20261209,1,20261210,1,20261211,1,20261214,1,20261215,1,20261216,1,20261217,1,20261218,1,20261221,1,20261222,1,20261223,1,20261224,1,20261228,1,20261229,1,20261230,1,20261231,1,20270104,1,20270105,1,20270106,1,20270107,1,20270108,1,20270111,1,20270112,1,20270113,1,20270114,1,20270115,1,20270118,1,20270119,1,20270120,1,20270121,1,20270122,1,20270125,1,20270126,1,20270127,1,20270128,1,20270129,1,20270201,1,20270202,1,20270203,1,20270204,1,20270205,1,20270208,1,20270209,1,20270210,1,20270211,1,20270212,1,20270216,1,20270217,1,20270218,1,20270219,1,20270222,1,20270223,1,20270224,1,20270225,1,20270226,1,20270301,1,20270302,1,20270303,1,20270304,1,20270305,1,20270308,1,20270309,1,20270310,1,20270311,1,20270312,1,20270315,1,20270316,1,20270317,1,20270318,1,20270319,1,20270322,1,20270323,1,20270324,1,20270325,1,20270330,1,20270331,1,20270401,1,20270402,1,20270405,1,20270406,1,20270407,1,20270408,1,20270409,1,20270412,1,20270413,1,20270414,1,20270415,1,20270416,1,20270419,1,20270420,1,20270421,1,20270422,1,20270423,1,20270426,1,20270427,1,20270428,1,20270429,1,20270430,1,20270503,1,20270504,1,20270505,1,20270506,1,20270507,1,20270510,1,20270511,1,20270512,1,20270513,1,20270514,1,20270517,1,20270518,1,20270519,1,20270520,1,20270521,1,20270525,1,20270526,1,20270527,1,20270528,1,20270531,1,20270601,1,20270602,1,20270603,1,20270604,1,20270607,1,20270608,1,20270609,1,20270610,1,20270611,1,20270614,1,20270615,1,20270616,1,20270617,1,20270618,1,20270621,1,20270622,1,20270623,1,20270624,1,20270625,1,20270628,1,20270629,1,20270630,1,20270702,1,20270705,1,20270706,1
'1314350',20260908,1,20260909,1,20260910,1,20260911,1,20260914,1,20260915,1,20260916,1,20260917,1,20260918,1,20260921,1,20260922,1,20260923,1,20260924,1,20260925,1,20260928,1,20260929,1,20260930,1,20261001,1,20261002,1,20261005,1,20261006,1,20261007,1,20261008,1,20261009,1,20261013,1,20261014,1,20261015,1,20261016,1,20261019,1,20261020,1,20261021,1,20261022,1,20261023,1,20261026,1,20261027,1,20261028,1,20261029,1,20261030,1,20261102,1,20261103,1,20261104,1,20261105,1,20261106,1,20261109,1,20261110,1,20261111,1,20261112,1,20261113,1,20261116,1,20261117,1,20261118,1,20261119,1,20261120,1,20261123,1,20261124,1,20261125,1,20261126,1,20261127,1,20261130,1,20261201,1,20261202,1,20261203,1,20261204,1,20261207,1,20261208,1,20261209,1,20261210,1,20261211,1,20261214,1,20261215,1,20261216,1,20261217,1,20261218,1,20261221,1,20261222,1,20261223,1,20261224,1,20261228,1,20261229,1,20261230,1,20261231,1,20270104,1,20270105,1,20270106,1,20270107,1,20270108,1,20270111,1,20270112,1,20270113,1,20270114,1,20270115,1,20270118,1,20270119,1,20270120,1,20270121,1,20270122,1,20270125,1,20270126,1,20270127,1,20270128,1,20270129,1,20270201,1,20270202,1,20270203,1,20270204,1,20270205,1,20270208,1,20270209,1,20270210,1,20270211,1,20270212,1,20270216,1,20270217,1,20270218,1,20270219,1,20270222,1,20270223,1,20270224,1,20270225,1,20270226,1,20270301,1,20270302,1,20270303,1,20270304,1,20270305,1,20270308,1,20270309,1,20270310,1,20270311,1,20270312,1,20270315,1,20270316,1,20270317,1,20270318,1,20270319,1,20270322,1,20270323,1,20270324,1,20270325,1,20270330,1,20270331,1,20270401,1,20270402,1,20270405,1,20270406,1,20270407,1,20270408,1,20270409,1,20270412,1,20270413,1,20270414,1,20270415,1,20270416,1,20270419,1,20270420,1,20270421,1,20270422,1,20270423,1,20270426,1,20270427,1,20270428,1,20270429,1,20270430,1,20270503,1,20270504,1,20270505,1,20270506,1,20270507,1,20270510,1,20270511,1,20270512,1,20270513,1,20270514,1,20270517,1,20270518,1,20270519,1,20270520,1,20270521,1,20270525,1,20270526,1,20270527,1,20270528,1,20270531,1,20270601,1,20270602,1,20270603,1,20270604,1,20270607,1,20270608,1,20270609,1,20270610,1,20270611,1,20270614,1,20270615,1,20270616,1,20270617,1,20270618,1,20270621,1,20270622,1,20270623,1,20270624,1,20270625,1,20270628,1,20270629,1,20270630,1,20270702,1,20270705,1,20270706,1
'1314351',20260908,1,20260909,1,20260910,1,20260911,1,20260914,1,20260915,1,20260916,1,20260917,1,20260918,1,20260921,1,20260922,1,20260923,1,20260924,1,20260925,1,20260928,1,20260929,1,20260930,1,20261001,1,20261002,1,20261005,1,20261006,1,20261007,1,20261008,1,20261009,1,20261013,1,20261014,1,20261015,1,20261016,1,20261019,1,20261020,1,20261021,1,20261022,1,20261023,1,20261026,1,20261027,1,20261028,1,20261029,1,20261030,1,20261102,1,20261103,1,20261104,1,20261105,1,20261106,1,20261109,1,20261110,1,20261111,1,20261112,1,20261113,1,20261116,1,20261117,1,20261118,1,20261119,1,20261120,1,20261123,1,20261124,1,20261125,1,20261126,1,20261127,1,20261130,1,20261201,1,20261202,1,20261203,1,20261204,1,20261207,1,20261208,1,20261209,1,20261210,1,20261211,1,20261214,1,20261215,1,20261216,1,20261217,1,20261218,1,20261221,1,20261222,1,20261223,1,20261224,1,20261228,1,20261229,1,20261230,1,20261231,1,20270104,1,20270105,1,20270106,1,20270107,1,20270108,1,20270111,1,20270112,1,20270113,1,20270114,1,20270115,1,20270118,1,20270119,1,20270120,1,20270121,1,20270122,1,20270125,1,20270126,1,20270127,1,20270128,1,20270129,1,20270201,1,20270202,1,20270203,1,20270204,1,20270205,1,20270208,1,20270209,1,20270210,1,20270211,1,20270212,1,20270216,1,20270217,1,20270218,1,20270219,1,20270222,1,20270223,1,20270224,1,20270225,1,20270226,1,20270301,1,20270302,1,20270303,1,20270304,1,20270305,1,20270308,1,20270309,1,20270310,1,20270311,1,20270312,1,20270315,1,20270316,1,20270317,1,20270318,1,20270319,1,20270322,1,20270323,1,20270324,1,20270325,1,20270330,1,20270331,1,20270401,1,20270402,1,20270405,1,20270406,1,20270407,1,20270408,1,20270409,1,20270412,1,20270413,1,20270414,1,20270415,1,20270416,1,20270419,1,20270420,1,20270421,1,20270422,1,20270423,1,20270426,1,20270427,1,20270428,1,20270429,1,20270430,1,20270503,1,20270504,1,20270505,1,20270506,1,20270507,1,20270510,1,20270511,1,20270512,1,20270513,1,20270514,1,20270517,1,20270518,1,20270519,1,20270520,1,20270521,1,20270525,1,20270526,1,20270527,1,20270528,1,20270531,1,20270601,1,20270602,1,20270603,1,20270604,1,20270607,1,20270608,1,20270609,1,20270610,1,20270611,1,20270614,1,20270615,1,20270616,1,20270617,1,20270618,1,20270621,1,20270622,1,20270623,1,20270624,1,20270625,1,20270628,1,20270629,1,20270630,1,20270702,1,20270705,1,20270706,1
'1314352',20260912,1,20260919,1,20260926,1,20261003,1,20261010,1,20261017,1,20261024,1,20261031,1,20261107,1,20261114,1,20261121,1,20261128,1,20261205,1,20261212,1,20261219,1,20261226,1,20270102,1,20270109,1,20270116,1,20270123,1,20270130,1,20270206,1,20270213,1,20270220,1,20270227,1,20270306,1,20270313,1,20270320,1,20270327,1,20270403,1,20270410,1,20270417,1,20270424,1,20270501,1,20270508,1,20270515,1,20270522,1,20270529,1,20270605,1,20270612,1,20270619,1,20270626,1,20270703,1
'1314353',20260907,1,20260913,1,20260920,1,20260927,1,20261004,1,20261011,1,20261012,1,20261018,1,20261025,1,20261101,1,20261108,1,20261115,1,20261122,1,20261129,1,20261206,1,20261213,1,20261220,1,20261225,1,20261227,1,20270101,1,20270103,1,20270110,1,20270117,1,20270124,1,20270131,1,20270207,1,20270214,1,20270215,1,20270221,1,20270228,1,20270307,1,20270314,1,20270321,1,20270326,1,20270328,1,20270329,1,20270404,1,20270411,1,20270418,1,20270425,1,20270502,1,20270509,1,20270516,1,20270523,1,20270524,1,20270530,1,20270606,1,20270613,1,20270620,1,20270627,1,20270701,1,20270704,1
'1314356',20260908,1,20260909,1,20260910,1,20260911,1,20260914,1,20260915,1,20260916,1,20260917,1,20260918,1,20260921,1,20260922,1,20260923,1,20260924,1,20260925,1,20260928,1,20260929,1,20260930,1,20261001,1,20261002,1,20261005,1,20261006,1,20261007,1,20261008,1,20261009,1,20261013,1,20261014,1,20261015,1,20261016,1,20261019,1,20261020,1,20261021,1,20261022,1,20261023,1,20261026,1,20261027,1,20261028,1,20261029,1,20261030,1,20261102,1,20261103,1,20261104,1,20261105,1,20261106,1,20261109,1,20261110,1,20261111,1,20261112,1,20261113,1,20261116,1,20261117,1,20261118,1,20261119,1,20261120,1,20261123,1,20261124,1,20261125,1,20261126,1,20261127,1,20261130,1,20261201,1,20261202,1,20261203,1,20261204,1,20261207,1,20261208,1,20261209,1,20261210,1,20261211,1,20261214,1,20261215,1,20261216,1,20261217,1,20261218,1,20261221,1,20261222,1,20261223,1,20261224,1,20261228,1,20261229,1,20261230,1,20261231,1,20270104,1,20270105,1,20270106,1,20270107,1,20270108,1,20270111,1,20270112,1,20270113,1,20270114,1,20270115,1,20270118,1,20270119,1,20270120,1,20270121,1,20270122,1,20270125,1,20270126,1,20270127,1,20270128,1,20270129,1,20270201,1,20270202,1,20270203,1,20270204,1,20270205,1,20270208,1,20270209,1,20270210,1,20270211,1,20270212,1,20270216,1,20270217,1,20270218,1,20270219,1,20270222,1,20270223,1,20270224,1,20270225,1,20270226,1,20270301,1,20270302,1,20270303,1,20270304,1,20270305,1,20270308,1,20270309,1,20270310,1,20270311,1,20270312,1,20270315,1,20270316,1,20270317,1,20270318,1,20270319,1,20270322,1,20270323,1,20270324,1,20270325,1,20270330,1,20270331,1,20270401,1,20270402,1,20270405,1,20270406,1,20270407,1,20270408,1,20270409,1,20270412,1,20270413,1,20270414,1,20270415,1,20270416,1,20270419,1,20270420,1,20270421,1,20270422,1,20270423,1,20270426,1,20270427,1,20270428,1,20270429,1,20270430,1,20270503,1,20270504,1,20270505,1,20270506,1,20270507,1,20270510,1,20270511,1,20270512,1,20270513,1,20270514,1,20270517,1,20270518,1,20270519,1,20270520,1,20270521,1,20270525,1,20270526,1,20270527,1,20270528,1,20270531,1,20270601,1,20270602,1,20270603,1,20270604,1,20270607,1,20270608,1,20270609,1,20270610,1,20270611,1,20270614,1,20270615,1,20270616,1,20270617,1,20270618,1,20270621,1,20270622,1,20270623,1,20270624,1,20270625,1,20270628,1,20270629,1,20270630,1,20270702,1,20270705,1,20270706,1
'1314358',20260908,1,20260909,1,20260910,1,20260911,1,20260914,1,20260915,1,20260916,1,20260917,1,20260918,1,20260921,1,20260922,1,20260923,1,20260924,1,20260925,1,20260928,1,20260929,1,20260930,1,20261001,1,20261002,1,20261005,1,20261006,1,20261007,1,20261008,1,20261009,1,20261013,1,20261014,1,20261015,1,20261016,1,20261019,1,20261020,1,20261021,1,20261022,1,20261023,1,20261026,1,20261027,1,20261028,1,20261029,1,20261030,1,20261102,1,20261103,1,20261104,1,20261105,1,20261106,1,20261109,1,20261110,1,20261111,1,20261112,1,20261113,1,20261116,1,20261117,1,20261118,1,20261119,1,20261120,1,20261123,1,20261124,1,20261125,1,20261126,1,20261127,1,20261130,1,20261201,1,20261202,1,20261203,1,20261204,1,20261207,1,20261208,1,20261209,1,20261210,1,20261211,1,20261214,1,20261215,1,20261216,1,20261217,1,20261218,1,20261221,1,20261222,1,20261223,1,20261224,1,20261228,1,20261229,1,20261230,1,20261231,1,20270104,1,20270105,1,20270106,1,20270107,1,20270108,1,20270111,1,20270112,1,20270113,1,20270114,1,20270115,1,20270118,1,20270119,1,20270120,1,20270121,1,20270122,1,20270125,1,20270126,1,20270127,1,20270128,1,20270129,1,20270201,1,20270202,1,20270203,1,20270204,1,20270205,1,20270208,1,20270209,1,20270210,1,20270211,1,20270212,1,20270216,1,20270217,1,20270218,1,20270219,1,20270222,1,20270223,1,20270224,1,20270225,1,20270226,1,20270301,1,20270302,1,20270303,1,20270304,1,20270305,1,20270308,1,20270309,1,20270310,1,20270311,1,20270312,1,20270315,1,20270316,1,20270317,1,20270318,1,20270319,1,20270322,1,20270323,1,20270324,1,20270325,1,20270330,1,20270331,1,20270401,1,20270402,1,20270405,1,20270406,1,20270407,1,20270408,1,20270409,1,20270412,1,20270413,1,20270414,1,20270415,1,20270416,1,20270419,1,20270420,1,20270421,1,20270422,1,20270423,1,20270426,1,20270427,1,20270428,1,20270429,1,20270430,1,20270503,1,20270504,1,20270505,1,20270506,1,20270507,1,20270510,1,20270511,1,20270512,1,20270513,1,20270514,1,20270517,1,20270518,1,20270519,1,20270520,1,20270521,1,20270525,1,20270526,1,20270527,1,20270528,1,20270531,1,20270601,1,20270602,1,20270603,1,20270604,1,20270607,1,20270608,1,20270609,1,20270610,1,20270611,1,20270614,1,20270615,1,20270616,1,20270617,1,20270618,1,20270621,1,20270622,1,20270623,1,20270624,1,20270625,1,20270628,1,20270629,1,20270630,1,20270702,1,20270705,1,20270706,1
'1314362',20260908,1,20260909,1,20260910,1,20260911,1,20260914,1,20260915,1,20260916,1,20260917,1,20260918,1,20260921,1,20260922,1,20260923,1,20260924,1,20260925,1,20260928,1,20260929,1,20260930,1,20261001,1,20261002,1,20261005,1,20261006,1,20261007,1,20261008,1,20261009,1,20261013,1,20261014,1,20261015,1,20261016,1,20261019,1,20261020,1,20261021,1,20261022,1,20261023,1,20261026,1,20261027,1,20261028,1,20261029,1,20261030,1,20261102,1,20261103,1,20261104,1,20261105,1,20261106,1,20261109,1,20261110,1,20261111,1,20261112,1,20261113,1,20261116,1,20261117,1,20261118,1,20261119,1,20261120,1,20261123,1,20261124,1,20261125,1,20261126,1,20261127,1,20261130,1,20261201,1,20261202,1,20261203,1,20261204,1,20261207,1,20261208,1,20261209,1,20261210,1,20261211,1,20261214,1,20261215,1,20261216,1,20261217,1,20261218,1,20261221,1,20261222,1,20261223,1,20261224,1,20261228,1,20261229,1,20261230,1,20261231,1,20270104,1,20270105,1,20270106,1,20270107,1,20270108,1,20270111,1,20270112,1,20270113,1,20270114,1,20270115,1,20270118,1,20270119,1,20270120,1,20270121,1,20270122,1,20270125,1,20270126,1,20270127,1,20270128,1,20270129,1,20270201,1,20270202,1,20270203,1,20270204,1,20270205,1,20270208,1,20270209,1,20270210,1,20270211,1,20270212,1,20270216,1,20270217,1,20270218,1,20270219,1,20270222,1,20270223,1,20270224,1,20270225,1,20270226,1,20270301,1,20270302,1,20270303,1,20270304,1,20270305,1,20270308,1,20270309,1,20270310,1,20270311,1,20270312,1,20270315,1,20270316,1,20270317,1,20270318,1,20270319,1,20270322,1,20270323,1,20270324,1,20270325,1,20270330,1,20270331,1,20270401,1,20270402,1,20270405,1,20270406,1,20270407,1,20270408,1,20270409,1,20270412,1,20270413,1,20270414,1,20270415,1,20270416,1,20270419,1,20270420,1,20270421,1,20270422,1,20270423,1,20270426,1,20270427,1,20270428,1,20270429,1,20270430,1,20270503,1,20270504,1,20270505,1,20270506,1,20270507,1,20270510,1,20270511,1,20270512,1,20270513,1,20270514,1,20270517,1,20270518,1,20270519,1,20270520,1,20270521,1,20270525,1,20270526,1,20270527,1,20270528,1,20270531,1,20270601,1,20270602,1,20270603,1,20270604,1,20270607,1,20270608,1,20270609,1,20270610,1,20270611,1,20270614,1,20270615,1,20270616,1,20270617,1,20270618,1,20270621,1,20270622,1,20270623,1,20270624,1,20270625,1,20270628,1,20270629,1,20270630,1,20270702,1,20270705,1,20270706,1
'1314367',20260908,1,20260909,1,20260910,1,20260911,1,20260914,1,20260915,1,20260916,1,20260917,1,20260918,1,20260921,1,20260922,1,20260923,1,20260924,1,20260925,1,20260928,1,20260929,1,20260930,1,20261001,1,20261002,1,20261005,1,20261006,1,20261007,1,20261008,1,20261009,1,20261013,1,20261014,1,20261015,1,20261016,1,20261019,1,20261020,1,20261021,1,20261022,1,20261023,1,20261026,1,20261027,1,20261028,1,20261029,1,20261030,1,20261102,1,20261103,1,20261104,1,20261105,1,20261106,1,20261109,1,20261110,1,20261111,1,20261112,1,20261113,1,20261116,1,20261117,1,20261118,1,20261119,1,20261120,1,20261123,1,20261124,1,20261125,1,20261126,1,20261127,1,20261130,1,20261201,1,20261202,1,20261203,1,20261204,1,20261207,1,20261208,1,20261209,1,20261210,1,20261211,1,20261214,1,20261215,1,20261216,1,20261217,1,20261218,1,20261221,1,20261222,1,20261223,1,20261224,1,20261228,1,20261229,1,20261230,1,20261231,1,20270104,1,20270105,1,20270106,1,20270107,1,20270108,1,20270111,1,20270112,1,20270113,1,20270114,1,20270115,1,20270118,1,20270119,1,20270120,1,20270121,1,20270122,1,20270125,1,20270126,1,20270127,1,20270128,1,20270129,1,20270201,1,20270202,1,20270203,1,20270204,1,20270205,1,20270208,1,20270209,1,20270210,1,20270211,1,20270212,1,20270216,1,20270217,1,20270218,1,20270219,1,20270222,1,20270223,1,20270224,1,20270225,1,20270226,1,20270301,1,20270302,1,20270303,1,20270304,1,20270305,1,20270308,1,20270309,1,20270310,1,20270311,1,20270312,1,20270315,1,20270316,1,20270317,1,20270318,1,20270319,1,20270322,1,20270323,1,20270324,1,20270325,1,20270330,1,20270331,1,20270401,1,20270402,1,20270405,1,20270406,1,20270407,1,20270408,1,20270409,1,20270412,1,20270413,1,20270414,1,20270415,1,20270416,1,20270419,1,20270420,1,20270421,1,20270422,1,20270423,1,20270426,1,20270427,1,20270428,1,20270429,1,20270430,1,20270503,1,20270504,1,20270505,1,20270506,1,20270507,1,20270510,1,20270511,1,20270512,1,20270513,1,20270514,1,20270517,1,20270518,1,20270519,1,20270520,1,20270521,1,20270525,1,20270526,1,20270527,1,20270528,1,20270531,1,20270601,1,20270602,1,20270603,1,20270604,1,20270607,1,20270608,1,20270609,1,20270610,1,20270611,1,20270614,1,20270615,1,20270616,1,20270617,1,20270618,1,20270621,1,20270622,1,20270623,1,20270624,1,20270625,1,20270628,1,20270629,1,20270630,1,20270702,1,20270705,1,20270706,1
'1314368',20260908,1,20260909,1,20260910,1,20260911,1,20260914,1,20260915,1,20260916,1,20260917,1,20260918,1,20260921,1,20260922,1,20260923,1,20260924,1,20260925,1,20260928,1,20260929,1,20260930,1,20261001,1,20261002,1,20261005,1,20261006,1,20261007,1,20261008,1,20261009,1,20261013,1,20261014,1,20261015,1,20261016,1,20261019,1,20261020,1,20261021,1,20261022,1,20261023,1,20261026,1,20261027,1,20261028,1,20261029,1,20261030,1,20261102,1,20261103,1,20261104,1,20261105,1,20261106,1,20261109,1,20261110,1,20261111,1,20261112,1,20261113,1,20261116,1,20261117,1,20261118,1,20261119,1,20261120,1,20261123,1,20261124,1,20261125,1,20261126,1,20261127,1,20261130,1,20261201,1,20261202,1,20261203,1,20261204,1,20261207,1,20261208,1,20261209,1,20261210,1,20261211,1,20261214,1,20261215,1,20261216,1,20261217,1,20261218,1,20261221,1,20261222,1,20261223,1,20261224,1,20261228,1,20261229,1,20261230,1,20261231,1,20270104,1,20270105,1,20270106,1,20270107,1,20270108,1,20270111,1,20270112,1,20270113,1,20270114,1,20270115,1,20270118,1,20270119,1,20270120,1,20270121,1,20270122,1,20270125,1,20270126,1,20270127,1,20270128,1,20270129,1,20270201,1,20270202,1,20270203,1,20270204,1,20270205,1,20270208,1,20270209,1,20270210,1,20270211,1,20270212,1,20270216,1,20270217,1,20270218,1,20270219,1,20270222,1,20270223,1,20270224,1,20270225,1,20270226,1,20270301,1,20270302,1,20270303,1,20270304,1,20270305,1,20270308,1,20270309,1,20270310,1,20270311,1,20270312,1,20270315,1,20270316,1,20270317,1,20270318,1,20270319,1,20270322,1,20270323,1,20270324,1,20270325,1,20270330,1,20270331,1,20270401,1,20270402,1,20270405,1,20270406,1,20270407,1,20270408,1,20270409,1,20270412,1,20270413,1,20270414,1,20270415,1,20270416,1,20270419,1,20270420,1,20270421,1,20270422,1,20270423,1,20270426,1,20270427,1,20270428,1,20270429,1,20270430,1,20270503,1,20270504,1,20270505,1,20270506,1,20270507,1,20270510,1,20270511,1,20270512,1,20270513,1,20270514,1,20270517,1,20270518,1,20270519,1,20270520,1,20270521,1,20270525,1,20270526,1,20270527,1,20270528,1,20270531,1,20270601,1,20270602,1,20270603,1,20270604,1,20270607,1,20270608,1,20270609,1,20270610,1,20270611,1,20270614,1,20270615,1,20270616,1,20270617,1,20270618,1,20270621,1,20270622,1,20270623,1,20270624,1,20270625,1,20270628,1,20270629,1,20270630,1,20270702,1,20270705,1,20270706,1
'1314371',20260912,1,20260919,1,20260926,1,20261003,1,20261010,1,20261017,1,20261024,1,20261031,1,20261107,1,20261114,1,20261121,1,20261128,1,20261205,1,20261212,1,20261219,1,20261226,1,20270102,1,20270109,1,20270116,1,20270123,1,20270130,1,20270206,1,20270213,1,20270220,1,20270227,1,20270306,1,20270313,1,20270320,1,20270327,1,20270403,1,20270410,1,20270417,1,20270424,1,20270501,1,20270508,1,20270515,1,20270522,1,20270529,1,20270605,1,20270612,1,20270619,1,20270626,1,20270703,1
'1314372',20260908,1,20260909,1,20260910,1,20260911,1,20260914,1,20260915,1,20260916,1,20260917,1,20260918,1,20260921,1,20260922,1,20260923,1,20260924,1,20260925,1,20260928,1,20260929,1,20260930,1,20261001,1,20261002,1,20261005,1,20261006,1,20261007,1,20261008,1,20261009,1,20261013,1,20261014,1,20261015,1,20261016,1,20261019,1,20261020,1,20261021,1,20261022,1,20261023,1,20261026,1,20261027,1,20261028,1,20261029,1,20261030,1,20261102,1,20261103,1,20261104,1,20261105,1,20261106,1,20261109,1,20261110,1,20261111,1,20261112,1,20261113,1,20261116,1,20261117,1,20261118,1,20261119,1,20261120,1,20261123,1,20261124,1,20261125,1,20261126,1,20261127,1,20261130,1,20261201,1,20261202,1,20261203,1,20261204,1,20261207,1,20261208,1,20261209,1,20261210,1,20261211,1,20261214,1,20261215,1,20261216,1,20261217,1,20261218,1,20261221,1,20261222,1,20261223,1,20261224,1,20261228,1,20261229,1,20261230,1,20261231,1,20270104,1,20270105,1,20270106,1,20270107,1,20270108,1,20270111,1,20270112,1,20270113,1,20270114,1,20270115,1,20270118,1,20270119,1,20270120,1,20270121,1,20270122,1,20270125,1,20270126,1,20270127,1,20270128,1,20270129,1,20270201,1,20270202,1,20270203,1,20270204,1,20270205,1,20270208,1,20270209,1,20270210,1,20270211,1,20270212,1,20270216,1,20270217,1,20270218,1,20270219,1,20270222,1,20270223,1,20270224,1,20270225,1,20270226,1,20270301,1,20270302,1,20270303,1,20270304,1,20270305,1,20270308,1,20270309,1,20270310,1,20270311,1,20270312,1,20270315,1,20270316,1,20270317,1,20270318,1,20270319,1,20270322,1,20270323,1,20270324,1,20270325,1,20270330,1,20270331,1,20270401,1,20270402,1,20270405,1,20270406,1,20270407,1,20270408,1,20270409,1,20270412,1,20270413,1,20270414,1,20270415,1,20270416,1,20270419,1,20270420,1,20270421,1,20270422,1,20270423,1,20270426,1,20270427,1,20270428,1,20270429,1,20270430,1,20270503,1,20270504,1,20270505,1,20270506,1,20270507,1,20270510,1,20270511,1,20270512,1,20270513,1,20270514,1,20270517,1,20270518,1,20270519,1,20270520,1,20270521,1,20270525,1,20270526,1,20270527,1,20270528,1,20270531,1,20270601,1,20270602,1,20270603,1,20270604,1,20270607,1,20270608,1,20270609,1,20270610,1,20270611,1,20270614,1,20270615,1,20270616,1,20270617,1,20270618,1,20270621,1,20270622,1,20270623,1,20270624,1,20270625,1,20270628,1,20270629,1,20270630,1,20270702,1,20270705,1,20270706,1
'1314373',20260908,1,20260909,1,20260910,1,20260911,1,20260914,1,20260915,1,20260916,1,20260917,1,20260918,1,20260921,1,20260922,1,20260923,1,20260924,1,20260925,1,20260928,1,20260929,1,20260930,1,20261001,1,20261002,1,20261005,1,20261006,1,20261007,1,20261008,1,20261009,1,20261013,1,20261014,1,20261015,1,20261016,1,20261019,1,20261020,1,20261021,1,20261022,1,20261023,1,20261026,1,20261027,1,20261028,1,20261029,1,20261030,1,20261102,1,20261103,1,20261104,1,20261105,1,20261106,1,20261109,1,20261110,1,20261111,1,20261112,1,20261113,1,20261116,1,20261117,1,20261118,1,20261119,1,20261120,1,20261123,1,20261124,1,20261125,1,20261126,1,20261127,1,20261130,1,20261201,1,20261202,1,20261203,1,20261204,1,20261207,1,20261208,1,20261209,1,20261210,1,20261211,1,20261214,1,20261215,1,20261216,1,20261217,1,20261218,1,20261221,1,20261222,1,20261223,1,20261224,1,20261228,1,20261229,1,20261230,1,20261231,1,20270104,1,20270105,1,20270106,1,20270107,1,20270108,1,20270111,1,20270112,1,20270113,1,20270114,1,20270115,1,20270118,1,20270119,1,20270120,1,20270121,1,20270122,1,20270125,1,20270126,1,20270127,1,20270128,1,20270129,1,20270201,1,20270202,1,20270203,1,20270204,1,20270205,1,20270208,1,20270209,1,20270210,1,20270211,1,20270212,1,20270216,1,20270217,1,20270218,1,20270219,1,20270222,1,20270223,1,20270224,1,20270225,1,20270226,1,20270301,1,20270302,1,20270303,1,20270304,1,20270305,1,20270308,1,20270309,1,20270310,1,20270311,1,20270312,1,20270315,1,20270316,1,20270317,1,20270318,1,20270319,1,20270322,1,20270323,1,20270324,1,20270325,1,20270330,1,20270331,1,20270401,1,20270402,1,20270405,1,20270406,1,20270407,1,20270408,1,20270409,1,20270412,1,20270413,1,20270414,1,20270415,1,20270416,1,20270419,1,20270420,1,20270421,1,20270422,1,20270423,1,20270426,1,20270427,1,20270428,1,20270429,1,20270430,1,20270503,1,20270504,1,20270505,1,20270506,1,20270507,1,20270510,1,20270511,1,20270512,1,20270513,1,20270514,1,20270517,1,20270518,1,20270519,1,20270520,1,20270521,1,20270525,1,20270526,1,20270527,1,20270528,1,20270531,1,20270601,1,20270602,1,20270603,1,20270604,1,20270607,1,20270608,1,20270609,1,20270610,1,20270611,1,20270614,1,20270615,1,20270616,1,20270617,1,20270618,1,20270621,1,20270622,1,20270623,1,20270624,1,20270625,1,20270628,1,20270629,1,20270630,1,20270702,1,20270705,1,20270706,1
'1314375',20260912,1,20260919,1,20260926,1,20261003,1,20261010,1,20261017,1,20261024,1,20261031,1,20261107,1,20261114,1,20261121,1,20261128,1,20261205,1,20261212,1,20261219,1,20261226,1,20270102,1,20270109,1,20270116,1,20270123,1,20270130,1,20270206,1,20270213,1,20270220,1,20270227,1,20270306,1,20270313,1,20270320,1,20270327,1,20270403,1,20270410,1,20270417,1,20270424,1,20270501,1,20270508,1,20270515,1,20270522,1,20270529,1,20270605,1,20270612,1,20270619,1,20270626,1,20270703,1
'1314397',20260908,1,20260909,1,20260910,1,20260911,1,20260914,1,20260915,1,20260916,1,20260917,1,20260918,1,20260921,1,20260922,1,20260923,1,20260924,1,20260925,1,20260928,1,20260929,1,20260930,1,20261001,1,20261002,1,20261005,1,20261006,1,20261007,1,20261008,1,20261009,1,20261013,1,20261014,1,20261015,1,20261016,1,20261019,1,20261020,1,20261021,1,20261022,1,20261023,1,20261026,1,20261027,1,20261028,1,20261029,1,20261030,1,20261102,1,20261103,1,20261104,1,20261105,1,20261106,1,20261109,1,20261110,1,20261111,1,20261112,1,20261113,1,20261116,1,20261117,1,20261118,1,20261119,1,20261120,1,20261123,1,20261124,1,20261125,1,20261126,1,20261127,1,20261130,1,20261201,1,20261202,1,20261203,1,20261204,1,20261207,1,20261208,1,20261209,1,20261210,1,20261211,1,20261214,1,20261215,1,20261216,1,20261217,1,20261218,1,20261221,1,20261222,1,20261223,1,20261224,1,20261228,1,20261229,1,20261230,1,20261231,1,20270104,1,20270105,1,20270106,1,20270107,1,20270108,1,20270111,1,20270112,1,20270113,1,20270114,1,20270115,1,20270118,1,20270119,1,20270120,1,20270121,1,20270122,1,20270125,1,20270126,1,20270127,1,20270128,1,20270129,1,20270201,1,20270202,1,20270203,1,20270204,1,20270205,1,20270208,1,20270209,1,20270210,1,20270211,1,20270212,1,20270216,1,20270217,1,20270218,1,20270219,1,20270222,1,20270223,1,20270224,1,20270225,1,20270226,1,20270301,1,20270302,1,20270303,1,20270304,1,20270305,1,20270308,1,20270309,1,20270310,1,20270311,1,20270312,1,20270315,1,20270316,1,20270317,1,20270318,1,20270319,1,20270322,1,20270323,1,20270324,1,20270325,1,20270330,1,20270331,1,20270401,1,20270402,1,20270405,1,20270406,1,20270407,1,20270408,1,20270409,1,20270412,1,20270413,1,20270414,1,20270415,1,20270416,1,20270419,1,20270420,1,20270421,1,20270422,1,20270423,1,20270426,1,20270427,1,20270428,1,20270429,1,20270430,1,20270503,1,20270504,1,20270505,1,20270506,1,20270507,1,20270510,1,20270511,1,20270512,1,20270513,1,20270514,1,20270517,1,20270518,1,20270519,1,20270520,1,20270521,1,20270525,1,20270526,1,20270527,1,20270528,1,20270531,1,20270601,1,20270602,1,20270603,1,20270604,1,20270607,1,20270608,1,20270609,1,20270610,1,20270611,1,20270614,1,20270615,1,20270616,1,20270617,1,20270618,1,20270621,1,20270622,1,20270623,1,20270624,1,20270625,1,20270628,1,20270629,1,20270630,1,20270702,1,20270705,1,20270706,1
'1314398',20260908,1,20260909,1,20260910,1,20260911,1,20260914,1,20260915,1,20260916,1,20260917,1,20260918,1,20260921,1,20260922,1,20260923,1,20260924,1,20260925,1,20260928,1,20260929,1,20260930,1,20261001,1,20261002,1,20261005,1,20261006,1,20261007,1,20261008,1,20261009,1,20261013,1,20261014,1,20261015,1,20261016,1,20261019,1,20261020,1,20261021,1,20261022,1,20261023,1,20261026,1,20261027,1,20261028,1,20261029,1,20261030,1,20261102,1,20261103,1,20261104,1,20261105,1,20261106,1,20261109,1,20261110,1,20261111,1,20261112,1,20261113,1,20261116,1,20261117,1,20261118,1,20261119,1,20261120,1,20261123,1,20261124,1,20261125,1,20261126,1,20261127,1,20261130,1,20261201,1,20261202,1,20261203,1,20261204,1,20261207,1,20261208,1,20261209,1,20261210,1,20261211,1,20261214,1,20261215,1,20261216,1,20261217,1,20261218,1,20261221,1,20261222,1,20261223,1,20261224,1,20261228,1,20261229,1,20261230,1,20261231,1,20270104,1,20270105,1,20270106,1,20270107,1,20270108,1,20270111,1,20270112,1,20270113,1,20270114,1,20270115,1,20270118,1,20270119,1,20270120,1,20270121,1,20270122,1,20270125,1,20270126,1,20270127,1,20270128,1,20270129,1,20270201,1,20270202,1,20270203,1,20270204,1,20270205,1,20270208,1,20270209,1,20270210,1,20270211,1,20270212,1,20270216,1,20270217,1,20270218,1,20270219,1,20270222,1,20270223,1,20270224,1,20270225,1,20270226,1,20270301,1,20270302,1,20270303,1,20270304,1,20270305,1,20270308,1,20270309,1,20270310,1,20270311,1,20270312,1,20270315,1,20270316,1,20270317,1,20270318,1,20270319,1,20270322,1,20270323,1,20270324,1,20270325,1,20270330,1,20270331,1,20270401,1,20270402,1,20270405,1,20270406,1,20270407,1,20270408,1,20270409,1,20270412,1,20270413,1,20270414,1,20270415,1,20270416,1,20270419,1,20270420,1,20270421,1,20270422,1,20270423,1,20270426,1,20270427,1,20270428,1,20270429,1,20270430,1,20270503,1,20270504,1,20270505,1,20270506,1,20270507,1,20270510,1,20270511,1,20270512,1,20270513,1,20270514,1,20270517,1,20270518,1,20270519,1,20270520,1,20270521,1,20270525,1,20270526,1,20270527,1,20270528,1,20270531,1,20270601,1,20270602,1,20270603,1,20270604,1,20270607,1,20270608,1,20270609,1,20270610,1,20270611,1,20270614,1,20270615,1,20270616,1,20270617,1,20270618,1,20270621,1,20270622,1,20270623,1,20270624,1,20270625,1,20270628,1,20270629,1,20270630,1,20270702,1,20270705,1,20270706,1
'1314400',20260908,1,20260909,1,20260910,1,20260911,1,20260914,1,20260915,1,20260916,1,20260917,1,20260918,1,20260921,1,20260922,1,20260923,1,20260924,1,20260925,1,20260928,1,20260929,1,20260930,1,20261001,1,20261002,1,20261005,1,20261006,1,20261007,1,20261008,1,20261009,1,20261013,1,20261014,1,20261015,1,20261016,1,20261019,1,20261020,1,20261021,1,20261022,1,20261023,1,20261026,1,20261027,1,20261028,1,20261029,1,20261030,1,20261102,1,20261103,1,20261104,1,20261105,1,20261106,1,20261109,1,20261110,1,20261111,1,20261112,1,20261113,1,20261116,1,20261117,1,20261118,1,20261119,1,20261120,1,20261123,1,20261124,1,20261125,1,20261126,1,20261127,1,20261130,1,20261201,1,20261202,1,20261203,1,20261204,1,20261207,1,20261208,1,20261209,1,20261210,1,20261211,1,20261214,1,20261215,1,20261216,1,20261217,1,20261218,1,20261221,1,20261222,1,20261223,1,20261224,1,20261228,1,20261229,1,20261230,1,20261231,1,20270104,1,20270105,1,20270106,1,20270107,1,20270108,1,20270111,1,20270112,1,20270113,1,20270114,1,20270115,1,20270118,1,20270119,1,20270120,1,20270121,1,20270122,1,20270125,1,20270126,1,20270127,1,20270128,1,20270129,1,20270201,1,20270202,1,20270203,1,20270204,1,20270205,1,20270208,1,20270209,1,20270210,1,20270211,1,20270212,1,20270216,1,20270217,1,20270218,1,20270219,1,20270222,1,20270223,1,20270224,1,20270225,1,20270226,1,20270301,1,20270302,1,20270303,1,20270304,1,20270305,1,20270308,1,20270309,1,20270310,1,20270311,1,20270312,1,20270315,1,20270316,1,20270317,1,20270318,1,20270319,1,20270322,1,20270323,1,20270324,1,20270325,1,20270330,1,20270331,1,20270401,1,20270402,1,20270405,1,20270406,1,20270407,1,20270408,1,20270409,1,20270412,1,20270413,1,20270414,1,20270415,1,20270416,1,20270419,1,20270420,1,20270421,1,20270422,1,20270423,1,20270426,1,20270427,1,20270428,1,20270429,1,20270430,1,20270503,1,20270504,1,20270505,1,20270506,1,20270507,1,20270510,1,20270511,1,20270512,1,20270513,1,20270514,1,20270517,1,20270518,1,20270519,1,20270520,1,20270521,1,20270525,1,20270526,1,20270527,1,20270528,1,20270531,1,20270601,1,20270602,1,20270603,1,20270604,1,20270607,1,20270608,1,20270609,1,20270610,1,20270611,1,20270614,1,20270615,1,20270616,1,20270617,1,20270618,1,20270621,1,20270622,1,20270623,1,20270624,1,20270625,1,20270628,1,20270629,1,20270630,1,20270702,1,20270705,1,20270706,1
'1314401',20260907,1,20260913,1,20260920,1,20260927,1,20261004,1,20261011,1,20261012,1,20261018,1,20261025,1,20261101,1,20261108,1,20261115,1,20261122,1,20261129,1,20261206,1,20261213,1,20261220,1,20261225,1,20261227,1,20270101,1,20270103,1,20270110,1,20270117,1,20270124,1,20270131,1,20270207,1,20270214,1,20270215,1,20270221,1,20270228,1,20270307,1,20270314,1,20270321,1,20270326,1,20270328,1,20270329,1,20270404,1,20270411,1,20270418,1,20270425,1,20270502,1,20270509,1,20270516,1,20270523,1,20270524,1,20270530,1,20270606,1,20270613,1,20270620,1,20270627,1,20270701,1,20270704,1
'1314404',20260908,1,20260909,1,20260910,1,20260911,1,20260914,1,20260915,1,20260916,1,20260917,1,20260918,1,20260921,1,20260922,1,20260923,1,20260924,1,20260925,1,20260928,1,20260929,1,20260930,1,20261001,1,20261002,1,20261005,1,20261006,1,20261007,1,20261008,1,20261009,1,20261013,1,20261014,1,20261015,1,20261016,1,20261019,1,20261020,1,20261021,1,20261022,1,20261023,1,20261026,1,20261027,1,20261028,1,20261029,1,20261030,1,20261102,1,20261103,1,20261104,1,20261105,1,20261106,1,20261109,1,20261110,1,20261111,1,20261112,1,20261113,1,20261116,1,20261117,1,20261118,1,20261119,1,20261120,1,20261123,1,20261124,1,20261125,1,20261126,1,20261127,1,20261130,1,20261201,1,20261202,1,20261203,1,20261204,1,20261207,1,20261208,1,20261209,1,20261210,1,20261211,1,20261214,1,20261215,1,20261216,1,20261217,1,20261218,1,20261221,1,20261222,1,20261223,1,20261224,1,20261228,1,20261229,1,20261230,1,20261231,1,20270104,1,20270105,1,20270106,1,20270107,1,20270108,1,20270111,1,20270112,1,20270113,1,20270114,1,20270115,1,20270118,1,20270119,1,20270120,1,20270121,1,20270122,1,20270125,1,20270126,1,20270127,1,20270128,1,20270129,1,20270201,1,20270202,1,20270203,1,20270204,1,20270205,1,20270208,1,20270209,1,20270210,1,20270211,1,20270212,1,20270216,1,20270217,1,20270218,1,20270219,1,20270222,1,20270223,1,20270224,1,20270225,1,20270226,1,20270301,1,20270302,1,20270303,1,20270304,1,20270305,1,20270308,1,20270309,1,20270310,1,20270311,1,20270312,1,20270315,1,20270316,1,20270317,1,20270318,1,20270319,1,20270322,1,20270323,1,20270324,1,20270325,1,20270330,1,20270331,1,20270401,1,20270402,1,20270405,1,20270406,1,20270407,1,20270408,1,20270409,1,20270412,1,20270413,1,20270414,1,20270415,1,20270416,1,20270419,1,20270420,1,20270421,1,20270422,1,20270423,1,20270426,1,20270427,1,20270428,1,20270429,1,20270430,1,20270503,1,20270504,1,20270505,1,20270506,1,20270507,1,20270510,1,20270511,1,20270512,1,20270513,1,20270514,1,20270517,1,20270518,1,20270519,1,20270520,1,20270521,1,20270525,1,20270526,1,20270527,1,20270528,1,20270531,1,20270601,1,20270602,1,20270603,1,20270604,1,20270607,1,20270608,1,20270609,1,20270610,1,20270611,1,20270614,1,20270615,1,20270616,1,20270617,1,20270618,1,20270621,1,20270622,1,20270623,1,20270624,1,20270625,1,20270628,1,20270629,1,20270630,1,20270702,1,20270705,1,20270706,1
'1314406',20260912,1,20260919,1,20260926,1,20261003,1,20261010,1,20261017,1,20261024,1,20261031,1,20261107,1,20261114,1,20261121,1,20261128,1,20261205,1,20261212,1,20261219,1,20261226,1,20270102,1,20270109,1,20270116,1,20270123,1,20270130,1,20270206,1,20270213,1,20270220,1,20270227,1,20270306,1,20270313,1,20270320,1,20270327,1,20270403,1,20270410,1,20270417,1,20270424,1,20270501,1,20270508,1,20270515,1,20270522,1,20270529,1,20270605,1,20270612,1,20270619,1,20270626,1,20270703,1
'1314417',20260908,1,20260909,1,20260910,1,20260911,1,20260914,1,20260915,1,20260916,1,20260917,1,20260918,1,20260921,1,20260922,1,20260923,1,20260924,1,20260925,1,20260928,1,20260929,1,20260930,1,20261001,1,20261002,1,20261005,1,20261006,1,20261007,1,20261008,1,20261009,1,20261013,1,20261014,1,20261015,1,20261016,1,20261019,1,20261020,1,20261021,1,20261022,1,20261023,1,20261026,1,20261027,1,20261028,1,20261029,1,20261030,1,20261102,1,20261103,1,20261104,1,20261105,1,20261106,1,20261109,1,20261110,1,20261111,1,20261112,1,20261113,1,20261116,1,20261117,1,20261118,1,20261119,1,20261120,1,20261123,1,20261124,1,20261125,1,20261126,1,20261127,1,20261130,1,20261201,1,20261202,1,20261203,1,20261204,1,20261207,1,20261208,1,20261209,1,20261210,1,20261211,1,20261214,1,20261215,1,20261216,1,20261217,1,20261218,1,20261221,1,20261222,1,20261223,1,20261224,1,20261228,1,20261229,1,20261230,1,20261231,1,20270104,1,20270105,1,20270106,1,20270107,1,20270108,1,20270111,1,20270112,1,20270113,1,20270114,1,20270115,1,20270118,1,20270119,1,20270120,1,20270121,1,20270122,1,20270125,1,20270126,1,20270127,1,20270128,1,20270129,1,20270201,1,20270202,1,20270203,1,20270204,1,20270205,1,20270208,1,20270209,1,20270210,1,20270211,1,20270212,1,20270216,1,20270217,1,20270218,1,20270219,1,20270222,1,20270223,1,20270224,1,20270225,1,20270226,1,20270301,1,20270302,1,20270303,1,20270304,1,20270305,1,20270308,1,20270309,1,20270310,1,20270311,1,20270312,1,20270315,1,20270316,1,20270317,1,20270318,1,20270319,1,20270322,1,20270323,1,20270324,1,20270325,1,20270330,1,20270331,1,20270401,1,20270402,1,20270405,1,20270406,1,20270407,1,20270408,1,20270409,1,20270412,1,20270413,1,20270414,1,20270415,1,20270416,1,20270419,1,20270420,1,20270421,1,20270422,1,20270423,1,20270426,1,20270427,1,20270428,1,20270429,1,20270430,1,20270503,1,20270504,1,20270505,1,20270506,1,20270507,1,20270510,1,20270511,1,20270512,1,20270513,1,20270514,1,20270517,1,20270518,1,20270519,1,20270520,1,20270521,1,20270525,1,20270526,1,20270527,1,20270528,1,20270531,1,20270601,1,20270602,1,20270603,1,20270604,1,20270607,1,20270608,1,20270609,1,20270610,1,20270611,1,20270614,1,20270615,1,20270616,1,20270617,1,20270618,1,20270621,1,20270622,1,20270623,1,20270624,1,20270625,1,20270628,1,20270629,1,20270630,1,20270702,1,20270705,1,20270706,1
'1314422',20260908,1,20260909,1,20260910,1,20260911,1,20260914,1,20260915,1,20260916,1,20260917,1,20260918,1,20260921,1,20260922,1,20260923,1,20260924,1,20260925,1,20260928,1,20260929,1,20260930,1,20261001,1,20261002,1,20261005,1,20261006,1,20261007,1,20261008,1,20261009,1,20261013,1,20261014,1,20261015,1,20261016,1,20261019,1,20261020,1,20261021,1,20261022,1,20261023,1,20261026,1,20261027,1,20261028,1,20261029,1,20261030,1,20261102,1,20261103,1,20261104,1,20261105,1,20261106,1,20261109,1,20261110,1,20261111,1,20261112,1,20261113,1,20261116,1,20261117,1,20261118,1,20261119,1,20261120,1,20261123,1,20261124,1,20261125,1,20261126,1,20261127,1,20261130,1,20261201,1,20261202,1,20261203,1,20261204,1,20261207,1,20261208,1,20261209,1,20261210,1,20261211,1,20261214,1,20261215,1,20261216,1,20261217,1,20261218,1,20261221,1,20261222,1,20261223,1,20261224,1,20261228,1,20261229,1,20261230,1,20261231,1,20270104,1,20270105,1,20270106,1,20270107,1,20270108,1,20270111,1,20270112,1,20270113,1,20270114,1,20270115,1,20270118,1,20270119,1,20270120,1,20270121,1,20270122,1,20270125,1,20270126,1,20270127,1,20270128,1,20270129,1,20270201,1,20270202,1,20270203,1,20270204,1,20270205,1,20270208,1,20270209,1,20270210,1,20270211,1,20270212,1,20270216,1,20270217,1,20270218,1,20270219,1,20270222,1,20270223,1,20270224,1,20270225,1,20270226,1,20270301,1,20270302,1,20270303,1,20270304,1,20270305,1,20270308,1,20270309,1,20270310,1,20270311,1,20270312,1,20270315,1,20270316,1,20270317,1,20270318,1,20270319,1,20270322,1,20270323,1,20270324,1,20270325,1,20270330,1,20270331,1,20270401,1,20270402,1,20270405,1,20270406,1,20270407,1,20270408,1,20270409,1,20270412,1,20270413,1,20270414,1,20270415,1,20270416,1,20270419,1,20270420,1,20270421,1,20270422,1,20270423,1,20270426,1,20270427,1,20270428,1,20270429,1,20270430,1,20270503,1,20270504,1,20270505,1,20270506,1,20270507,1,20270510,1,20270511,1,20270512,1,20270513,1,20270514,1,20270517,1,20270518,1,20270519,1,20270520,1,20270521,1,20270525,1,20270526,1,20270527,1,20270528,1,20270531,1,20270601,1,20270602,1,20270603,1,20270604,1,20270607,1,20270608,1,20270609,1,20270610,1,20270611,1,20270614,1,20270615,1,20270616,1,20270617,1,20270618,1,20270621,1,20270622,1,20270623,1,20270624,1,20270625,1,20270628,1,20270629,1,20270630,1,20270702,1,20270705,1,20270706,1
'1314426',20260907,1,20260913,1,20260920,1,20260927,1,20261004,1,20261011,1,20261012,1,20261018,1,20261025,1,20261101,1,20261108,1,20261115,1,20261122,1,20261129,1,20261206,1,20261213,1,20261220,1,20261225,1,20261227,1,20270101,1,20270103,1,20270110,1,20270117,1,20270124,1,20270131,1,20270207,1,20270214,1,20270215,1,20270221,1,20270228,1,20270307,1,20270314,1,20270321,1,20270326,1,20270328,1,20270329,1,20270404,1,20270411,1,20270418,1,20270425,1,20270502,1,20270509,1,20270516,1,20270523,1,20270524,1,20270530,1,20270606,1,20270613,1,20270620,1,20270627,1,20270701,1,20270704,1
'1314431',20260908,1,20260909,1,20260910,1,20260911,1,20260914,1,20260915,1,20260916,1,20260917,1,20260918,1,20260921,1,20260922,1,20260923,1,20260924,1,20260925,1,20260928,1,20260929,1,20260930,1,20261001,1,20261002,1,20261005,1,20261006,1,20261007,1,20261008,1,20261009,1,20261013,1,20261014,1,20261015,1,20261016,1,20261019,1,20261020,1,20261021,1,20261022,1,20261023,1,20261026,1,20261027,1,20261028,1,20261029,1,20261030,1,20261102,1,20261103,1,20261104,1,20261105,1,20261106,1,20261109,1,20261110,1,20261111,1,20261112,1,20261113,1,20261116,1,20261117,1,20261118,1,20261119,1,20261120,1,20261123,1,20261124,1,20261125,1,20261126,1,20261127,1,20261130,1,20261201,1,20261202,1,20261203,1,20261204,1,20261207,1,20261208,1,20261209,1,20261210,1,20261211,1,20261214,1,20261215,1,20261216,1,20261217,1,20261218,1,20261221,1,20261222,1,20261223,1,20261224,1,20261228,1,20261229,1,20261230,1,20261231,1,20270104,1,20270105,1,20270106,1,20270107,1,20270108,1,20270111,1,20270112,1,20270113,1,20270114,1,20270115,1,20270118,1,20270119,1,20270120,1,20270121,1,20270122,1,20270125,1,20270126,1,20270127,1,20270128,1,20270129,1,20270201,1,20270202,1,20270203,1,20270204,1,20270205,1,20270208,1,20270209,1,20270210,1,20270211,1,20270212,1,20270216,1,20270217,1,20270218,1,20270219,1,20270222,1,20270223,1,20270224,1,20270225,1,20270226,1,20270301,1,20270302,1,20270303,1,20270304,1,20270305,1,20270308,1,20270309,1,20270310,1,20270311,1,20270312,1,20270315,1,20270316,1,20270317,1,20270318,1,20270319,1,20270322,1,20270323,1,20270324,1,20270325,1,20270330,1,20270331,1,20270401,1,20270402,1,20270405,1,20270406,1,20270407,1,20270408,1,20270409,1,20270412,1,20270413,1,20270414,1,20270415,1,20270416,1,20270419,1,20270420,1,20270421,1,20270422,1,20270423,1,20270426,1,20270427,1,20270428,1,20270429,1,20270430,1,20270503,1,20270504,1,20270505,1,20270506,1,20270507,1,20270510,1,20270511,1,20270512,1,20270513,1,20270514,1,20270517,1,20270518,1,20270519,1,20270520,1,20270521,1,20270525,1,20270526,1,20270527,1,20270528,1,20270531,1,20270601,1,20270602,1,20270603,1,20270604,1,20270607,1,20270608,1,20270609,1,20270610,1,20270611,1,20270614,1,20270615,1,20270616,1,20270617,1,20270618,1,20270621,1,20270622,1,20270623,1,20270624,1,20270625,1,20270628,1,20270629,1,20270630,1,20270702,1,20270705,1,20270706,1
'1314433',20260908,1,20260909,1,20260910,1,20260911,1,20260914,1,20260915,1,20260916,1,20260917,1,20260918,1,20260921,1,20260922,1,20260923,1,20260924,1,20260925,1,20260928,1,20260929,1,20260930,1,20261001,1,20261002,1,20261005,1,20261006,1,20261007,1,20261008,1,20261009,1,20261013,1,20261014,1,20261015,1,20261016,1,20261019,1,20261020,1,20261021,1,20261022,1,20261023,1,20261026,1,20261027,1,20261028,1,20261029,1,20261030,1,20261102,1,20261103,1,20261104,1,20261105,1,20261106,1,20261109,1,20261110,1,20261111,1,20261112,1,20261113,1,20261116,1,20261117,1,20261118,1,20261119,1,20261120,1,20261123,1,20261124,1,20261125,1,20261126,1,20261127,1,20261130,1,20261201,1,20261202,1,20261203,1,20261204,1,20261207,1,20261208,1,20261209,1,20261210,1,20261211,1,20261214,1,20261215,1,20261216,1,20261217,1,20261218,1,20261221,1,20261222,1,20261223,1,20261224,1,20261228,1,20261229,1,20261230,1,20261231,1,20270104,1,20270105,1,20270106,1,20270107,1,20270108,1,20270111,1,20270112,1,20270113,1,20270114,1,20270115,1,20270118,1,20270119,1,20270120,1,20270121,1,20270122,1,20270125,1,20270126,1,20270127,1,20270128,1,20270129,1,20270201,1,20270202,1,20270203,1,20270204,1,20270205,1,20270208,1,20270209,1,20270210,1,20270211,1,20270212,1,20270216,1,20270217,1,20270218,1,20270219,1,20270222,1,20270223,1,20270224,1,20270225,1,20270226,1,20270301,1,20270302,1,20270303,1,20270304,1,20270305,1,20270308,1,20270309,1,20270310,1,20270311,1,20270312,1,20270315,1,20270316,1,20270317,1,20270318,1,20270319,1,20270322,1,20270323,1,20270324,1,20270325,1,20270330,1,20270331,1,20270401,1,20270402,1,20270405,1,20270406,1,20270407,1,20270408,1,20270409,1,20270412,1,20270413,1,20270414,1,20270415,1,20270416,1,20270419,1,20270420,1,20270421,1,20270422,1,20270423,1,20270426,1,20270427,1,20270428,1,20270429,1,20270430,1,20270503,1,20270504,1,20270505,1,20270506,1,20270507,1,20270510,1,20270511,1,20270512,1,20270513,1,20270514,1,20270517,1,20270518,1,20270519,1,20270520,1,20270521,1,20270525,1,20270526,1,20270527,1,20270528,1,20270531,1,20270601,1,20270602,1,20270603,1,20270604,1,20270607,1,20270608,1,20270609,1,20270610,1,20270611,1,20270614,1,20270615,1,20270616,1,20270617,1,20270618,1,20270621,1,20270622,1,20270623,1,20270624,1,20270625,1,20270628,1,20270629,1,20270630,1,20270702,1,20270705,1,20270706,1
'1314439',20260908,1,20260909,1,20260910,1,20260911,1,20260914,1,20260915,1,20260916,1,20260917,1,20260918,1,20260921,1,20260922,1,20260923,1,20260924,1,20260925,1,20260928,1,20260929,1,20260930,1,20261001,1,20261002,1,20261005,1,20261006,1,20261007,1,20261008,1,20261009,1,20261013,1,20261014,1,20261015,1,20261016,1,20261019,1,20261020,1,20261021,1,20261022,1,20261023,1,20261026,1,20261027,1,20261028,1,20261029,1,20261030,1,20261102,1,20261103,1,20261104,1,20261105,1,20261106,1,20261109,1,20261110,1,20261111,1,20261112,1,20261113,1,20261116,1,20261117,1,20261118,1,20261119,1,20261120,1,20261123,1,20261124,1,20261125,1,20261126,1,20261127,1,20261130,1,20261201,1,20261202,1,20261203,1,20261204,1,20261207,1,20261208,1,20261209,1,20261210,1,20261211,1,20261214,1,20261215,1,20261216,1,20261217,1,20261218,1,20261221,1,20261222,1,20261223,1,20261224,1,20261228,1,20261229,1,20261230,1,20261231,1,20270104,1,20270105,1,20270106,1,20270107,1,20270108,1,20270111,1,20270112,1,20270113,1,20270114,1,20270115,1,20270118,1,20270119,1,20270120,1,20270121,1,20270122,1,20270125,1,20270126,1,20270127,1,20270128,1,20270129,1,20270201,1,20270202,1,20270203,1,20270204,1,20270205,1,20270208,1,20270209,1,20270210,1,20270211,1,20270212,1,20270216,1,20270217,1,20270218,1,20270219,1,20270222,1,20270223,1,20270224,1,20270225,1,20270226,1,20270301,1,20270302,1,20270303,1,20270304,1,20270305,1,20270308,1,20270309,1,20270310,1,20270311,1,20270312,1,20270315,1,20270316,1,20270317,1,20270318,1,20270319,1,20270322,1,20270323,1,20270324,1,20270325,1,20270330,1,20270331,1,20270401,1,20270402,1,20270405,1,20270406,1,20270407,1,20270408,1,20270409,1,20270412,1,20270413,1,20270414,1,20270415,1,20270416,1,20270419,1,20270420,1,20270421,1,20270422,1,20270423,1,20270426,1,20270427,1,20270428,1,20270429,1,20270430,1,20270503,1,20270504,1,20270505,1,20270506,1,20270507,1,20270510,1,20270511,1,20270512,1,20270513,1,20270514,1,20270517,1,20270518,1,20270519,1,20270520,1,20270521,1,20270525,1,20270526,1,20270527,1,20270528,1,20270531,1,20270601,1,20270602,1,20270603,1,20270604,1,20270607,1,20270608,1,20270609,1,20270610,1,20270611,1,20270614,1,20270615,1,20270616,1,20270617,1,20270618,1,20270621,1,20270622,1,20270623,1,20270624,1,20270625,1,20270628,1,20270629,1,20270630,1,20270702,1,20270705,1,20270706,1
'1314441',20260907,1,20260913,1,20260920,1,20260927,1,20261004,1,20261011,1,20261012,1,20261018,1,20261025,1,20261101,1,20261108,1,20261115,1,20261122,1,20261129,1,20261206,1,20261213,1,20261220,1,20261225,1,20261227,1,20270101,1,20270103,1,20270110,1,20270117,1,20270124,1,20270131,1,20270207,1,20270214,1,20270215,1,20270221,1,20270228,1,20270307,1,20270314,1,20270321,1,20270326,1,20270328,1,20270329,1,20270404,1,20270411,1,20270418,1,20270425,1,20270502,1,20270509,1,20270516,1,20270523,1,20270524,1,20270530,1,20270606,1,20270613,1,20270620,1,20270627,1,20270701,1,20270704,1
'1314443',20260907,1,20260913,1,20260920,1,20260927,1,20261004,1,20261011,1,20261012,1,20261018,1,20261025,1,20261101,1,20261108,1,20261115,1,20261122,1,20261129,1,20261206,1,20261213,1,20261220,1,20261225,1,20261227,1,20270101,1,20270103,1,20270110,1,20270117,1,20270124,1,20270131,1,20270207,1,20270214,1,20270215,1,20270221,1,20270228,1,20270307,1,20270314,1,20270321,1,20270326,1,20270328,1,20270329,1,20270404,1,20270411,1,20270418,1,20270425,1,20270502,1,20270509,1,20270516,1,20270523,1,20270524,1,20270530,1,20270606,1,20270613,1,20270620,1,20270627,1,20270701,1,20270704,1
'1314448',20260907,1,20260913,1,20260920,1,20260927,1,20261004,1,20261011,1,20261012,1,20261018,1,20261025,1,20261101,1,20261108,1,20261115,1,20261122,1,20261129,1,20261206,1,20261213,1,20261220,1,20261225,1,20261227,1,20270101,1,20270103,1,20270110,1,20270117,1,20270124,1,20270131,1,20270207,1,20270214,1,20270215,1,20270221,1,20270228,1,20270307,1,20270314,1,20270321,1,20270326,1,20270328,1,20270329,1,20270404,1,20270411,1,20270418,1,20270425,1,20270502,1,20270509,1,20270516,1,20270523,1,20270524,1,20270530,1,20270606,1,20270613,1,20270620,1,20270627,1,20270701,1,20270704,1
'1314449',20260912,1,20260919,1,20260926,1,20261003,1,20261010,1,20261017,1,20261024,1,20261031,1,20261107,1,20261114,1,20261121,1,20261128,1,20261205,1,20261212,1,20261219,1,20261226,1,20270102,1,20270109,1,20270116,1,20270123,1,20270130,1,20270206,1,20270213,1,20270220,1,20270227,1,20270306,1,20270313,1,20270320,1,20270327,1,20270403,1,20270410,1,20270417,1,20270424,1,20270501,1,20270508,1,20270515,1,20270522,1,20270529,1,20270605,1,20270612,1,20270619,1,20270626,1,20270703,1
'1314455',20260912,1,20260919,1,20260926,1,20261003,1,20261010,1,20261017,1,20261024,1,20261031,1,20261107,1,20261114,1,20261121,1,20261128,1,20261205,1,20261212,1,20261219,1,20261226,1,20270102,1,20270109,1,20270116,1,20270123,1,20270130,1,20270206,1,20270213,1,20270220,1,20270227,1,20270306,1,20270313,1,20270320,1,20270327,1,20270403,1,20270410,1,20270417,1,20270424,1,20270501,1,20270508,1,20270515,1,20270522,1,20270529,1,20270605,1,20270612,1,20270619,1,20270626,1,20270703,1
'1314456',20260907,1,20260913,1,20260920,1,20260927,1,20261004,1,20261011,1,20261012,1,20261018,1,20261025,1,20261101,1,20261108,1,20261115,1,20261122,1,20261129,1,20261206,1,20261213,1,20261220,1,20261225,1,20261227,1,20270101,1,20270103,1,20270110,1,20270117,1,20270124,1,20270131,1,20270207,1,20270214,1,20270215,1,20270221,1,20270228,1,20270307,1,20270314,1,20270321,1,20270326,1,20270328,1,20270329,1,20270404,1,20270411,1,20270418,1,20270425,1,20270502,1,20270509,1,20270516,1,20270523,1,20270524,1,20270530,1,20270606,1,20270613,1,20270620,1,20270627,1,20270701,1,20270704,1
'1314457',20260912,1,20260919,1,20260926,1,20261003,1,20261010,1,20261017,1,20261024,1,20261031,1,20261107,1,20261114,1,20261121,1,20261128,1,20261205,1,20261212,1,20261219,1,20261226,1,20270102,1,20270109,1,20270116,1,20270123,1,20270130,1,20270206,1,20270213,1,20270220,1,20270227,1,20270306,1,20270313,1,20270320,1,20270327,1,20270403,1,20270410,1,20270417,1,20270424,1,20270501,1,20270508,1,20270515,1,20270522,1,20270529,1,20270605,1,20270612,1,20270619,1,20270626,1,20270703,1
'1314467',20260908,1,20260909,1,20260910,1,20260911,1,20260914,1,20260915,1,20260916,1,20260917,1,20260918,1,20260921,1,20260922,1,20260923,1,20260924,1,20260925,1,20260928,1,20260929,1,20260930,1,20261001,1,20261002,1,20261005,1,20261006,1,20261007,1,20261008,1,20261009,1,20261013,1,20261014,1,20261015,1,20261016,1,20261019,1,20261020,1,20261021,1,20261022,1,20261023,1,20261026,1,20261027,1,20261028,1,20261029,1,20261030,1,20261102,1,20261103,1,20261104,1,20261105,1,20261106,1,20261109,1,20261110,1,20261111,1,20261112,1,20261113,1,20261116,1,20261117,1,20261118,1,20261119,1,20261120,1,20261123,1,20261124,1,20261125,1,20261126,1,20261127,1,20261130,1,20261201,1,20261202,1,20261203,1,20261204,1,20261207,1,20261208,1,20261209,1,20261210,1,20261211,1,20261214,1,20261215,1,20261216,1,20261217,1,20261218,1,20261221,1,20261222,1,20261223,1,20261224,1,20261228,1,20261229,1,20261230,1,20261231,1,20270104,1,20270105,1,20270106,1,20270107,1,20270108,1,20270111,1,20270112,1,20270113,1,20270114,1,20270115,1,20270118,1,20270119,1,20270120,1,20270121,1,20270122,1,20270125,1,20270126,1,20270127,1,20270128,1,20270129,1,20270201,1,20270202,1,20270203,1,20270204,1,20270205,1,20270208,1,20270209,1,20270210,1,20270211,1,20270212,1,20270216,1,20270217,1,20270218,1,20270219,1,20270222,1,20270223,1,20270224,1,20270225,1,20270226,1,20270301,1,20270302,1,20270303,1,20270304,1,20270305,1,20270308,1,20270309,1,20270310,1,20270311,1,20270312,1,20270315,1,20270316,1,20270317,1,20270318,1,20270319,1,20270322,1,20270323,1,20270324,1,20270325,1,20270330,1,20270331,1,20270401,1,20270402,1,20270405,1,20270406,1,20270407,1,20270408,1,20270409,1,20270412,1,20270413,1,20270414,1,20270415,1,20270416,1,20270419,1,20270420,1,20270421,1,20270422,1,20270423,1,20270426,1,20270427,1,20270428,1,20270429,1,20270430,1,20270503,1,20270504,1,20270505,1,20270506,1,20270507,1,20270510,1,20270511,1,20270512,1,20270513,1,20270514,1,20270517,1,20270518,1,20270519,1,20270520,1,20270521,1,20270525,1,20270526,1,20270527,1,20270528,1,20270531,1,20270601,1,20270602,1,20270603,1,20270604,1,20270607,1,20270608,1,20270609,1,20270610,1,20270611,1,20270614,1,20270615,1,20270616,1,20270617,1,20270618,1,20270621,1,20270622,1,20270623,1,20270624,1,20270625,1,20270628,1,20270629,1,20270630,1,20270702,1,20270705,1,20270706,1
'1314471',20260908,1,20260909,1,20260910,1,20260911,1,20260914,1,20260915,1,20260916,1,20260917,1,20260918,1,20260921,1,20260922,1,20260923,1,20260924,1,20260925,1,20260928,1,20260929,1,20260930,1,20261001,1,20261002,1,20261005,1,20261006,1,20261007,1,20261008,1,20261009,1,20261013,1,20261014,1,20261015,1,20261016,1,20261019,1,20261020,1,20261021,1,20261022,1,20261023,1,20261026,1,20261027,1,20261028,1,20261029,1,20261030,1,20261102,1,20261103,1,20261104,1,20261105,1,20261106,1,20261109,1,20261110,1,20261111,1,20261112,1,20261113,1,20261116,1,20261117,1,20261118,1,20261119,1,20261120,1,20261123,1,20261124,1,20261125,1,20261126,1,20261127,1,20261130,1,20261201,1,20261202,1,20261203,1,20261204,1,20261207,1,20261208,1,20261209,1,20261210,1,20261211,1,20261214,1,20261215,1,20261216,1,20261217,1,20261218,1,20261221,1,20261222,1,20261223,1,20261224,1,20261228,1,20261229,1,20261230,1,20261231,1,20270104,1,20270105,1,20270106,1,20270107,1,20270108,1,20270111,1,20270112,1,20270113,1,20270114,1,20270115,1,20270118,1,20270119,1,20270120,1,20270121,1,20270122,1,20270125,1,20270126,1,20270127,1,20270128,1,20270129,1,20270201,1,20270202,1,20270203,1,20270204,1,20270205,1,20270208,1,20270209,1,20270210,1,20270211,1,20270212,1,20270216,1,20270217,1,20270218,1,20270219,1,20270222,1,20270223,1,20270224,1,20270225,1,20270226,1,20270301,1,20270302,1,20270303,1,20270304,1,20270305,1,20270308,1,20270309,1,20270310,1,20270311,1,20270312,1,20270315,1,20270316,1,20270317,1,20270318,1,20270319,1,20270322,1,20270323,1,20270324,1,20270325,1,20270330,1,20270331,1,20270401,1,20270402,1,20270405,1,20270406,1,20270407,1,20270408,1,20270409,1,20270412,1,20270413,1,20270414,1,20270415,1,20270416,1,20270419,1,20270420,1,20270421,1,20270422,1,20270423,1,20270426,1,20270427,1,20270428,1,20270429,1,20270430,1,20270503,1,20270504,1,20270505,1,20270506,1,20270507,1,20270510,1,20270511,1,20270512,1,20270513,1,20270514,1,20270517,1,20270518,1,20270519,1,20270520,1,20270521,1,20270525,1,20270526,1,20270527,1,20270528,1,20270531,1,20270601,1,20270602,1,20270603,1,20270604,1,20270607,1,20270608,1,20270609,1,20270610,1,20270611,1,20270614,1,20270615,1,20270616,1,20270617,1,20270618,1,20270621,1,20270622,1,20270623,1,20270624,1,20270625,1,20270628,1,20270629,1,20270630,1,20270702,1,20270705,1,20270706,1
'1314480',20260908,1,20260909,1,20260910,1,20260911,1,20260914,1,20260915,1,20260916,1,20260917,1,20260918,1,20260921,1,20260922,1,20260923,1,20260924,1,20260925,1,20260928,1,20260929,1,20260930,1,20261001,1,20261002,1,20261005,1,20261006,1,20261007,1,20261008,1,20261009,1,20261013,1,20261014,1,20261015,1,20261016,1,20261019,1,20261020,1,20261021,1,20261022,1,20261023,1,20261026,1,20261027,1,20261028,1,20261029,1,20261030,1,20261102,1,20261103,1,20261104,1,20261105,1,20261106,1,20261109,1,20261110,1,20261111,1,20261112,1,20261113,1,20261116,1,20261117,1,20261118,1,20261119,1,20261120,1,20261123,1,20261124,1,20261125,1,20261126,1,20261127,1,20261130,1,20261201,1,20261202,1,20261203,1,20261204,1,20261207,1,20261208,1,20261209,1,20261210,1,20261211,1,20261214,1,20261215,1,20261216,1,20261217,1,20261218,1,20261221,1,20261222,1,20261223,1,20261224,1,20261228,1,20261229,1,20261230,1,20261231,1,20270104,1,20270105,1,20270106,1,20270107,1,20270108,1,20270111,1,20270112,1,20270113,1,20270114,1,20270115,1,20270118,1,20270119,1,20270120,1,20270121,1,20270122,1,20270125,1,20270126,1,20270127,1,20270128,1,20270129,1,20270201,1,20270202,1,20270203,1,20270204,1,20270205,1,20270208,1,20270209,1,20270210,1,20270211,1,20270212,1,20270216,1,20270217,1,20270218,1,20270219,1,20270222,1,20270223,1,20270224,1,20270225,1,20270226,1,20270301,1,20270302,1,20270303,1,20270304,1,20270305,1,20270308,1,20270309,1,20270310,1,20270311,1,20270312,1,20270315,1,20270316,1,20270317,1,20270318,1,20270319,1,20270322,1,20270323,1,20270324,1,20270325,1,20270330,1,20270331,1,20270401,1,20270402,1,20270405,1,20270406,1,20270407,1,20270408,1,20270409,1,20270412,1,20270413,1,20270414,1,20270415,1,20270416,1,20270419,1,20270420,1,20270421,1,20270422,1,20270423,1,20270426,1,20270427,1,20270428,1,20270429,1,20270430,1,20270503,1,20270504,1,20270505,1,20270506,1,20270507,1,20270510,1,20270511,1,20270512,1,20270513,1,20270514,1,20270517,1,20270518,1,20270519,1,20270520,1,20270521,1,20270525,1,20270526,1,20270527,1,20270528,1,20270531,1,20270601,1,20270602,1,20270603,1,20270604,1,20270607,1,20270608,1,20270609,1,20270610,1,20270611,1,20270614,1,20270615,1,20270616,1,20270617,1,20270618,1,20270621,1,20270622,1,20270623,1,20270624,1,20270625,1,20270628,1,20270629,1,20270630,1,20270702,1,20270705,1,20270706,1
'1314483',20260908,1,20260909,1,20260910,1,20260911,1,20260914,1,20260915,1,20260916,1,20260917,1,20260918,1,20260921,1,20260922,1,20260923,1,20260924,1,20260925,1,20260928,1,20260929,1,20260930,1,20261001,1,20261002,1,20261005,1,20261006,1,20261007,1,20261008,1,20261009,1,20261013,1,20261014,1,20261015,1,20261016,1,20261019,1,20261020,1,20261021,1,20261022,1,20261023,1,20261026,1,20261027,1,20261028,1,20261029,1,20261030,1,20261102,1,20261103,1,20261104,1,20261105,1,20261106,1,20261109,1,20261110,1,20261111,1,20261112,1,20261113,1,20261116,1,20261117,1,20261118,1,20261119,1,20261120,1,20261123,1,20261124,1,20261125,1,20261126,1,20261127,1,20261130,1,20261201,1,20261202,1,20261203,1,20261204,1,20261207,1,20261208,1,20261209,1,20261210,1,20261211,1,20261214,1,20261215,1,20261216,1,20261217,1,20261218,1,20261221,1,20261222,1,20261223,1,20261224,1,20261228,1,20261229,1,20261230,1,20261231,1,20270104,1,20270105,1,20270106,1,20270107,1,20270108,1,20270111,1,20270112,1,20270113,1,20270114,1,20270115,1,20270118,1,20270119,1,20270120,1,20270121,1,20270122,1,20270125,1,20270126,1,20270127,1,20270128,1,20270129,1,20270201,1,20270202,1,20270203,1,20270204,1,20270205,1,20270208,1,20270209,1,20270210,1,20270211,1,20270212,1,20270216,1,20270217,1,20270218,1,20270219,1,20270222,1,20270223,1,20270224,1,20270225,1,20270226,1,20270301,1,20270302,1,20270303,1,20270304,1,20270305,1,20270308,1,20270309,1,20270310,1,20270311,1,20270312,1,20270315,1,20270316,1,20270317,1,20270318,1,20270319,1,20270322,1,20270323,1,20270324,1,20270325,1,20270330,1,20270331,1,20270401,1,20270402,1,20270405,1,20270406,1,20270407,1,20270408,1,20270409,1,20270412,1,20270413,1,20270414,1,20270415,1,20270416,1,20270419,1,20270420,1,20270421,1,20270422,1,20270423,1,20270426,1,20270427,1,20270428,1,20270429,1,20270430,1,20270503,1,20270504,1,20270505,1,20270506,1,20270507,1,20270510,1,20270511,1,20270512,1,20270513,1,20270514,1,20270517,1,20270518,1,20270519,1,20270520,1,20270521,1,20270525,1,20270526,1,20270527,1,20270528,1,20270531,1,20270601,1,20270602,1,20270603,1,20270604,1,20270607,1,20270608,1,20270609,1,20270610,1,20270611,1,20270614,1,20270615,1,20270616,1,20270617,1,20270618,1,20270621,1,20270622,1,20270623,1,20270624,1,20270625,1,20270628,1,20270629,1,20270630,1,20270702,1,20270705,1,20270706,1
'1314485',20260908,1,20260909,1,20260910,1,20260911,1,20260914,1,20260915,1,20260916,1,20260917,1,20260918,1,20260921,1,20260922,1,20260923,1,20260924,1,20260925,1,20260928,1,20260929,1,20260930,1,20261001,1,20261002,1,20261005,1,20261006,1,20261007,1,20261008,1,20261009,1,20261013,1,20261014,1,20261015,1,20261016,1,20261019,1,20261020,1,20261021,1,20261022,1,20261023,1,20261026,1,20261027,1,20261028,1,20261029,1,20261030,1,20261102,1,20261103,1,20261104,1,20261105,1,20261106,1,20261109,1,20261110,1,20261111,1,20261112,1,20261113,1,20261116,1,20261117,1,20261118,1,20261119,1,20261120,1,20261123,1,20261124,1,20261125,1,20261126,1,20261127,1,20261130,1,20261201,1,20261202,1,20261203,1,20261204,1,20261207,1,20261208,1,20261209,1,20261210,1,20261211,1,20261214,1,20261215,1,20261216,1,20261217,1,20261218,1,20261221,1,20261222,1,20261223,1,20261224,1,20261228,1,20261229,1,20261230,1,20261231,1,20270104,1,20270105,1,20270106,1,20270107,1,20270108,1,20270111,1,20270112,1,20270113,1,20270114,1,20270115,1,20270118,1,20270119,1,20270120,1,20270121,1,20270122,1,20270125,1,20270126,1,20270127,1,20270128,1,20270129,1,20270201,1,20270202,1,20270203,1,20270204,1,20270205,1,20270208,1,20270209,1,20270210,1,20270211,1,20270212,1,20270216,1,20270217,1,20270218,1,20270219,1,20270222,1,20270223,1,20270224,1,20270225,1,20270226,1,20270301,1,20270302,1,20270303,1,20270304,1,20270305,1,20270308,1,20270309,1,20270310,1,20270311,1,20270312,1,20270315,1,20270316,1,20270317,1,20270318,1,20270319,1,20270322,1,20270323,1,20270324,1,20270325,1,20270330,1,20270331,1,20270401,1,20270402,1,20270405,1,20270406,1,20270407,1,20270408,1,20270409,1,20270412,1,20270413,1,20270414,1,20270415,1,20270416,1,20270419,1,20270420,1,20270421,1,20270422,1,20270423,1,20270426,1,20270427,1,20270428,1,20270429,1,20270430,1,20270503,1,20270504,1,20270505,1,20270506,1,20270507,1,20270510,1,20270511,1,20270512,1,20270513,1,20270514,1,20270517,1,20270518,1,20270519,1,20270520,1,20270521,1,20270525,1,20270526,1,20270527,1,20270528,1,20270531,1,20270601,1,20270602,1,20270603,1,20270604,1,20270607,1,20270608,1,20270609,1,20270610,1,20270611,1,20270614,1,20270615,1,20270616,1,20270617,1,20270618,1,20270621,1,20270622,1,20270623,1,20270624,1,20270625,1,20270628,1,20270629,1,20270630,1,20270702,1,20270705,1,20270706,1
'1314487',20260912,1,20260919,1,20260926,1,20261003,1,20261010,1,20261017,1,20261024,1,20261031,1,20261107,1,20261114,1,20261121,1,20261128,1,20261205,1,20261212,1,20261219,1,20261226,1,20270102,1,20270109,1,20270116,1,20270123,1,20270130,1,20270206,1,20270213,1,20270220,1,20270227,1,20270306,1,20270313,1,20270320,1,20270327,1,20270403,1,20270410,1,20270417,1,20270424,1,20270501,1,20270508,1,20270515,1,20270522,1,20270529,1,20270605,1,20270612,1,20270619,1,20270626,1,20270703,1
'1314488',20260907,1,20260913,1,20260920,1,20260927,1,20261004,1,20261011,1,20261012,1,20261018,1,20261025,1,20261101,1,20261108,1,20261115,1,20261122,1,20261129,1,20261206,1,20261213,1,20261220,1,20261225,1,20261227,1,20270101,1,20270103,1,20270110,1,20270117,1,20270124,1,20270131,1,20270207,1,20270214,1,20270215,1,20270221,1,20270228,1,20270307,1,20270314,1,20270321,1,20270326,1,20270328,1,20270329,1,20270404,1,20270411,1,20270418,1,20270425,1,20270502,1,20270509,1,20270516,1,20270523,1,20270524,1,20270530,1,20270606,1,20270613,1,20270620,1,20270627,1,20270701,1,20270704,1
'1314490',20260908,1,20260909,1,20260910,1,20260911,1,20260914,1,20260915,1,20260916,1,20260917,1,20260918,1,20260921,1,20260922,1,20260923,1,20260924,1,20260925,1,20260928,1,20260929,1,20260930,1,20261001,1,20261002,1,20261005,1,20261006,1,20261007,1,20261008,1,20261009,1,20261013,1,20261014,1,20261015,1,20261016,1,20261019,1,20261020,1,20261021,1,20261022,1,20261023,1,20261026,1,20261027,1,20261028,1,20261029,1,20261030,1,20261102,1,20261103,1,20261104,1,20261105,1,20261106,1,20261109,1,20261110,1,20261111,1,20261112,1,20261113,1,20261116,1,20261117,1,20261118,1,20261119,1,20261120,1,20261123,1,20261124,1,20261125,1,20261126,1,20261127,1,20261130,1,20261201,1,20261202,1,20261203,1,20261204,1,20261207,1,20261208,1,20261209,1,20261210,1,20261211,1,20261214,1,20261215,1,20261216,1,20261217,1,20261218,1,20261221,1,20261222,1,20261223,1,20261224,1,20261228,1,20261229,1,20261230,1,20261231,1,20270104,1,20270105,1,20270106,1,20270107,1,20270108,1,20270111,1,20270112,1,20270113,1,20270114,1,20270115,1,20270118,1,20270119,1,20270120,1,20270121,1,20270122,1,20270125,1,20270126,1,20270127,1,20270128,1,20270129,1,20270201,1,20270202,1,20270203,1,20270204,1,20270205,1,20270208,1,20270209,1,20270210,1,20270211,1,20270212,1,20270216,1,20270217,1,20270218,1,20270219,1,20270222,1,20270223,1,20270224,1,20270225,1,20270226,1,20270301,1,20270302,1,20270303,1,20270304,1,20270305,1,20270308,1,20270309,1,20270310,1,20270311,1,20270312,1,20270315,1,20270316,1,20270317,1,20270318,1,20270319,1,20270322,1,20270323,1,20270324,1,20270325,1,20270330,1,20270331,1,20270401,1,20270402,1,20270405,1,20270406,1,20270407,1,20270408,1,20270409,1,20270412,1,20270413,1,20270414,1,20270415,1,20270416,1,20270419,1,20270420,1,20270421,1,20270422,1,20270423,1,20270426,1,20270427,1,20270428,1,20270429,1,20270430,1,20270503,1,20270504,1,20270505,1,20270506,1,20270507,1,20270510,1,20270511,1,20270512,1,20270513,1,20270514,1,20270517,1,20270518,1,20270519,1,20270520,1,20270521,1,20270525,1,20270526,1,20270527,1,20270528,1,20270531,1,20270601,1,20270602,1,20270603,1,20270604,1,20270607,1,20270608,1,20270609,1,20270610,1,20270611,1,20270614,1,20270615,1,20270616,1,20270617,1,20270618,1,20270621,1,20270622,1,20270623,1,20270624,1,20270625,1,20270628,1,20270629,1,20270630,1,20270702,1,20270705,1,20270706,1
'1314493',20260912,1,20260919,1,20260926,1,20261003,1,20261010,1,20261017,1,20261024,1,20261031,1,20261107,1,20261114,1,20261121,1,20261128,1,20261205,1,20261212,1,20261219,1,20261226,1,20270102,1,20270109,1,20270116,1,20270123,1,20270130,1,20270206,1,20270213,1,20270220,1,20270227,1,20270306,1,20270313,1,20270320,1,20270327,1,20270403,1,20270410,1,20270417,1,20270424,1,20270501,1,20270508,1,20270515,1,20270522,1,20270529,1,20270605,1,20270612,1,20270619,1,20270626,1,20270703,1
'1314494',20260907,1,20260913,1,20260920,1,20260927,1,20261004,1,20261011,1,20261012,1,20261018,1,20261025,1,20261101,1,20261108,1,20261115,1,20261122,1,20261129,1,20261206,1,20261213,1,20261220,1,20261225,1,20261227,1,20270101,1,20270103,1,20270110,1,20270117,1,20270124,1,20270131,1,20270207,1,20270214,1,20270215,1,20270221,1,20270228,1,20270307,1,20270314,1,20270321,1,20270326,1,20270328,1,20270329,1,20270404,1,20270411,1,20270418,1,20270425,1,20270502,1,20270509,1,20270516,1,20270523,1,20270524,1,20270530,1,20270606,1,20270613,1,20270620,1,20270627,1,20270701,1,20270704,1
'1314500',20260912,1,20260919,1,20260926,1,20261003,1,20261010,1,20261017,1,20261024,1,20261031,1,20261107,1,20261114,1,20261121,1,20261128,1,20261205,1,20261212,1,20261219,1,20261226,1,20270102,1,20270109,1,20270116,1,20270123,1,20270130,1,20270206,1,20270213,1,20270220,1,20270227,1,20270306,1,20270313,1,20270320,1,20270327,1,20270403,1,20270410,1,20270417,1,20270424,1,20270501,1,20270508,1,20270515,1,20270522,1,20270529,1,20270605,1,20270612,1,20270619,1,20270626,1,20270703,1
'1314503',20260907,1,20260913,1,20260920,1,20260927,1,20261004,1,20261011,1,20261012,1,20261018,1,20261025,1,20261101,1,20261108,1,20261115,1,20261122,1,20261129,1,20261206,1,20261213,1,20261220,1,20261225,1,20261227,1,20270101,1,20270103,1,20270110,1,20270117,1,20270124,1,20270131,1,20270207,1,20270214,1,20270215,1,20270221,1,20270228,1,20270307,1,20270314,1,20270321,1,20270326,1,20270328,1,20270329,1,20270404,1,20270411,1,20270418,1,20270425,1,20270502,1,20270509,1,20270516,1,20270523,1,20270524,1,20270530,1,20270606,1,20270613,1,20270620,1,20270627,1,20270701,1,20270704,1
'1314506',20260908,1,20260909,1,20260910,1,20260911,1,20260914,1,20260915,1,20260916,1,20260917,1,20260918,1,20260921,1,20260922,1,20260923,1,20260924,1,20260925,1,20260928,1,20260929,1,20260930,1,20261001,1,20261002,1,20261005,1,20261006,1,20261007,1,20261008,1,20261009,1,20261013,1,20261014,1,20261015,1,20261016,1,20261019,1,20261020,1,20261021,1,20261022,1,20261023,1,20261026,1,20261027,1,20261028,1,20261029,1,20261030,1,20261102,1,20261103,1,20261104,1,20261105,1,20261106,1,20261109,1,20261110,1,20261111,1,20261112,1,20261113,1,20261116,1,20261117,1,20261118,1,20261119,1,20261120,1,20261123,1,20261124,1,20261125,1,20261126,1,20261127,1,20261130,1,20261201,1,20261202,1,20261203,1,20261204,1,20261207,1,20261208,1,20261209,1,20261210,1,20261211,1,20261214,1,20261215,1,20261216,1,20261217,1,20261218,1,20261221,1,20261222,1,20261223,1,20261224,1,20261228,1,20261229,1,20261230,1,20261231,1,20270104,1,20270105,1,20270106,1,20270107,1,20270108,1,20270111,1,20270112,1,20270113,1,20270114,1,20270115,1,20270118,1,20270119,1,20270120,1,20270121,1,20270122,1,20270125,1,20270126,1,20270127,1,20270128,1,20270129,1,20270201,1,20270202,1,20270203,1,20270204,1,20270205,1,20270208,1,20270209,1,20270210,1,20270211,1,20270212,1,20270216,1,20270217,1,20270218,1,20270219,1,20270222,1,20270223,1,20270224,1,20270225,1,20270226,1,20270301,1,20270302,1,20270303,1,20270304,1,20270305,1,20270308,1,20270309,1,20270310,1,20270311,1,20270312,1,20270315,1,20270316,1,20270317,1,20270318,1,20270319,1,20270322,1,20270323,1,20270324,1,20270325,1,20270330,1,20270331,1,20270401,1,20270402,1,20270405,1,20270406,1,20270407,1,20270408,1,20270409,1,20270412,1,20270413,1,20270414,1,20270415,1,20270416,1,20270419,1,20270420,1,20270421,1,20270422,1,20270423,1,20270426,1,20270427,1,20270428,1,20270429,1,20270430,1,20270503,1,20270504,1,20270505,1,20270506,1,20270507,1,20270510,1,20270511,1,20270512,1,20270513,1,20270514,1,20270517,1,20270518,1,20270519,1,20270520,1,20270521,1,20270525,1,20270526,1,20270527,1,20270528,1,20270531,1,20270601,1,20270602,1,20270603,1,20270604,1,20270607,1,20270608,1,20270609,1,20270610,1,20270611,1,20270614,1,20270615,1,20270616,1,20270617,1,20270618,1,20270621,1,20270622,1,20270623,1,20270624,1,20270625,1,20270628,1,20270629,1,20270630,1,20270702,1,20270705,1,20270706,1
'1314507',20260908,1,20260909,1,20260910,1,20260911,1,20260914,1,20260915,1,20260916,1,20260917,1,20260918,1,20260921,1,20260922,1,20260923,1,20260924,1,20260925,1,20260928,1,20260929,1,20260930,1,20261001,1,20261002,1,20261005,1,20261006,1,20261007,1,20261008,1,20261009,1,20261013,1,20261014,1,20261015,1,20261016,1,20261019,1,20261020,1,20261021,1,20261022,1,20261023,1,20261026,1,20261027,1,20261028,1,20261029,1,20261030,1,20261102,1,20261103,1,20261104,1,20261105,1,20261106,1,20261109,1,20261110,1,20261111,1,20261112,1,20261113,1,20261116,1,20261117,1,20261118,1,20261119,1,20261120,1,20261123,1,20261124,1,20261125,1,20261126,1,20261127,1,20261130,1,20261201,1,20261202,1,20261203,1,20261204,1,20261207,1,20261208,1,20261209,1,20261210,1,20261211,1,20261214,1,20261215,1,20261216,1,20261217,1,20261218,1,20261221,1,20261222,1,20261223,1,20261224,1,20261228,1,20261229,1,20261230,1,20261231,1,20270104,1,20270105,1,20270106,1,20270107,1,20270108,1,20270111,1,20270112,1,20270113,1,20270114,1,20270115,1,20270118,1,20270119,1,20270120,1,20270121,1,20270122,1,20270125,1,20270126,1,20270127,1,20270128,1,20270129,1,20270201,1,20270202,1,20270203,1,20270204,1,20270205,1,20270208,1,20270209,1,20270210,1,20270211,1,20270212,1,20270216,1,20270217,1,20270218,1,20270219,1,20270222,1,20270223,1,20270224,1,20270225,1,20270226,1,20270301,1,20270302,1,20270303,1,20270304,1,20270305,1,20270308,1,20270309,1,20270310,1,20270311,1,20270312,1,20270315,1,20270316,1,20270317,1,20270318,1,20270319,1,20270322,1,20270323,1,20270324,1,20270325,1,20270330,1,20270331,1,20270401,1,20270402,1,20270405,1,20270406,1,20270407,1,20270408,1,20270409,1,20270412,1,20270413,1,20270414,1,20270415,1,20270416,1,20270419,1,20270420,1,20270421,1,20270422,1,20270423,1,20270426,1,20270427,1,20270428,1,20270429,1,20270430,1,20270503,1,20270504,1,20270505,1,20270506,1,20270507,1,20270510,1,20270511,1,20270512,1,20270513,1,20270514,1,20270517,1,20270518,1,20270519,1,20270520,1,20270521,1,20270525,1,20270526,1,20270527,1,20270528,1,20270531,1,20270601,1,20270602,1,20270603,1,20270604,1,20270607,1,20270608,1,20270609,1,20270610,1,20270611,1,20270614,1,20270615,1,20270616,1,20270617,1,20270618,1,20270621,1,20270622,1,20270623,1,20270624,1,20270625,1,20270628,1,20270629,1,20270630,1,20270702,1,20270705,1,20270706,1
'1314509',20260912,1,20260919,1,20260926,1,20261003,1,20261010,1,20261017,1,20261024,1,20261031,1,20261107,1,20261114,1,20261121,1,20261128,1,20261205,1,20261212,1,20261219,1,20261226,1,20270102,1,20270109,1,20270116,1,20270123,1,20270130,1,20270206,1,20270213,1,20270220,1,20270227,1,20270306,1,20270313,1,20270320,1,20270327,1,20270403,1,20270410,1,20270417,1,20270424,1,20270501,1,20270508,1,20270515,1,20270522,1,20270529,1,20270605,1,20270612,1,20270619,1,20270626,1,20270703,1
'1314512',20260907,1,20260913,1,20260920,1,20260927,1,20261004,1,20261011,1,20261012,1,20261018,1,20261025,1,20261101,1,20261108,1,20261115,1,20261122,1,20261129,1,20261206,1,20261213,1,20261220,1,20261225,1,20261227,1,20270101,1,20270103,1,20270110,1,20270117,1,20270124,1,20270131,1,20270207,1,20270214,1,20270215,1,20270221,1,20270228,1,20270307,1,20270314,1,20270321,1,20270326,1,20270328,1,20270329,1,20270404,1,20270411,1,20270418,1,20270425,1,20270502,1,20270509,1,20270516,1,20270523,1,20270524,1,20270530,1,20270606,1,20270613,1,20270620,1,20270627,1,20270701,1,20270704,1
'1314521',20260907,1,20260913,1,20260920,1,20260927,1,20261004,1,20261011,1,20261012,1,20261018,1,20261025,1,20261101,1,20261108,1,20261115,1,20261122,1,20261129,1,20261206,1,20261213,1,20261220,1,20261225,1,20261227,1,20270101,1,20270103,1,20270110,1,20270117,1,20270124,1,20270131,1,20270207,1,20270214,1,20270215,1,20270221,1,20270228,1,20270307,1,20270314,1,20270321,1,20270326,1,20270328,1,20270329,1,20270404,1,20270411,1,20270418,1,20270425,1,20270502,1,20270509,1,20270516,1,20270523,1,20270524,1,20270530,1,20270606,1,20270613,1,20270620,1,20270627,1,20270701,1,20270704,1
'1314526',20260908,1,20260909,1,20260910,1,20260911,1,20260914,1,20260915,1,20260916,1,20260917,1,20260918,1,20260921,1,20260922,1,20260923,1,20260924,1,20260925,1,20260928,1,20260929,1,20260930,1,20261001,1,20261002,1,20261005,1,20261006,1,20261007,1,20261008,1,20261009,1,20261013,1,20261014,1,20261015,1,20261016,1,20261019,1,20261020,1,20261021,1,20261022,1,20261023,1,20261026,1,20261027,1,20261028,1,20261029,1,20261030,1,20261102,1,20261103,1,20261104,1,20261105,1,20261106,1,20261109,1,20261110,1,20261111,1,20261112,1,20261113,1,20261116,1,20261117,1,20261118,1,20261119,1,20261120,1,20261123,1,20261124,1,20261125,1,20261126,1,20261127,1,20261130,1,20261201,1,20261202,1,20261203,1,20261204,1,20261207,1,20261208,1,20261209,1,20261210,1,20261211,1,20261214,1,20261215,1,20261216,1,20261217,1,20261218,1,20261221,1,20261222,1,20261223,1,20261224,1,20261228,1,20261229,1,20261230,1,20261231,1,20270104,1,20270105,1,20270106,1,20270107,1,20270108,1,20270111,1,20270112,1,20270113,1,20270114,1,20270115,1,20270118,1,20270119,1,20270120,1,20270121,1,20270122,1,20270125,1,20270126,1,20270127,1,20270128,1,20270129,1,20270201,1,20270202,1,20270203,1,20270204,1,20270205,1,20270208,1,20270209,1,20270210,1,20270211,1,20270212,1,20270216,1,20270217,1,20270218,1,20270219,1,20270222,1,20270223,1,20270224,1,20270225,1,20270226,1,20270301,1,20270302,1,20270303,1,20270304,1,20270305,1,20270308,1,20270309,1,20270310,1,20270311,1,20270312,1,20270315,1,20270316,1,20270317,1,20270318,1,20270319,1,20270322,1,20270323,1,20270324,1,20270325,1,20270330,1,20270331,1,20270401,1,20270402,1,20270405,1,20270406,1,20270407,1,20270408,1,20270409,1,20270412,1,20270413,1,20270414,1,20270415,1,20270416,1,20270419,1,20270420,1,20270421,1,20270422,1,20270423,1,20270426,1,20270427,1,20270428,1,20270429,1,20270430,1,20270503,1,20270504,1,20270505,1,20270506,1,20270507,1,20270510,1,20270511,1,20270512,1,20270513,1,20270514,1,20270517,1,20270518,1,20270519,1,20270520,1,20270521,1,20270525,1,20270526,1,20270527,1,20270528,1,20270531,1,20270601,1,20270602,1,20270603,1,20270604,1,20270607,1,20270608,1,20270609,1,20270610,1,20270611,1,20270614,1,20270615,1,20270616,1,20270617,1,20270618,1,20270621,1,20270622,1,20270623,1,20270624,1,20270625,1,20270628,1,20270629,1,20270630,1,20270702,1,20270705,1,20270706,1
'1314527',20260907,1,20260913,1,20260920,1,20260927,1,20261004,1,20261011,1,20261012,1,20261018,1,20261025,1,20261101,1,20261108,1,20261115,1,20261122,1,20261129,1,20261206,1,20261213,1,20261220,1,20261225,1,20261227,1,20270101,1,20270103,1,20270110,1,20270117,1,20270124,1,20270131,1,20270207,1,20270214,1,20270215,1,20270221,1,20270228,1,20270307,1,20270314,1,20270321,1,20270326,1,20270328,1,20270329,1,20270404,1,20270411,1,20270418,1,20270425,1,20270502,1,20270509,1,20270516,1,20270523,1,20270524,1,20270530,1,20270606,1,20270613,1,20270620,1,20270627,1,20270701,1,20270704,1
'1314528',20260907,1,20260913,1,20260920,1,20260927,1,20261004,1,20261011,1,20261012,1,20261018,1,20261025,1,20261101,1,20261108,1,20261115,1,20261122,1,20261129,1,20261206,1,20261213,1,20261220,1,20261225,1,20261227,1,20270101,1,20270103,1,20270110,1,20270117,1,20270124,1,20270131,1,20270207,1,20270214,1,20270215,1,20270221,1,20270228,1,20270307,1,20270314,1,20270321,1,20270326,1,20270328,1,20270329,1,20270404,1,20270411,1,20270418,1,20270425,1,20270502,1,20270509,1,20270516,1,20270523,1,20270524,1,20270530,1,20270606,1,20270613,1,20270620,1,20270627,1,20270701,1,20270704,1
'1314529',20260908,1,20260909,1,20260910,1,20260911,1,20260914,1,20260915,1,20260916,1,20260917,1,20260918,1,20260921,1,20260922,1,20260923,1,20260924,1,20260925,1,20260928,1,20260929,1,20260930,1,20261001,1,20261002,1,20261005,1,20261006,1,20261007,1,20261008,1,20261009,1,20261013,1,20261014,1,20261015,1,20261016,1,20261019,1,20261020,1,20261021,1,20261022,1,20261023,1,20261026,1,20261027,1,20261028,1,20261029,1,20261030,1,20261102,1,20261103,1,20261104,1,20261105,1,20261106,1,20261109,1,20261110,1,20261111,1,20261112,1,20261113,1,20261116,1,20261117,1,20261118,1,20261119,1,20261120,1,20261123,1,20261124,1,20261125,1,20261126,1,20261127,1,20261130,1,20261201,1,20261202,1,20261203,1,20261204,1,20261207,1,20261208,1,20261209,1,20261210,1,20261211,1,20261214,1,20261215,1,20261216,1,20261217,1,20261218,1,20261221,1,20261222,1,20261223,1,20261224,1,20261228,1,20261229,1,20261230,1,20261231,1,20270104,1,20270105,1,20270106,1,20270107,1,20270108,1,20270111,1,20270112,1,20270113,1,20270114,1,20270115,1,20270118,1,20270119,1,20270120,1,20270121,1,20270122,1,20270125,1,20270126,1,20270127,1,20270128,1,20270129,1,20270201,1,20270202,1,20270203,1,20270204,1,20270205,1,20270208,1,20270209,1,20270210,1,20270211,1,20270212,1,20270216,1,20270217,1,20270218,1,20270219,1,20270222,1,20270223,1,20270224,1,20270225,1,20270226,1,20270301,1,20270302,1,20270303,1,20270304,1,20270305,1,20270308,1,20270309,1,20270310,1,20270311,1,20270312,1,20270315,1,20270316,1,20270317,1,20270318,1,20270319,1,20270322,1,20270323,1,20270324,1,20270325,1,20270330,1,20270331,1,20270401,1,20270402,1,20270405,1,20270406,1,20270407,1,20270408,1,20270409,1,20270412,1,20270413,1,20270414,1,20270415,1,20270416,1,20270419,1,20270420,1,20270421,1,20270422,1,20270423,1,20270426,1,20270427,1,20270428,1,20270429,1,20270430,1,20270503,1,20270504,1,20270505,1,20270506,1,20270507,1,20270510,1,20270511,1,20270512,1,20270513,1,20270514,1,20270517,1,20270518,1,20270519,1,20270520,1,20270521,1,20270525,1,20270526,1,20270527,1,20270528,1,20270531,1,20270601,1,20270602,1,20270603,1,20270604,1,20270607,1,20270608,1,20270609,1,20270610,1,20270611,1,20270614,1,20270615,1,20270616,1,20270617,1,20270618,1,20270621,1,20270622,1,20270623,1,20270624,1,20270625,1,20270628,1,20270629,1,20270630,1,20270702,1,20270705,1,20270706,1
'1314531',20260908,1,20260909,1,20260910,1,20260911,1,20260914,1,20260915,1,20260916,1,20260917,1,20260918,1,20260921,1,20260922,1,20260923,1,20260924,1,20260925,1,20260928,1,20260929,1,20260930,1,20261001,1,20261002,1,20261005,1,20261006,1,20261007,1,20261008,1,20261009,1,20261013,1,20261014,1,20261015,1,20261016,1,20261019,1,20261020,1,20261021,1,20261022,1,20261023,1,20261026,1,20261027,1,20261028,1,20261029,1,20261030,1,20261102,1,20261103,1,20261104,1,20261105,1,20261106,1,20261109,1,20261110,1,20261111,1,20261112,1,20261113,1,20261116,1,20261117,1,20261118,1,20261119,1,20261120,1,20261123,1,20261124,1,20261125,1,20261126,1,20261127,1,20261130,1,20261201,1,20261202,1,20261203,1,20261204,1,20261207,1,20261208,1,20261209,1,20261210,1,20261211,1,20261214,1,20261215,1,20261216,1,20261217,1,20261218,1,20261221,1,20261222,1,20261223,1,20261224,1,20261228,1,20261229,1,20261230,1,20261231,1,20270104,1,20270105,1,20270106,1,20270107,1,20270108,1,20270111,1,20270112,1,20270113,1,20270114,1,20270115,1,20270118,1,20270119,1,20270120,1,20270121,1,20270122,1,20270125,1,20270126,1,20270127,1,20270128,1,20270129,1,20270201,1,20270202,1,20270203,1,20270204,1,20270205,1,20270208,1,20270209,1,20270210,1,20270211,1,20270212,1,20270216,1,20270217,1,20270218,1,20270219,1,20270222,1,20270223,1,20270224,1,20270225,1,20270226,1,20270301,1,20270302,1,20270303,1,20270304,1,20270305,1,20270308,1,20270309,1,20270310,1,20270311,1,20270312,1,20270315,1,20270316,1,20270317,1,20270318,1,20270319,1,20270322,1,20270323,1,20270324,1,20270325,1,20270330,1,20270331,1,20270401,1,20270402,1,20270405,1,20270406,1,20270407,1,20270408,1,20270409,1,20270412,1,20270413,1,20270414,1,20270415,1,20270416,1,20270419,1,20270420,1,20270421,1,20270422,1,20270423,1,20270426,1,20270427,1,20270428,1,20270429,1,20270430,1,20270503,1,20270504,1,20270505,1,20270506,1,20270507,1,20270510,1,20270511,1,20270512,1,20270513,1,20270514,1,20270517,1,20270518,1,20270519,1,20270520,1,20270521,1,20270525,1,20270526,1,20270527,1,20270528,1,20270531,1,20270601,1,20270602,1,20270603,1,20270604,1,20270607,1,20270608,1,20270609,1,20270610,1,20270611,1,20270614,1,20270615,1,20270616,1,20270617,1,20270618,1,20270621,1,20270622,1,20270623,1,20270624,1,20270625,1,20270628,1,20270629,1,20270630,1,20270702,1,20270705,1,20270706,1
'1314534',20260908,1,20260909,1,20260910,1,20260911,1,20260914,1,20260915,1,20260916,1,20260917,1,20260918,1,20260921,1,20260922,1,20260923,1,20260924,1,20260925,1,20260928,1,20260929,1,20260930,1,20261001,1,20261002,1,20261005,1,20261006,1,20261007,1,20261008,1,20261009,1,20261013,1,20261014,1,20261015,1,20261016,1,20261019,1,20261020,1,20261021,1,20261022,1,20261023,1,20261026,1,20261027,1,20261028,1,20261029,1,20261030,1,20261102,1,20261103,1,20261104,1,20261105,1,20261106,1,20261109,1,20261110,1,20261111,1,20261112,1,20261113,1,20261116,1,20261117,1,20261118,1,20261119,1,20261120,1,20261123,1,20261124,1,20261125,1,20261126,1,20261127,1,20261130,1,20261201,1,20261202,1,20261203,1,20261204,1,20261207,1,20261208,1,20261209,1,20261210,1,20261211,1,20261214,1,20261215,1,20261216,1,20261217,1,20261218,1,20261221,1,20261222,1,20261223,1,20261224,1,20261228,1,20261229,1,20261230,1,20261231,1,20270104,1,20270105,1,20270106,1,20270107,1,20270108,1,20270111,1,20270112,1,20270113,1,20270114,1,20270115,1,20270118,1,20270119,1,20270120,1,20270121,1,20270122,1,20270125,1,20270126,1,20270127,1,20270128,1,20270129,1,20270201,1,20270202,1,20270203,1,20270204,1,20270205,1,20270208,1,20270209,1,20270210,1,20270211,1,20270212,1,20270216,1,20270217,1,20270218,1,20270219,1,20270222,1,20270223,1,20270224,1,20270225,1,20270226,1,20270301,1,20270302,1,20270303,1,20270304,1,20270305,1,20270308,1,20270309,1,20270310,1,20270311,1,20270312,1,20270315,1,20270316,1,20270317,1,20270318,1,20270319,1,20270322,1,20270323,1,20270324,1,20270325,1,20270330,1,20270331,1,20270401,1,20270402,1,20270405,1,20270406,1,20270407,1,20270408,1,20270409,1,20270412,1,20270413,1,20270414,1,20270415,1,20270416,1,20270419,1,20270420,1,20270421,1,20270422,1,20270423,1,20270426,1,20270427,1,20270428,1,20270429,1,20270430,1,20270503,1,20270504,1,20270505,1,20270506,1,20270507,1,20270510,1,20270511,1,20270512,1,20270513,1,20270514,1,20270517,1,20270518,1,20270519,1,20270520,1,20270521,1,20270525,1,20270526,1,20270527,1,20270528,1,20270531,1,20270601,1,20270602,1,20270603,1,20270604,1,20270607,1,20270608,1,20270609,1,20270610,1,20270611,1,20270614,1,20270615,1,20270616,1,20270617,1,20270618,1,20270621,1,20270622,1,20270623,1,20270624,1,20270625,1,20270628,1,20270629,1,20270630,1,20270702,1,20270705,1,20270706,1
'1314535',20260908,1,20260909,1,20260910,1,20260911,1,20260914,1,20260915,1,20260916,1,20260917,1,20260918,1,20260921,1,20260922,1,20260923,1,20260924,1,20260925,1,20260928,1,20260929,1,20260930,1,20261001,1,20261002,1,20261005,1,20261006,1,20261007,1,20261008,1,20261009,1,20261013,1,20261014,1,20261015,1,20261016,1,20261019,1,20261020,1,20261021,1,20261022,1,20261023,1,20261026,1,20261027,1,20261028,1,20261029,1,20261030,1,20261102,1,20261103,1,20261104,1,20261105,1,20261106,1,20261109,1,20261110,1,20261111,1,20261112,1,20261113,1,20261116,1,20261117,1,20261118,1,20261119,1,20261120,1,20261123,1,20261124,1,20261125,1,20261126,1,20261127,1,20261130,1,20261201,1,20261202,1,20261203,1,20261204,1,20261207,1,20261208,1,20261209,1,20261210,1,20261211,1,20261214,1,20261215,1,20261216,1,20261217,1,20261218,1,20261221,1,20261222,1,20261223,1,20261224,1,20261228,1,20261229,1,20261230,1,20261231,1,20270104,1,20270105,1,20270106,1,20270107,1,20270108,1,20270111,1,20270112,1,20270113,1,20270114,1,20270115,1,20270118,1,20270119,1,20270120,1,20270121,1,20270122,1,20270125,1,20270126,1,20270127,1,20270128,1,20270129,1,20270201,1,20270202,1,20270203,1,20270204,1,20270205,1,20270208,1,20270209,1,20270210,1,20270211,1,20270212,1,20270216,1,20270217,1,20270218,1,20270219,1,20270222,1,20270223,1,20270224,1,20270225,1,20270226,1,20270301,1,20270302,1,20270303,1,20270304,1,20270305,1,20270308,1,20270309,1,20270310,1,20270311,1,20270312,1,20270315,1,20270316,1,20270317,1,20270318,1,20270319,1,20270322,1,20270323,1,20270324,1,20270325,1,20270330,1,20270331,1,20270401,1,20270402,1,20270405,1,20270406,1,20270407,1,20270408,1,20270409,1,20270412,1,20270413,1,20270414,1,20270415,1,20270416,1,20270419,1,20270420,1,20270421,1,20270422,1,20270423,1,20270426,1,20270427,1,20270428,1,20270429,1,20270430,1,20270503,1,20270504,1,20270505,1,20270506,1,20270507,1,20270510,1,20270511,1,20270512,1,20270513,1,20270514,1,20270517,1,20270518,1,20270519,1,20270520,1,20270521,1,20270525,1,20270526,1,20270527,1,20270528,1,20270531,1,20270601,1,20270602,1,20270603,1,20270604,1,20270607,1,20270608,1,20270609,1,20270610,1,20270611,1,20270614,1,20270615,1,20270616,1,20270617,1,20270618,1,20270621,1,20270622,1,20270623,1,20270624,1,20270625,1,20270628,1,20270629,1,20270630,1,20270702,1,20270705,1,20270706,1
'1314538',20260908,1,20260909,1,20260910,1,20260911,1,20260914,1,20260915,1,20260916,1,20260917,1,20260918,1,20260921,1,20260922,1,20260923,1,20260924,1,20260925,1,20260928,1,20260929,1,20260930,1,20261001,1,20261002,1,20261005,1,20261006,1,20261007,1,20261008,1,20261009,1,20261013,1,20261014,1,20261015,1,20261016,1,20261019,1,20261020,1,20261021,1,20261022,1,20261023,1,20261026,1,20261027,1,20261028,1,20261029,1,20261030,1,20261102,1,20261103,1,20261104,1,20261105,1,20261106,1,20261109,1,20261110,1,20261111,1,20261112,1,20261113,1,20261116,1,20261117,1,20261118,1,20261119,1,20261120,1,20261123,1,20261124,1,20261125,1,20261126,1,20261127,1,20261130,1,20261201,1,20261202,1,20261203,1,20261204,1,20261207,1,20261208,1,20261209,1,20261210,1,20261211,1,20261214,1,20261215,1,20261216,1,20261217,1,20261218,1,20261221,1,20261222,1,20261223,1,20261224,1,20261228,1,20261229,1,20261230,1,20261231,1,20270104,1,20270105,1,20270106,1,20270107,1,20270108,1,20270111,1,20270112,1,20270113,1,20270114,1,20270115,1,20270118,1,20270119,1,20270120,1,20270121,1,20270122,1,20270125,1,20270126,1,20270127,1,20270128,1,20270129,1,20270201,1,20270202,1,20270203,1,20270204,1,20270205,1,20270208,1,20270209,1,20270210,1,20270211,1,20270212,1,20270216,1,20270217,1,20270218,1,20270219,1,20270222,1,20270223,1,20270224,1,20270225,1,20270226,1,20270301,1,20270302,1,20270303,1,20270304,1,20270305,1,20270308,1,20270309,1,20270310,1,20270311,1,20270312,1,20270315,1,20270316,1,20270317,1,20270318,1,20270319,1,20270322,1,20270323,1,20270324,1,20270325,1,20270330,1,20270331,1,20270401,1,20270402,1,20270405,1,20270406,1,20270407,1,20270408,1,20270409,1,20270412,1,20270413,1,20270414,1,20270415,1,20270416,1,20270419,1,20270420,1,20270421,1,20270422,1,20270423,1,20270426,1,20270427,1,20270428,1,20270429,1,20270430,1,20270503,1,20270504,1,20270505,1,20270506,1,20270507,1,20270510,1,20270511,1,20270512,1,20270513,1,20270514,1,20270517,1,20270518,1,20270519,1,20270520,1,20270521,1,20270525,1,20270526,1,20270527,1,20270528,1,20270531,1,20270601,1,20270602,1,20270603,1,20270604,1,20270607,1,20270608,1,20270609,1,20270610,1,20270611,1,20270614,1,20270615,1,20270616,1,20270617,1,20270618,1,20270621,1,20270622,1,20270623,1,20270624,1,20270625,1,20270628,1,20270629,1,20270630,1,20270702,1,20270705,1,20270706,1
'1314542',20260912,1,20260919,1,20260926,1,20261003,1,20261010,1,20261017,1,20261024,1,20261031,1,20261107,1,20261114,1,20261121,1,20261128,1,20261205,1,20261212,1,20261219,1,20261226,1,20270102,1,20270109,1,20270116,1,20270123,1,20270130,1,20270206,1,20270213,1,20270220,1,20270227,1,20270306,1,20270313,1,20270320,1,20270327,1,20270403,1,20270410,1,20270417,1,20270424,1,20270501,1,20270508,1,20270515,1,20270522,1,20270529,1,20270605,1,20270612,1,20270619,1,20270626,1,20270703,1
'1314548',20260907,1,20260913,1,20260920,1,20260927,1,20261004,1,20261011,1,20261012,1,20261018,1,20261025,1,20261101,1,20261108,1,20261115,1,20261122,1,20261129,1,20261206,1,20261213,1,20261220,1,20261225,1,20261227,1,20270101,1,20270103,1,20270110,1,20270117,1,20270124,1,20270131,1,20270207,1,20270214,1,20270215,1,20270221,1,20270228,1,20270307,1,20270314,1,20270321,1,20270326,1,20270328,1,20270329,1,20270404,1,20270411,1,20270418,1,20270425,1,20270502,1,20270509,1,20270516,1,20270523,1,20270524,1,20270530,1,20270606,1,20270613,1,20270620,1,20270627,1,20270701,1,20270704,1
'1314549',20260908,1,20260909,1,20260910,1,20260911,1,20260914,1,20260915,1,20260916,1,20260917,1,20260918,1,20260921,1,20260922,1,20260923,1,20260924,1,20260925,1,20260928,1,20260929,1,20260930,1,20261001,1,20261002,1,20261005,1,20261006,1,20261007,1,20261008,1,20261009,1,20261013,1,20261014,1,20261015,1,20261016,1,20261019,1,20261020,1,20261021,1,20261022,1,20261023,1,20261026,1,20261027,1,20261028,1,20261029,1,20261030,1,20261102,1,20261103,1,20261104,1,20261105,1,20261106,1,20261109,1,20261110,1,20261111,1,20261112,1,20261113,1,20261116,1,20261117,1,20261118,1,20261119,1,20261120,1,20261123,1,20261124,1,20261125,1,20261126,1,20261127,1,20261130,1,20261201,1,20261202,1,20261203,1,20261204,1,20261207,1,20261208,1,20261209,1,20261210,1,20261211,1,20261214,1,20261215,1,20261216,1,20261217,1,20261218,1,20261221,1,20261222,1,20261223,1,20261224,1,20261228,1,20261229,1,20261230,1,20261231,1,20270104,1,20270105,1,20270106,1,20270107,1,20270108,1,20270111,1,20270112,1,20270113,1,20270114,1,20270115,1,20270118,1,20270119,1,20270120,1,20270121,1,20270122,1,20270125,1,20270126,1,20270127,1,20270128,1,20270129,1,20270201,1,20270202,1,20270203,1,20270204,1,20270205,1,20270208,1,20270209,1,20270210,1,20270211,1,20270212,1,20270216,1,20270217,1,20270218,1,20270219,1,20270222,1,20270223,1,20270224,1,20270225,1,20270226,1,20270301,1,20270302,1,20270303,1,20270304,1,20270305,1,20270308,1,20270309,1,20270310,1,20270311,1,20270312,1,20270315,1,20270316,1,20270317,1,20270318,1,20270319,1,20270322,1,20270323,1,20270324,1,20270325,1,20270330,1,20270331,1,20270401,1,20270402,1,20270405,1,20270406,1,20270407,1,20270408,1,20270409,1,20270412,1,20270413,1,20270414,1,20270415,1,20270416,1,20270419,1,20270420,1,20270421,1,20270422,1,20270423,1,20270426,1,20270427,1,20270428,1,20270429,1,20270430,1,20270503,1,20270504,1,20270505,1,20270506,1,20270507,1,20270510,1,20270511,1,20270512,1,20270513,1,20270514,1,20270517,1,20270518,1,20270519,1,20270520,1,20270521,1,20270525,1,20270526,1,20270527,1,20270528,1,20270531,1,20270601,1,20270602,1,20270603,1,20270604,1,20270607,1,20270608,1,20270609,1,20270610,1,20270611,1,20270614,1,20270615,1,20270616,1,20270617,1,20270618,1,20270621,1,20270622,1,20270623,1,20270624,1,20270625,1,20270628,1,20270629,1,20270630,1,20270702,1,20270705,1,20270706,1
'1314557',20260908,1,20260909,1,20260910,1,20260911,1,20260914,1,20260915,1,20260916,1,20260917,1,20260918,1,20260921,1,20260922,1,20260923,1,20260924,1,20260925,1,20260928,1,20260929,1,20260930,1,20261001,1,20261002,1,20261005,1,20261006,1,20261007,1,20261008,1,20261009,1,20261013,1,20261014,1,20261015,1,20261016,1,20261019,1,20261020,1,20261021,1,20261022,1,20261023,1,20261026,1,20261027,1,20261028,1,20261029,1,20261030,1,20261102,1,20261103,1,20261104,1,20261105,1,20261106,1,20261109,1,20261110,1,20261111,1,20261112,1,20261113,1,20261116,1,20261117,1,20261118,1,20261119,1,20261120,1,20261123,1,20261124,1,20261125,1,20261126,1,20261127,1,20261130,1,20261201,1,20261202,1,20261203,1,20261204,1,20261207,1,20261208,1,20261209,1,20261210,1,20261211,1,20261214,1,20261215,1,20261216,1,20261217,1,20261218,1,20261221,1,20261222,1,20261223,1,20261224,1,20261228,1,20261229,1,20261230,1,20261231,1,20270104,1,20270105,1,20270106,1,20270107,1,20270108,1,20270111,1,20270112,1,20270113,1,20270114,1,20270115,1,20270118,1,20270119,1,20270120,1,20270121,1,20270122,1,20270125,1,20270126,1,20270127,1,20270128,1,20270129,1,20270201,1,20270202,1,20270203,1,20270204,1,20270205,1,20270208,1,20270209,1,20270210,1,20270211,1,20270212,1,20270216,1,20270217,1,20270218,1,20270219,1,20270222,1,20270223,1,20270224,1,20270225,1,20270226,1,20270301,1,20270302,1,20270303,1,20270304,1,20270305,1,20270308,1,20270309,1,20270310,1,20270311,1,20270312,1,20270315,1,20270316,1,20270317,1,20270318,1,20270319,1,20270322,1,20270323,1,20270324,1,20270325,1,20270330,1,20270331,1,20270401,1,20270402,1,20270405,1,20270406,1,20270407,1,20270408,1,20270409,1,20270412,1,20270413,1,20270414,1,20270415,1,20270416,1,20270419,1,20270420,1,20270421,1,20270422,1,20270423,1,20270426,1,20270427,1,20270428,1,20270429,1,20270430,1,20270503,1,20270504,1,20270505,1,20270506,1,20270507,1,20270510,1,20270511,1,20270512,1,20270513,1,20270514,1,20270517,1,20270518,1,20270519,1,20270520,1,20270521,1,20270525,1,20270526,1,20270527,1,20270528,1,20270531,1,20270601,1,20270602,1,20270603,1,20270604,1,20270607,1,20270608,1,20270609,1,20270610,1,20270611,1,20270614,1,20270615,1,20270616,1,20270617,1,20270618,1,20270621,1,20270622,1,20270623,1,20270624,1,20270625,1,20270628,1,20270629,1,20270630,1,20270702,1,20270705,1,20270706,1
'1314575',20260908,1,20260909,1,20260910,1,20260911,1,20260914,1,20260915,1,20260916,1,20260917,1,20260918,1,20260921,1,20260922,1,20260923,1,20260924,1,20260925,1,20260928,1,20260929,1,20260930,1,20261001,1,20261002,1,20261005,1,20261006,1,20261007,1,20261008,1,20261009,1,20261013,1,20261014,1,20261015,1,20261016,1,20261019,1,20261020,1,20261021,1,20261022,1,20261023,1,20261026,1,20261027,1,20261028,1,20261029,1,20261030,1,20261102,1,20261103,1,20261104,1,20261105,1,20261106,1,20261109,1,20261110,1,20261111,1,20261112,1,20261113,1,20261116,1,20261117,1,20261118,1,20261119,1,20261120,1,20261123,1,20261124,1,20261125,1,20261126,1,20261127,1,20261130,1,20261201,1,20261202,1,20261203,1,20261204,1,20261207,1,20261208,1,20261209,1,20261210,1,20261211,1,20261214,1,20261215,1,20261216,1,20261217,1,20261218,1,20261221,1,20261222,1,20261223,1,20261224,1,20261228,1,20261229,1,20261230,1,20261231,1,20270104,1,20270105,1,20270106,1,20270107,1,20270108,1,20270111,1,20270112,1,20270113,1,20270114,1,20270115,1,20270118,1,20270119,1,20270120,1,20270121,1,20270122,1,20270125,1,20270126,1,20270127,1,20270128,1,20270129,1,20270201,1,20270202,1,20270203,1,20270204,1,20270205,1,20270208,1,20270209,1,20270210,1,20270211,1,20270212,1,20270216,1,20270217,1,20270218,1,20270219,1,20270222,1,20270223,1,20270224,1,20270225,1,20270226,1,20270301,1,20270302,1,20270303,1,20270304,1,20270305,1,20270308,1,20270309,1,20270310,1,20270311,1,20270312,1,20270315,1,20270316,1,20270317,1,20270318,1,20270319,1,20270322,1,20270323,1,20270324,1,20270325,1,20270330,1,20270331,1,20270401,1,20270402,1,20270405,1,20270406,1,20270407,1,20270408,1,20270409,1,20270412,1,20270413,1,20270414,1,20270415,1,20270416,1,20270419,1,20270420,1,20270421,1,20270422,1,20270423,1,20270426,1,20270427,1,20270428,1,20270429,1,20270430,1,20270503,1,20270504,1,20270505,1,20270506,1,20270507,1,20270510,1,20270511,1,20270512,1,20270513,1,20270514,1,20270517,1,20270518,1,20270519,1,20270520,1,20270521,1,20270525,1,20270526,1,20270527,1,20270528,1,20270531,1,20270601,1,20270602,1,20270603,1,20270604,1,20270607,1,20270608,1,20270609,1,20270610,1,20270611,1,20270614,1,20270615,1,20270616,1,20270617,1,20270618,1,20270621,1,20270622,1,20270623,1,20270624,1,20270625,1,20270628,1,20270629,1,20270630,1,20270702,1,20270705,1,20270706,1
'1314576',20260907,1,20260913,1,20260920,1,20260927,1,20261004,1,20261011,1,20261012,1,20261018,1,20261025,1,20261101,1,20261108,1,20261115,1,20261122,1,20261129,1,20261206,1,20261213,1,20261220,1,20261225,1,20261227,1,20270101,1,20270103,1,20270110,1,20270117,1,20270124,1,20270131,1,20270207,1,20270214,1,20270215,1,20270221,1,20270228,1,20270307,1,20270314,1,20270321,1,20270326,1,20270328,1,20270329,1,20270404,1,20270411,1,20270418,1,20270425,1,20270502,1,20270509,1,20270516,1,20270523,1,20270524,1,20270530,1,20270606,1,20270613,1,20270620,1,20270627,1,20270701,1,20270704,1
'1314578',20260908,1,20260909,1,20260910,1,20260911,1,20260914,1,20260915,1,20260916,1,20260917,1,20260918,1,20260921,1,20260922,1,20260923,1,20260924,1,20260925,1,20260928,1,20260929,1,20260930,1,20261001,1,20261002,1,20261005,1,20261006,1,20261007,1,20261008,1,20261009,1,20261013,1,20261014,1,20261015,1,20261016,1,20261019,1,20261020,1,20261021,1,20261022,1,20261023,1,20261026,1,20261027,1,20261028,1,20261029,1,20261030,1,20261102,1,20261103,1,20261104,1,20261105,1,20261106,1,20261109,1,20261110,1,20261111,1,20261112,1,20261113,1,20261116,1,20261117,1,20261118,1,20261119,1,20261120,1,20261123,1,20261124,1,20261125,1,20261126,1,20261127,1,20261130,1,20261201,1,20261202,1,20261203,1,20261204,1,20261207,1,20261208,1,20261209,1,20261210,1,20261211,1,20261214,1,20261215,1,20261216,1,20261217,1,20261218,1,20261221,1,20261222,1,20261223,1,20261224,1,20261228,1,20261229,1,20261230,1,20261231,1,20270104,1,20270105,1,20270106,1,20270107,1,20270108,1,20270111,1,20270112,1,20270113,1,20270114,1,20270115,1,20270118,1,20270119,1,20270120,1,20270121,1,20270122,1,20270125,1,20270126,1,20270127,1,20270128,1,20270129,1,20270201,1,20270202,1,20270203,1,20270204,1,20270205,1,20270208,1,20270209,1,20270210,1,20270211,1,20270212,1,20270216,1,20270217,1,20270218,1,20270219,1,20270222,1,20270223,1,20270224,1,20270225,1,20270226,1,20270301,1,20270302,1,20270303,1,20270304,1,20270305,1,20270308,1,20270309,1,20270310,1,20270311,1,20270312,1,20270315,1,20270316,1,20270317,1,20270318,1,20270319,1,20270322,1,20270323,1,20270324,1,20270325,1,20270330,1,20270331,1,20270401,1,20270402,1,20270405,1,20270406,1,20270407,1,20270408,1,20270409,1,20270412,1,20270413,1,20270414,1,20270415,1,20270416,1,20270419,1,20270420,1,20270421,1,20270422,1,20270423,1,20270426,1,20270427,1,20270428,1,20270429,1,20270430,1,20270503,1,20270504,1,20270505,1,20270506,1,20270507,1,20270510,1,20270511,1,20270512,1,20270513,1,20270514,1,20270517,1,20270518,1,20270519,1,20270520,1,20270521,1,20270525,1,20270526,1,20270527,1,20270528,1,20270531,1,20270601,1,20270602,1,20270603,1,20270604,1,20270607,1,20270608,1,20270609,1,20270610,1,20270611,1,20270614,1,20270615,1,20270616,1,20270617,1,20270618,1,20270621,1,20270622,1,20270623,1,20270624,1,20270625,1,20270628,1,20270629,1,20270630,1,20270702,1,20270705,1,20270706,1
'1314579',20260908,1,20260909,1,20260910,1,20260911,1,20260914,1,20260915,1,20260916,1,20260917,1,20260918,1,20260921,1,20260922,1,20260923,1,20260924,1,20260925,1,20260928,1,20260929,1,20260930,1,20261001,1,20261002,1,20261005,1,20261006,1,20261007,1,20261008,1,20261009,1,20261013,1,20261014,1,20261015,1,20261016,1,20261019,1,20261020,1,20261021,1,20261022,1,20261023,1,20261026,1,20261027,1,20261028,1,20261029,1,20261030,1,20261102,1,20261103,1,20261104,1,20261105,1,20261106,1,20261109,1,20261110,1,20261111,1,20261112,1,20261113,1,20261116,1,20261117,1,20261118,1,20261119,1,20261120,1,20261123,1,20261124,1,20261125,1,20261126,1,20261127,1,20261130,1,20261201,1,20261202,1,20261203,1,20261204,1,20261207,1,20261208,1,20261209,1,20261210,1,20261211,1,20261214,1,20261215,1,20261216,1,20261217,1,20261218,1,20261221,1,20261222,1,20261223,1,20261224,1,20261228,1,20261229,1,20261230,1,20261231,1,20270104,1,20270105,1,20270106,1,20270107,1,20270108,1,20270111,1,20270112,1,20270113,1,20270114,1,20270115,1,20270118,1,20270119,1,20270120,1,20270121,1,20270122,1,20270125,1,20270126,1,20270127,1,20270128,1,20270129,1,20270201,1,20270202,1,20270203,1,20270204,1,20270205,1,20270208,1,20270209,1,20270210,1,20270211,1,20270212,1,20270216,1,20270217,1,20270218,1,20270219,1,20270222,1,20270223,1,20270224,1,20270225,1,20270226,1,20270301,1,20270302,1,20270303,1,20270304,1,20270305,1,20270308,1,20270309,1,20270310,1,20270311,1,20270312,1,20270315,1,20270316,1,20270317,1,20270318,1,20270319,1,20270322,1,20270323,1,20270324,1,20270325,1,20270330,1,20270331,1,20270401,1,20270402,1,20270405,1,20270406,1,20270407,1,20270408,1,20270409,1,20270412,1,20270413,1,20270414,1,20270415,1,20270416,1,20270419,1,20270420,1,20270421,1,20270422,1,20270423,1,20270426,1,20270427,1,20270428,1,20270429,1,20270430,1,20270503,1,20270504,1,20270505,1,20270506,1,20270507,1,20270510,1,20270511,1,20270512,1,20270513,1,20270514,1,20270517,1,20270518,1,20270519,1,20270520,1,20270521,1,20270525,1,20270526,1,20270527,1,20270528,1,20270531,1,20270601,1,20270602,1,20270603,1,20270604,1,20270607,1,20270608,1,20270609,1,20270610,1,20270611,1,20270614,1,20270615,1,20270616,1,20270617,1,20270618,1,20270621,1,20270622,1,20270623,1,20270624,1,20270625,1,20270628,1,20270629,1,20270630,1,20270702,1,20270705,1,20270706,1
'1314584',20260912,1,20260919,1,20260926,1,20261003,1,20261010,1,20261017,1,20261024,1,20261031,1,20261107,1,20261114,1,20261121,1,20261128,1,20261205,1,20261212,1,20261219,1,20261226,1,20270102,1,20270109,1,20270116,1,20270123,1,20270130,1,20270206,1,20270213,1,20270220,1,20270227,1,20270306,1,20270313,1,20270320,1,20270327,1,20270403,1,20270410,1,20270417,1,20270424,1,20270501,1,20270508,1,20270515,1,20270522,1,20270529,1,20270605,1,20270612,1,20270619,1,20270626,1,20270703,1
'1314587',20260912,1,20260919,1,20260926,1,20261003,1,20261010,1,20261017,1,20261024,1,20261031,1,20261107,1,20261114,1,20261121,1,20261128,1,20261205,1,20261212,1,20261219,1,20261226,1,20270102,1,20270109,1,20270116,1,20270123,1,20270130,1,20270206,1,20270213,1,20270220,1,20270227,1,20270306,1,20270313,1,20270320,1,20270327,1,20270403,1,20270410,1,20270417,1,20270424,1,20270501,1,20270508,1,20270515,1,20270522,1,20270529,1,20270605,1,20270612,1,20270619,1,20270626,1,20270703,1
'1314589',20260908,1,20260909,1,20260910,1,20260911,1,20260914,1,20260915,1,20260916,1,20260917,1,20260918,1,20260921,1,20260922,1,20260923,1,20260924,1,20260925,1,20260928,1,20260929,1,20260930,1,20261001,1,20261002,1,20261005,1,20261006,1,20261007,1,20261008,1,20261009,1,20261013,1,20261014,1,20261015,1,20261016,1,20261019,1,20261020,1,20261021,1,20261022,1,20261023,1,20261026,1,20261027,1,20261028,1,20261029,1,20261030,1,20261102,1,20261103,1,20261104,1,20261105,1,20261106,1,20261109,1,20261110,1,20261111,1,20261112,1,20261113,1,20261116,1,20261117,1,20261118,1,20261119,1,20261120,1,20261123,1,20261124,1,20261125,1,20261126,1,20261127,1,20261130,1,20261201,1,20261202,1,20261203,1,20261204,1,20261207,1,20261208,1,20261209,1,20261210,1,20261211,1,20261214,1,20261215,1,20261216,1,20261217,1,20261218,1,20261221,1,20261222,1,20261223,1,20261224,1,20261228,1,20261229,1,20261230,1,20261231,1,20270104,1,20270105,1,20270106,1,20270107,1,20270108,1,20270111,1,20270112,1,20270113,1,20270114,1,20270115,1,20270118,1,20270119,1,20270120,1,20270121,1,20270122,1,20270125,1,20270126,1,20270127,1,20270128,1,20270129,1,20270201,1,20270202,1,20270203,1,20270204,1,20270205,1,20270208,1,20270209,1,20270210,1,20270211,1,20270212,1,20270216,1,20270217,1,20270218,1,20270219,1,20270222,1,20270223,1,20270224,1,20270225,1,20270226,1,20270301,1,20270302,1,20270303,1,20270304,1,20270305,1,20270308,1,20270309,1,20270310,1,20270311,1,20270312,1,20270315,1,20270316,1,20270317,1,20270318,1,20270319,1,20270322,1,20270323,1,20270324,1,20270325,1,20270330,1,20270331,1,20270401,1,20270402,1,20270405,1,20270406,1,20270407,1,20270408,1,20270409,1,20270412,1,20270413,1,20270414,1,20270415,1,20270416,1,20270419,1,20270420,1,20270421,1,20270422,1,20270423,1,20270426,1,20270427,1,20270428,1,20270429,1,20270430,1,20270503,1,20270504,1,20270505,1,20270506,1,20270507,1,20270510,1,20270511,1,20270512,1,20270513,1,20270514,1,20270517,1,20270518,1,20270519,1,20270520,1,20270521,1,20270525,1,20270526,1,20270527,1,20270528,1,20270531,1,20270601,1,20270602,1,20270603,1,20270604,1,20270607,1,20270608,1,20270609,1,20270610,1,20270611,1,20270614,1,20270615,1,20270616,1,20270617,1,20270618,1,20270621,1,20270622,1,20270623,1,20270624,1,20270625,1,20270628,1,20270629,1,20270630,1,20270702,1,20270705,1,20270706,1
'1314590',20260912,1,20260919,1,20260926,1,20261003,1,20261010,1,20261017,1,20261024,1,20261031,1,20261107,1,20261114,1,20261121,1,20261128,1,20261205,1,20261212,1,20261219,1,20261226,1,20270102,1,20270109,1,20270116,1,20270123,1,20270130,1,20270206,1,20270213,1,20270220,1,20270227,1,20270306,1,20270313,1,20270320,1,20270327,1,20270403,1,20270410,1,20270417,1,20270424,1,20270501,1,20270508,1,20270515,1,20270522,1,20270529,1,20270605,1,20270612,1,20270619,1,20270626,1,20270703,1
'1314597',20260912,1,20260919,1,20260926,1,20261003,1,20261010,1,20261017,1,20261024,1,20261031,1,20261107,1,20261114,1,20261121,1,20261128,1,20261205,1,20261212,1,20261219,1,20261226,1,20270102,1,20270109,1,20270116,1,20270123,1,20270130,1,20270206,1,20270213,1,20270220,1,20270227,1,20270306,1,20270313,1,20270320,1,20270327,1,20270403,1,20270410,1,20270417,1,20270424,1,20270501,1,20270508,1,20270515,1,20270522,1,20270529,1,20270605,1,20270612,1,20270619,1,20270626,1,20270703,1
'1314598',20260907,1,20260913,1,20260920,1,20260927,1,20261004,1,20261011,1,20261012,1,20261018,1,20261025,1,20261101,1,20261108,1,20261115,1,20261122,1,20261129,1,20261206,1,20261213,1,20261220,1,20261225,1,20261227,1,20270101,1,20270103,1,20270110,1,20270117,1,20270124,1,20270131,1,20270207,1,20270214,1,20270215,1,20270221,1,20270228,1,20270307,1,20270314,1,20270321,1,20270326,1,20270328,1,20270329,1,20270404,1,20270411,1,20270418,1,20270425,1,20270502,1,20270509,1,20270516,1,20270523,1,20270524,1,20270530,1,20270606,1,20270613,1,20270620,1,20270627,1,20270701,1,20270704,1
'1314599',20260907,1,20260913,1,20260920,1,20260927,1,20261004,1,20261011,1,20261012,1,20261018,1,20261025,1,20261101,1,20261108,1,20261115,1,20261122,1,20261129,1,20261206,1,20261213,1,20261220,1,20261225,1,20261227,1,20270101,1,20270103,1,20270110,1,20270117,1,20270124,1,20270131,1,20270207,1,20270214,1,20270215,1,20270221,1,20270228,1,20270307,1,20270314,1,20270321,1,20270326,1,20270328,1,20270329,1,20270404,1,20270411,1,20270418,1,20270425,1,20270502,1,20270509,1,20270516,1,20270523,1,20270524,1,20270530,1,20270606,1,20270613,1,20270620,1,20270627,1,20270701,1,20270704,1
'1314606',20260908,1,20260909,1,20260910,1,20260911,1,20260914,1,20260915,1,20260916,1,20260917,1,20260918,1,20260921,1,20260922,1,20260923,1,20260924,1,20260925,1,20260928,1,20260929,1,20260930,1,20261001,1,20261002,1,20261005,1,20261006,1,20261007,1,20261008,1,20261009,1,20261013,1,20261014,1,20261015,1,20261016,1,20261019,1,20261020,1,20261021,1,20261022,1,20261023,1,20261026,1,20261027,1,20261028,1,20261029,1,20261030,1,20261102,1,20261103,1,20261104,1,20261105,1,20261106,1,20261109,1,20261110,1,20261111,1,20261112,1,20261113,1,20261116,1,20261117,1,20261118,1,20261119,1,20261120,1,20261123,1,20261124,1,20261125,1,20261126,1,20261127,1,20261130,1,20261201,1,20261202,1,20261203,1,20261204,1,20261207,1,20261208,1,20261209,1,20261210,1,20261211,1,20261214,1,20261215,1,20261216,1,20261217,1,20261218,1,20261221,1,20261222,1,20261223,1,20261224,1,20261228,1,20261229,1,20261230,1,20261231,1,20270104,1,20270105,1,20270106,1,20270107,1,20270108,1,20270111,1,20270112,1,20270113,1,20270114,1,20270115,1,20270118,1,20270119,1,20270120,1,20270121,1,20270122,1,20270125,1,20270126,1,20270127,1,20270128,1,20270129,1,20270201,1,20270202,1,20270203,1,20270204,1,20270205,1,20270208,1,20270209,1,20270210,1,20270211,1,20270212,1,20270216,1,20270217,1,20270218,1,20270219,1,20270222,1,20270223,1,20270224,1,20270225,1,20270226,1,20270301,1,20270302,1,20270303,1,20270304,1,20270305,1,20270308,1,20270309,1,20270310,1,20270311,1,20270312,1,20270315,1,20270316,1,20270317,1,20270318,1,20270319,1,20270322,1,20270323,1,20270324,1,20270325,1,20270330,1,20270331,1,20270401,1,20270402,1,20270405,1,20270406,1,20270407,1,20270408,1,20270409,1,20270412,1,20270413,1,20270414,1,20270415,1,20270416,1,20270419,1,20270420,1,20270421,1,20270422,1,20270423,1,20270426,1,20270427,1,20270428,1,20270429,1,20270430,1,20270503,1,20270504,1,20270505,1,20270506,1,20270507,1,20270510,1,20270511,1,20270512,1,20270513,1,20270514,1,20270517,1,20270518,1,20270519,1,20270520,1,20270521,1,20270525,1,20270526,1,20270527,1,20270528,1,20270531,1,20270601,1,20270602,1,20270603,1,20270604,1,20270607,1,20270608,1,20270609,1,20270610,1,20270611,1,20270614,1,20270615,1,20270616,1,20270617,1,20270618,1,20270621,1,20270622,1,20270623,1,20270624,1,20270625,1,20270628,1,20270629,1,20270630,1,20270702,1,20270705,1,20270706,1
'1314609',20260908,1,20260909,1,20260910,1,20260911,1,20260914,1,20260915,1,20260916,1,20260917,1,20260918,1,20260921,1,20260922,1,20260923,1,20260924,1,20260925,1,20260928,1,20260929,1,20260930,1,20261001,1,20261002,1,20261005,1,20261006,1,20261007,1,20261008,1,20261009,1,20261013,1,20261014,1,20261015,1,20261016,1,20261019,1,20261020,1,20261021,1,20261022,1,20261023,1,20261026,1,20261027,1,20261028,1,20261029,1,20261030,1,20261102,1,20261103,1,20261104,1,20261105,1,20261106,1,20261109,1,20261110,1,20261111,1,20261112,1,20261113,1,20261116,1,20261117,1,20261118,1,20261119,1,20261120,1,20261123,1,20261124,1,20261125,1,20261126,1,20261127,1,20261130,1,20261201,1,20261202,1,20261203,1,20261204,1,20261207,1,20261208,1,20261209,1,20261210,1,20261211,1,20261214,1,20261215,1,20261216,1,20261217,1,20261218,1,20261221,1,20261222,1,20261223,1,20261224,1,20261228,1,20261229,1,20261230,1,20261231,1,20270104,1,20270105,1,20270106,1,20270107,1,20270108,1,20270111,1,20270112,1,20270113,1,20270114,1,20270115,1,20270118,1,20270119,1,20270120,1,20270121,1,20270122,1,20270125,1,20270126,1,20270127,1,20270128,1,20270129,1,20270201,1,20270202,1,20270203,1,20270204,1,20270205,1,20270208,1,20270209,1,20270210,1,20270211,1,20270212,1,20270216,1,20270217,1,20270218,1,20270219,1,20270222,1,20270223,1,20270224,1,20270225,1,20270226,1,20270301,1,20270302,1,20270303,1,20270304,1,20270305,1,20270308,1,20270309,1,20270310,1,20270311,1,20270312,1,20270315,1,20270316,1,20270317,1,20270318,1,20270319,1,20270322,1,20270323,1,20270324,1,20270325,1,20270330,1,20270331,1,20270401,1,20270402,1,20270405,1,20270406,1,20270407,1,20270408,1,20270409,1,20270412,1,20270413,1,20270414,1,20270415,1,20270416,1,20270419,1,20270420,1,20270421,1,20270422,1,20270423,1,20270426,1,20270427,1,20270428,1,20270429,1,20270430,1,20270503,1,20270504,1,20270505,1,20270506,1,20270507,1,20270510,1,20270511,1,20270512,1,20270513,1,20270514,1,20270517,1,20270518,1,20270519,1,20270520,1,20270521,1,20270525,1,20270526,1,20270527,1,20270528,1,20270531,1,20270601,1,20270602,1,20270603,1,20270604,1,20270607,1,20270608,1,20270609,1,20270610,1,20270611,1,20270614,1,20270615,1,20270616,1,20270617,1,20270618,1,20270621,1,20270622,1,20270623,1,20270624,1,20270625,1,20270628,1,20270629,1,20270630,1,20270702,1,20270705,1,20270706,1
'1314610',20260908,1,20260909,1,20260910,1,20260911,1,20260914,1,20260915,1,20260916,1,20260917,1,20260918,1,20260921,1,20260922,1,20260923,1,20260924,1,20260925,1,20260928,1,20260929,1,20260930,1,20261001,1,20261002,1,20261005,1,20261006,1,20261007,1,20261008,1,20261009,1,20261013,1,20261014,1,20261015,1,20261016,1,20261019,1,20261020,1,20261021,1,20261022,1,20261023,1,20261026,1,20261027,1,20261028,1,20261029,1,20261030,1,20261102,1,20261103,1,20261104,1,20261105,1,20261106,1,20261109,1,20261110,1,20261111,1,20261112,1,20261113,1,20261116,1,20261117,1,20261118,1,20261119,1,20261120,1,20261123,1,20261124,1,20261125,1,20261126,1,20261127,1,20261130,1,20261201,1,20261202,1,20261203,1,20261204,1,20261207,1,20261208,1,20261209,1,20261210,1,20261211,1,20261214,1,20261215,1,20261216,1,20261217,1,20261218,1,20261221,1,20261222,1,20261223,1,20261224,1,20261228,1,20261229,1,20261230,1,20261231,1,20270104,1,20270105,1,20270106,1,20270107,1,20270108,1,20270111,1,20270112,1,20270113,1,20270114,1,20270115,1,20270118,1,20270119,1,20270120,1,20270121,1,20270122,1,20270125,1,20270126,1,20270127,1,20270128,1,20270129,1,20270201,1,20270202,1,20270203,1,20270204,1,20270205,1,20270208,1,20270209,1,20270210,1,20270211,1,20270212,1,20270216,1,20270217,1,20270218,1,20270219,1,20270222,1,20270223,1,20270224,1,20270225,1,20270226,1,20270301,1,20270302,1,20270303,1,20270304,1,20270305,1,20270308,1,20270309,1,20270310,1,20270311,1,20270312,1,20270315,1,20270316,1,20270317,1,20270318,1,20270319,1,20270322,1,20270323,1,20270324,1,20270325,1,20270330,1,20270331,1,20270401,1,20270402,1,20270405,1,20270406,1,20270407,1,20270408,1,20270409,1,20270412,1,20270413,1,20270414,1,20270415,1,20270416,1,20270419,1,20270420,1,20270421,1,20270422,1,20270423,1,20270426,1,20270427,1,20270428,1,20270429,1,20270430,1,20270503,1,20270504,1,20270505,1,20270506,1,20270507,1,20270510,1,20270511,1,20270512,1,20270513,1,20270514,1,20270517,1,20270518,1,20270519,1,20270520,1,20270521,1,20270525,1,20270526,1,20270527,1,20270528,1,20270531,1,20270601,1,20270602,1,20270603,1,20270604,1,20270607,1,20270608,1,20270609,1,20270610,1,20270611,1,20270614,1,20270615,1,20270616,1,20270617,1,20270618,1,20270621,1,20270622,1,20270623,1,20270624,1,20270625,1,20270628,1,20270629,1,20270630,1,20270702,1,20270705,1,20270706,1
'1314615',20260912,1,20260919,1,20260926,1,20261003,1,20261010,1,20261017,1,20261024,1,20261031,1,20261107,1,20261114,1,20261121,1,20261128,1,20261205,1,20261212,1,20261219,1,20261226,1,20270102,1,20270109,1,20270116,1,20270123,1,20270130,1,20270206,1,20270213,1,20270220,1,20270227,1,20270306,1,20270313,1,20270320,1,20270327,1,20270403,1,20270410,1,20270417,1,20270424,1,20270501,1,20270508,1,20270515,1,20270522,1,20270529,1,20270605,1,20270612,1,20270619,1,20270626,1,20270703,1
'1314618',20260908,1,20260909,1,20260910,1,20260911,1,20260914,1,20260915,1,20260916,1,20260917,1,20260918,1,20260921,1,20260922,1,20260923,1,20260924,1,20260925,1,20260928,1,20260929,1,20260930,1,20261001,1,20261002,1,20261005,1,20261006,1,20261007,1,20261008,1,20261009,1,20261013,1,20261014,1,20261015,1,20261016,1,20261019,1,20261020,1,20261021,1,20261022,1,20261023,1,20261026,1,20261027,1,20261028,1,20261029,1,20261030,1,20261102,1,20261103,1,20261104,1,20261105,1,20261106,1,20261109,1,20261110,1,20261111,1,20261112,1,20261113,1,20261116,1,20261117,1,20261118,1,20261119,1,20261120,1,20261123,1,20261124,1,20261125,1,20261126,1,20261127,1,20261130,1,20261201,1,20261202,1,20261203,1,20261204,1,20261207,1,20261208,1,20261209,1,20261210,1,20261211,1,20261214,1,20261215,1,20261216,1,20261217,1,20261218,1,20261221,1,20261222,1,20261223,1,20261224,1,20261228,1,20261229,1,20261230,1,20261231,1,20270104,1,20270105,1,20270106,1,20270107,1,20270108,1,20270111,1,20270112,1,20270113,1,20270114,1,20270115,1,20270118,1,20270119,1,20270120,1,20270121,1,20270122,1,20270125,1,20270126,1,20270127,1,20270128,1,20270129,1,20270201,1,20270202,1,20270203,1,20270204,1,20270205,1,20270208,1,20270209,1,20270210,1,20270211,1,20270212,1,20270216,1,20270217,1,20270218,1,20270219,1,20270222,1,20270223,1,20270224,1,20270225,1,20270226,1,20270301,1,20270302,1,20270303,1,20270304,1,20270305,1,20270308,1,20270309,1,20270310,1,20270311,1,20270312,1,20270315,1,20270316,1,20270317,1,20270318,1,20270319,1,20270322,1,20270323,1,20270324,1,20270325,1,20270330,1,20270331,1,20270401,1,20270402,1,20270405,1,20270406,1,20270407,1,20270408,1,20270409,1,20270412,1,20270413,1,20270414,1,20270415,1,20270416,1,20270419,1,20270420,1,20270421,1,20270422,1,20270423,1,20270426,1,20270427,1,20270428,1,20270429,1,20270430,1,20270503,1,20270504,1,20270505,1,20270506,1,20270507,1,20270510,1,20270511,1,20270512,1,20270513,1,20270514,1,20270517,1,20270518,1,20270519,1,20270520,1,20270521,1,20270525,1,20270526,1,20270527,1,20270528,1,20270531,1,20270601,1,20270602,1,20270603,1,20270604,1,20270607,1,20270608,1,20270609,1,20270610,1,20270611,1,20270614,1,20270615,1,20270616,1,20270617,1,20270618,1,20270621,1,20270622,1,20270623,1,20270624,1,20270625,1,20270628,1,20270629,1,20270630,1,20270702,1,20270705,1,20270706,1
'1314624',20260908,1,20260909,1,20260910,1,20260911,1,20260914,1,20260915,1,20260916,1,20260917,1,20260918,1,20260921,1,20260922,1,20260923,1,20260924,1,20260925,1,20260928,1,20260929,1,20260930,1,20261001,1,20261002,1,20261005,1,20261006,1,20261007,1,20261008,1,20261009,1,20261013,1,20261014,1,20261015,1,20261016,1,20261019,1,20261020,1,20261021,1,20261022,1,20261023,1,20261026,1,20261027,1,20261028,1,20261029,1,20261030,1,20261102,1,20261103,1,20261104,1,20261105,1,20261106,1,20261109,1,20261110,1,20261111,1,20261112,1,20261113,1,20261116,1,20261117,1,20261118,1,20261119,1,20261120,1,20261123,1,20261124,1,20261125,1,20261126,1,20261127,1,20261130,1,20261201,1,20261202,1,20261203,1,20261204,1,20261207,1,20261208,1,20261209,1,20261210,1,20261211,1,20261214,1,20261215,1,20261216,1,20261217,1,20261218,1,20261221,1,20261222,1,20261223,1,20261224,1,20261228,1,20261229,1,20261230,1,20261231,1,20270104,1,20270105,1,20270106,1,20270107,1,20270108,1,20270111,1,20270112,1,20270113,1,20270114,1,20270115,1,20270118,1,20270119,1,20270120,1,20270121,1,20270122,1,20270125,1,20270126,1,20270127,1,20270128,1,20270129,1,20270201,1,20270202,1,20270203,1,20270204,1,20270205,1,20270208,1,20270209,1,20270210,1,20270211,1,20270212,1,20270216,1,20270217,1,20270218,1,20270219,1,20270222,1,20270223,1,20270224,1,20270225,1,20270226,1,20270301,1,20270302,1,20270303,1,20270304,1,20270305,1,20270308,1,20270309,1,20270310,1,20270311,1,20270312,1,20270315,1,20270316,1,20270317,1,20270318,1,20270319,1,20270322,1,20270323,1,20270324,1,20270325,1,20270330,1,20270331,1,20270401,1,20270402,1,20270405,1,20270406,1,20270407,1,20270408,1,20270409,1,20270412,1,20270413,1,20270414,1,20270415,1,20270416,1,20270419,1,20270420,1,20270421,1,20270422,1,20270423,1,20270426,1,20270427,1,20270428,1,20270429,1,20270430,1,20270503,1,20270504,1,20270505,1,20270506,1,20270507,1,20270510,1,20270511,1,20270512,1,20270513,1,20270514,1,20270517,1,20270518,1,20270519,1,20270520,1,20270521,1,20270525,1,20270526,1,20270527,1,20270528,1,20270531,1,20270601,1,20270602,1,20270603,1,20270604,1,20270607,1,20270608,1,20270609,1,20270610,1,20270611,1,20270614,1,20270615,1,20270616,1,20270617,1,20270618,1,20270621,1,20270622,1,20270623,1,20270624,1,20270625,1,20270628,1,20270629,1,20270630,1,20270702,1,20270705,1,20270706,1
'1314625',20260912,1,20260919,1,20260926,1,20261003,1,20261010,1,20261017,1,20261024,1,20261031,1,20261107,1,20261114,1,20261121,1,20261128,1,20261205,1,20261212,1,20261219,1,20261226,1,20270102,1,20270109,1,20270116,1,20270123,1,20270130,1,20270206,1,20270213,1,20270220,1,20270227,1,20270306,1,20270313,1,20270320,1,20270327,1,20270403,1,20270410,1,20270417,1,20270424,1,20270501,1,20270508,1,20270515,1,20270522,1,20270529,1,20270605,1,20270612,1,20270619,1,20270626,1,20270703,1
'1314632',20260912,1,20260919,1,20260926,1,20261003,1,20261010,1,20261017,1,20261024,1,20261031,1,20261107,1,20261114,1,20261121,1,20261128,1,20261205,1,20261212,1,20261219,1,20261226,1,20270102,1,20270109,1,20270116,1,20270123,1,20270130,1,20270206,1,20270213,1,20270220,1,20270227,1,20270306,1,20270313,1,20270320,1,20270327,1,20270403,1,20270410,1,20270417,1,20270424,1,20270501,1,20270508,1,20270515,1,20270522,1,20270529,1,20270605,1,20270612,1,20270619,1,20270626,1,20270703,1
'1314633',20260908,1,20260909,1,20260910,1,20260911,1,20260914,1,20260915,1,20260916,1,20260917,1,20260918,1,20260921,1,20260922,1,20260923,1,20260924,1,20260925,1,20260928,1,20260929,1,20260930,1,20261001,1,20261002,1,20261005,1,20261006,1,20261007,1,20261008,1,20261009,1,20261013,1,20261014,1,20261015,1,20261016,1,20261019,1,20261020,1,20261021,1,20261022,1,20261023,1,20261026,1,20261027,1,20261028,1,20261029,1,20261030,1,20261102,1,20261103,1,20261104,1,20261105,1,20261106,1,20261109,1,20261110,1,20261111,1,20261112,1,20261113,1,20261116,1,20261117,1,20261118,1,20261119,1,20261120,1,20261123,1,20261124,1,20261125,1,20261126,1,20261127,1,20261130,1,20261201,1,20261202,1,20261203,1,20261204,1,20261207,1,20261208,1,20261209,1,20261210,1,20261211,1,20261214,1,20261215,1,20261216,1,20261217,1,20261218,1,20261221,1,20261222,1,20261223,1,20261224,1,20261228,1,20261229,1,20261230,1,20261231,1,20270104,1,20270105,1,20270106,1,20270107,1,20270108,1,20270111,1,20270112,1,20270113,1,20270114,1,20270115,1,20270118,1,20270119,1,20270120,1,20270121,1,20270122,1,20270125,1,20270126,1,20270127,1,20270128,1,20270129,1,20270201,1,20270202,1,20270203,1,20270204,1,20270205,1,20270208,1,20270209,1,20270210,1,20270211,1,20270212,1,20270216,1,20270217,1,20270218,1,20270219,1,20270222,1,20270223,1,20270224,1,20270225,1,20270226,1,20270301,1,20270302,1,20270303,1,20270304,1,20270305,1,20270308,1,20270309,1,20270310,1,20270311,1,20270312,1,20270315,1,20270316,1,20270317,1,20270318,1,20270319,1,20270322,1,20270323,1,20270324,1,20270325,1,20270330,1,20270331,1,20270401,1,20270402,1,20270405,1,20270406,1,20270407,1,20270408,1,20270409,1,20270412,1,20270413,1,20270414,1,20270415,1,20270416,1,20270419,1,20270420,1,20270421,1,20270422,1,20270423,1,20270426,1,20270427,1,20270428,1,20270429,1,20270430,1,20270503,1,20270504,1,20270505,1,20270506,1,20270507,1,20270510,1,20270511,1,20270512,1,20270513,1,20270514,1,20270517,1,20270518,1,20270519,1,20270520,1,20270521,1,20270525,1,20270526,1,20270527,1,20270528,1,20270531,1,20270601,1,20270602,1,20270603,1,20270604,1,20270607,1,20270608,1,20270609,1,20270610,1,20270611,1,20270614,1,20270615,1,20270616,1,20270617,1,20270618,1,20270621,1,20270622,1,20270623,1,20270624,1,20270625,1,20270628,1,20270629,1,20270630,1,20270702,1,20270705,1,20270706,1
'1314637',20260908,1,20260909,1,20260910,1,20260911,1,20260914,1,20260915,1,20260916,1,20260917,1,20260918,1,20260921,1,20260922,1,20260923,1,20260924,1,20260925,1,20260928,1,20260929,1,20260930,1,20261001,1,20261002,1,20261005,1,20261006,1,20261007,1,20261008,1,20261009,1,20261013,1,20261014,1,20261015,1,20261016,1,20261019,1,20261020,1,20261021,1,20261022,1,20261023,1,20261026,1,20261027,1,20261028,1,20261029,1,20261030,1,20261102,1,20261103,1,20261104,1,20261105,1,20261106,1,20261109,1,20261110,1,20261111,1,20261112,1,20261113,1,20261116,1,20261117,1,20261118,1,20261119,1,20261120,1,20261123,1,20261124,1,20261125,1,20261126,1,20261127,1,20261130,1,20261201,1,20261202,1,20261203,1,20261204,1,20261207,1,20261208,1,20261209,1,20261210,1,20261211,1,20261214,1,20261215,1,20261216,1,20261217,1,20261218,1,20261221,1,20261222,1,20261223,1,20261224,1,20261228,1,20261229,1,20261230,1,20261231,1,20270104,1,20270105,1,20270106,1,20270107,1,20270108,1,20270111,1,20270112,1,20270113,1,20270114,1,20270115,1,20270118,1,20270119,1,20270120,1,20270121,1,20270122,1,20270125,1,20270126,1,20270127,1,20270128,1,20270129,1,20270201,1,20270202,1,20270203,1,20270204,1,20270205,1,20270208,1,20270209,1,20270210,1,20270211,1,20270212,1,20270216,1,20270217,1,20270218,1,20270219,1,20270222,1,20270223,1,20270224,1,20270225,1,20270226,1,20270301,1,20270302,1,20270303,1,20270304,1,20270305,1,20270308,1,20270309,1,20270310,1,20270311,1,20270312,1,20270315,1,20270316,1,20270317,1,20270318,1,20270319,1,20270322,1,20270323,1,20270324,1,20270325,1,20270330,1,20270331,1,20270401,1,20270402,1,20270405,1,20270406,1,20270407,1,20270408,1,20270409,1,20270412,1,20270413,1,20270414,1,20270415,1,20270416,1,20270419,1,20270420,1,20270421,1,20270422,1,20270423,1,20270426,1,20270427,1,20270428,1,20270429,1,20270430,1,20270503,1,20270504,1,20270505,1,20270506,1,20270507,1,20270510,1,20270511,1,20270512,1,20270513,1,20270514,1,20270517,1,20270518,1,20270519,1,20270520,1,20270521,1,20270525,1,20270526,1,20270527,1,20270528,1,20270531,1,20270601,1,20270602,1,20270603,1,20270604,1,20270607,1,20270608,1,20270609,1,20270610,1,20270611,1,20270614,1,20270615,1,20270616,1,20270617,1,20270618,1,20270621,1,20270622,1,20270623,1,20270624,1,20270625,1,20270628,1,20270629,1,20270630,1,20270702,1,20270705,1,20270706,1
'1314644',20260912,1,20260919,1,20260926,1,20261003,1,20261010,1,20261017,1,20261024,1,20261031,1,20261107,1,20261114,1,20261121,1,20261128,1,20261205,1,20261212,1,20261219,1,20261226,1,20270102,1,20270109,1,20270116,1,20270123,1,20270130,1,20270206,1,20270213,1,20270220,1,20270227,1,20270306,1,20270313,1,20270320,1,20270327,1,20270403,1,20270410,1,20270417,1,20270424,1,20270501,1,20270508,1,20270515,1,20270522,1,20270529,1,20270605,1,20270612,1,20270619,1,20270626,1,20270703,1
'1314647',20260912,1,20260919,1,20260926,1,20261003,1,20261010,1,20261017,1,20261024,1,20261031,1,20261107,1,20261114,1,20261121,1,20261128,1,20261205,1,20261212,1,20261219,1,20261226,1,20270102,1,20270109,1,20270116,1,20270123,1,20270130,1,20270206,1,20270213,1,20270220,1,20270227,1,20270306,1,20270313,1,20270320,1,20270327,1,20270403,1,20270410,1,20270417,1,20270424,1,20270501,1,20270508,1,20270515,1,20270522,1,20270529,1,20270605,1,20270612,1,20270619,1,20270626,1,20270703,1
'1314649',20260908,1,20260909,1,20260910,1,20260911,1,20260914,1,20260915,1,20260916,1,20260917,1,20260918,1,20260921,1,20260922,1,20260923,1,20260924,1,20260925,1,20260928,1,20260929,1,20260930,1,20261001,1,20261002,1,20261005,1,20261006,1,20261007,1,20261008,1,20261009,1,20261013,1,20261014,1,20261015,1,20261016,1,20261019,1,20261020,1,20261021,1,20261022,1,20261023,1,20261026,1,20261027,1,20261028,1,20261029,1,20261030,1,20261102,1,20261103,1,20261104,1,20261105,1,20261106,1,20261109,1,20261110,1,20261111,1,20261112,1,20261113,1,20261116,1,20261117,1,20261118,1,20261119,1,20261120,1,20261123,1,20261124,1,20261125,1,20261126,1,20261127,1,20261130,1,20261201,1,20261202,1,20261203,1,20261204,1,20261207,1,20261208,1,20261209,1,20261210,1,20261211,1,20261214,1,20261215,1,20261216,1,20261217,1,20261218,1,20261221,1,20261222,1,20261223,1,20261224,1,20261228,1,20261229,1,20261230,1,20261231,1,20270104,1,20270105,1,20270106,1,20270107,1,20270108,1,20270111,1,20270112,1,20270113,1,20270114,1,20270115,1,20270118,1,20270119,1,20270120,1,20270121,1,20270122,1,20270125,1,20270126,1,20270127,1,20270128,1,20270129,1,20270201,1,20270202,1,20270203,1,20270204,1,20270205,1,20270208,1,20270209,1,20270210,1,20270211,1,20270212,1,20270216,1,20270217,1,20270218,1,20270219,1,20270222,1,20270223,1,20270224,1,20270225,1,20270226,1,20270301,1,20270302,1,20270303,1,20270304,1,20270305,1,20270308,1,20270309,1,20270310,1,20270311,1,20270312,1,20270315,1,20270316,1,20270317,1,20270318,1,20270319,1,20270322,1,20270323,1,20270324,1,20270325,1,20270330,1,20270331,1,20270401,1,20270402,1,20270405,1,20270406,1,20270407,1,20270408,1,20270409,1,20270412,1,20270413,1,20270414,1,20270415,1,20270416,1,20270419,1,20270420,1,20270421,1,20270422,1,20270423,1,20270426,1,20270427,1,20270428,1,20270429,1,20270430,1,20270503,1,20270504,1,20270505,1,20270506,1,20270507,1,20270510,1,20270511,1,20270512,1,20270513,1,20270514,1,20270517,1,20270518,1,20270519,1,20270520,1,20270521,1,20270525,1,20270526,1,20270527,1,20270528,1,20270531,1,20270601,1,20270602,1,20270603,1,20270604,1,20270607,1,20270608,1,20270609,1,20270610,1,20270611,1,20270614,1,20270615,1,20270616,1,20270617,1,20270618,1,20270621,1,20270622,1,20270623,1,20270624,1,20270625,1,20270628,1,20270629,1,20270630,1,20270702,1,20270705,1,20270706,1
'1314650',20260912,1,20260919,1,20260926,1,20261003,1,20261010,1,20261017,1,20261024,1,20261031,1,20261107,1,20261114,1,20261121,1,20261128,1,20261205,1,20261212,1,20261219,1,20261226,1,20270102,1,20270109,1,20270116,1,20270123,1,20270130,1,20270206,1,20270213,1,20270220,1,20270227,1,20270306,1,20270313,1,20270320,1,20270327,1,20270403,1,20270410,1,20270417,1,20270424,1,20270501,1,20270508,1,20270515,1,20270522,1,20270529,1,20270605,1,20270612,1,20270619,1,20270626,1,20270703,1
'1314656',20260908,1,20260909,1,20260910,1,20260911,1,20260914,1,20260915,1,20260916,1,20260917,1,20260918,1,20260921,1,20260922,1,20260923,1,20260924,1,20260925,1,20260928,1,20260929,1,20260930,1,20261001,1,20261002,1,20261005,1,20261006,1,20261007,1,20261008,1,20261009,1,20261013,1,20261014,1,20261015,1,20261016,1,20261019,1,20261020,1,20261021,1,20261022,1,20261023,1,20261026,1,20261027,1,20261028,1,20261029,1,20261030,1,20261102,1,20261103,1,20261104,1,20261105,1,20261106,1,20261109,1,20261110,1,20261111,1,20261112,1,20261113,1,20261116,1,20261117,1,20261118,1,20261119,1,20261120,1,20261123,1,20261124,1,20261125,1,20261126,1,20261127,1,20261130,1,20261201,1,20261202,1,20261203,1,20261204,1,20261207,1,20261208,1,20261209,1,20261210,1,20261211,1,20261214,1,20261215,1,20261216,1,20261217,1,20261218,1,20261221,1,20261222,1,20261223,1,20261224,1,20261228,1,20261229,1,20261230,1,20261231,1,20270104,1,20270105,1,20270106,1,20270107,1,20270108,1,20270111,1,20270112,1,20270113,1,20270114,1,20270115,1,20270118,1,20270119,1,20270120,1,20270121,1,20270122,1,20270125,1,20270126,1,20270127,1,20270128,1,20270129,1,20270201,1,20270202,1,20270203,1,20270204,1,20270205,1,20270208,1,20270209,1,20270210,1,20270211,1,20270212,1,20270216,1,20270217,1,20270218,1,20270219,1,20270222,1,20270223,1,20270224,1,20270225,1,20270226,1,20270301,1,20270302,1,20270303,1,20270304,1,20270305,1,20270308,1,20270309,1,20270310,1,20270311,1,20270312,1,20270315,1,20270316,1,20270317,1,20270318,1,20270319,1,20270322,1,20270323,1,20270324,1,20270325,1,20270330,1,20270331,1,20270401,1,20270402,1,20270405,1,20270406,1,20270407,1,20270408,1,20270409,1,20270412,1,20270413,1,20270414,1,20270415,1,20270416,1,20270419,1,20270420,1,20270421,1,20270422,1,20270423,1,20270426,1,20270427,1,20270428,1,20270429,1,20270430,1,20270503,1,20270504,1,20270505,1,20270506,1,20270507,1,20270510,1,20270511,1,20270512,1,20270513,1,20270514,1,20270517,1,20270518,1,20270519,1,20270520,1,20270521,1,20270525,1,20270526,1,20270527,1,20270528,1,20270531,1,20270601,1,20270602,1,20270603,1,20270604,1,20270607,1,20270608,1,20270609,1,20270610,1,20270611,1,20270614,1,20270615,1,20270616,1,20270617,1,20270618,1,20270621,1,20270622,1,20270623,1,20270624,1,20270625,1,20270628,1,20270629,1,20270630,1,20270702,1,20270705,1,20270706,1
'1314657',20260908,1,20260909,1,20260910,1,20260911,1,20260914,1,20260915,1,20260916,1,20260917,1,20260918,1,20260921,1,20260922,1,20260923,1,20260924,1,20260925,1,20260928,1,20260929,1,20260930,1,20261001,1,20261002,1,20261005,1,20261006,1,20261007,1,20261008,1,20261009,1,20261013,1,20261014,1,20261015,1,20261016,1,20261019,1,20261020,1,20261021,1,20261022,1,20261023,1,20261026,1,20261027,1,20261028,1,20261029,1,20261030,1,20261102,1,20261103,1,20261104,1,20261105,1,20261106,1,20261109,1,20261110,1,20261111,1,20261112,1,20261113,1,20261116,1,20261117,1,20261118,1,20261119,1,20261120,1,20261123,1,20261124,1,20261125,1,20261126,1,20261127,1,20261130,1,20261201,1,20261202,1,20261203,1,20261204,1,20261207,1,20261208,1,20261209,1,20261210,1,20261211,1,20261214,1,20261215,1,20261216,1,20261217,1,20261218,1,20261221,1,20261222,1,20261223,1,20261224,1,20261228,1,20261229,1,20261230,1,20261231,1,20270104,1,20270105,1,20270106,1,20270107,1,20270108,1,20270111,1,20270112,1,20270113,1,20270114,1,20270115,1,20270118,1,20270119,1,20270120,1,20270121,1,20270122,1,20270125,1,20270126,1,20270127,1,20270128,1,20270129,1,20270201,1,20270202,1,20270203,1,20270204,1,20270205,1,20270208,1,20270209,1,20270210,1,20270211,1,20270212,1,20270216,1,20270217,1,20270218,1,20270219,1,20270222,1,20270223,1,20270224,1,20270225,1,20270226,1,20270301,1,20270302,1,20270303,1,20270304,1,20270305,1,20270308,1,20270309,1,20270310,1,20270311,1,20270312,1,20270315,1,20270316,1,20270317,1,20270318,1,20270319,1,20270322,1,20270323,1,20270324,1,20270325,1,20270330,1,20270331,1,20270401,1,20270402,1,20270405,1,20270406,1,20270407,1,20270408,1,20270409,1,20270412,1,20270413,1,20270414,1,20270415,1,20270416,1,20270419,1,20270420,1,20270421,1,20270422,1,20270423,1,20270426,1,20270427,1,20270428,1,20270429,1,20270430,1,20270503,1,20270504,1,20270505,1,20270506,1,20270507,1,20270510,1,20270511,1,20270512,1,20270513,1,20270514,1,20270517,1,20270518,1,20270519,1,20270520,1,20270521,1,20270525,1,20270526,1,20270527,1,20270528,1,20270531,1,20270601,1,20270602,1,20270603,1,20270604,1,20270607,1,20270608,1,20270609,1,20270610,1,20270611,1,20270614,1,20270615,1,20270616,1,20270617,1,20270618,1,20270621,1,20270622,1,20270623,1,20270624,1,20270625,1,20270628,1,20270629,1,20270630,1,20270702,1,20270705,1,20270706,1
'1314658',20260908,1,20260909,1,20260910,1,20260911,1,20260914,1,20260915,1,20260916,1,20260917,1,20260918,1,20260921,1,20260922,1,20260923,1,20260924,1,20260925,1,20260928,1,20260929,1,20260930,1,20261001,1,20261002,1,20261005,1,20261006,1,20261007,1,20261008,1,20261009,1,20261013,1,20261014,1,20261015,1,20261016,1,20261019,1,20261020,1,20261021,1,20261022,1,20261023,1,20261026,1,20261027,1,20261028,1,20261029,1,20261030,1,20261102,1,20261103,1,20261104,1,20261105,1,20261106,1,20261109,1,20261110,1,20261111,1,20261112,1,20261113,1,20261116,1,20261117,1,20261118,1,20261119,1,20261120,1,20261123,1,20261124,1,20261125,1,20261126,1,20261127,1,20261130,1,20261201,1,20261202,1,20261203,1,20261204,1,20261207,1,20261208,1,20261209,1,20261210,1,20261211,1,20261214,1,20261215,1,20261216,1,20261217,1,20261218,1,20261221,1,20261222,1,20261223,1,20261224,1,20261228,1,20261229,1,20261230,1,20261231,1,20270104,1,20270105,1,20270106,1,20270107,1,20270108,1,20270111,1,20270112,1,20270113,1,20270114,1,20270115,1,20270118,1,20270119,1,20270120,1,20270121,1,20270122,1,20270125,1,20270126,1,20270127,1,20270128,1,20270129,1,20270201,1,20270202,1,20270203,1,20270204,1,20270205,1,20270208,1,20270209,1,20270210,1,20270211,1,20270212,1,20270216,1,20270217,1,20270218,1,20270219,1,20270222,1,20270223,1,20270224,1,20270225,1,20270226,1,20270301,1,20270302,1,20270303,1,20270304,1,20270305,1,20270308,1,20270309,1,20270310,1,20270311,1,20270312,1,20270315,1,20270316,1,20270317,1,20270318,1,20270319,1,20270322,1,20270323,1,20270324,1,20270325,1,20270330,1,20270331,1,20270401,1,20270402,1,20270405,1,20270406,1,20270407,1,20270408,1,20270409,1,20270412,1,20270413,1,20270414,1,20270415,1,20270416,1,20270419,1,20270420,1,20270421,1,20270422,1,20270423,1,20270426,1,20270427,1,20270428,1,20270429,1,20270430,1,20270503,1,20270504,1,20270505,1,20270506,1,20270507,1,20270510,1,20270511,1,20270512,1,20270513,1,20270514,1,20270517,1,20270518,1,20270519,1,20270520,1,20270521,1,20270525,1,20270526,1,20270527,1,20270528,1,20270531,1,20270601,1,20270602,1,20270603,1,20270604,1,20270607,1,20270608,1,20270609,1,20270610,1,20270611,1,20270614,1,20270615,1,20270616,1,20270617,1,20270618,1,20270621,1,20270622,1,20270623,1,20270624,1,20270625,1,20270628,1,20270629,1,20270630,1,20270702,1,20270705,1,20270706,1
'1314662',20260908,1,20260909,1,20260910,1,20260911,1,20260914,1,20260915,1,20260916,1,20260917,1,20260918,1,20260921,1,20260922,1,20260923,1,20260924,1,20260925,1,20260928,1,20260929,1,20260930,1,20261001,1,20261002,1,20261005,1,20261006,1,20261007,1,20261008,1,20261009,1,20261013,1,20261014,1,20261015,1,20261016,1,20261019,1,20261020,1,20261021,1,20261022,1,20261023,1,20261026,1,20261027,1,20261028,1,20261029,1,20261030,1,20261102,1,20261103,1,20261104,1,20261105,1,20261106,1,20261109,1,20261110,1,20261111,1,20261112,1,20261113,1,20261116,1,20261117,1,20261118,1,20261119,1,20261120,1,20261123,1,20261124,1,20261125,1,20261126,1,20261127,1,20261130,1,20261201,1,20261202,1,20261203,1,20261204,1,20261207,1,20261208,1,20261209,1,20261210,1,20261211,1,20261214,1,20261215,1,20261216,1,20261217,1,20261218,1,20261221,1,20261222,1,20261223,1,20261224,1,20261228,1,20261229,1,20261230,1,20261231,1,20270104,1,20270105,1,20270106,1,20270107,1,20270108,1,20270111,1,20270112,1,20270113,1,20270114,1,20270115,1,20270118,1,20270119,1,20270120,1,20270121,1,20270122,1,20270125,1,20270126,1,20270127,1,20270128,1,20270129,1,20270201,1,20270202,1,20270203,1,20270204,1,20270205,1,20270208,1,20270209,1,20270210,1,20270211,1,20270212,1,20270216,1,20270217,1,20270218,1,20270219,1,20270222,1,20270223,1,20270224,1,20270225,1,20270226,1,20270301,1,20270302,1,20270303,1,20270304,1,20270305,1,20270308,1,20270309,1,20270310,1,20270311,1,20270312,1,20270315,1,20270316,1,20270317,1,20270318,1,20270319,1,20270322,1,20270323,1,20270324,1,20270325,1,20270330,1,20270331,1,20270401,1,20270402,1,20270405,1,20270406,1,20270407,1,20270408,1,20270409,1,20270412,1,20270413,1,20270414,1,20270415,1,20270416,1,20270419,1,20270420,1,20270421,1,20270422,1,20270423,1,20270426,1,20270427,1,20270428,1,20270429,1,20270430,1,20270503,1,20270504,1,20270505,1,20270506,1,20270507,1,20270510,1,20270511,1,20270512,1,20270513,1,20270514,1,20270517,1,20270518,1,20270519,1,20270520,1,20270521,1,20270525,1,20270526,1,20270527,1,20270528,1,20270531,1,20270601,1,20270602,1,20270603,1,20270604,1,20270607,1,20270608,1,20270609,1,20270610,1,20270611,1,20270614,1,20270615,1,20270616,1,20270617,1,20270618,1,20270621,1,20270622,1,20270623,1,20270624,1,20270625,1,20270628,1,20270629,1,20270630,1,20270702,1,20270705,1,20270706,1
'1314664',20260908,1,20260909,1,20260910,1,20260911,1,20260914,1,20260915,1,20260916,1,20260917,1,20260918,1,20260921,1,20260922,1,20260923,1,20260924,1,20260925,1,20260928,1,20260929,1,20260930,1,20261001,1,20261002,1,20261005,1,20261006,1,20261007,1,20261008,1,20261009,1,20261013,1,20261014,1,20261015,1,20261016,1,20261019,1,20261020,1,20261021,1,20261022,1,20261023,1,20261026,1,20261027,1,20261028,1,20261029,1,20261030,1,20261102,1,20261103,1,20261104,1,20261105,1,20261106,1,20261109,1,20261110,1,20261111,1,20261112,1,20261113,1,20261116,1,20261117,1,20261118,1,20261119,1,20261120,1,20261123,1,20261124,1,20261125,1,20261126,1,20261127,1,20261130,1,20261201,1,20261202,1,20261203,1,20261204,1,20261207,1,20261208,1,20261209,1,20261210,1,20261211,1,20261214,1,20261215,1,20261216,1,20261217,1,20261218,1,20261221,1,20261222,1,20261223,1,20261224,1,20261228,1,20261229,1,20261230,1,20261231,1,20270104,1,20270105,1,20270106,1,20270107,1,20270108,1,20270111,1,20270112,1,20270113,1,20270114,1,20270115,1,20270118,1,20270119,1,20270120,1,20270121,1,20270122,1,20270125,1,20270126,1,20270127,1,20270128,1,20270129,1,20270201,1,20270202,1,20270203,1,20270204,1,20270205,1,20270208,1,20270209,1,20270210,1,20270211,1,20270212,1,20270216,1,20270217,1,20270218,1,20270219,1,20270222,1,20270223,1,20270224,1,20270225,1,20270226,1,20270301,1,20270302,1,20270303,1,20270304,1,20270305,1,20270308,1,20270309,1,20270310,1,20270311,1,20270312,1,20270315,1,20270316,1,20270317,1,20270318,1,20270319,1,20270322,1,20270323,1,20270324,1,20270325,1,20270330,1,20270331,1,20270401,1,20270402,1,20270405,1,20270406,1,20270407,1,20270408,1,20270409,1,20270412,1,20270413,1,20270414,1,20270415,1,20270416,1,20270419,1,20270420,1,20270421,1,20270422,1,20270423,1,20270426,1,20270427,1,20270428,1,20270429,1,20270430,1,20270503,1,20270504,1,20270505,1,20270506,1,20270507,1,20270510,1,20270511,1,20270512,1,20270513,1,20270514,1,20270517,1,20270518,1,20270519,1,20270520,1,20270521,1,20270525,1,20270526,1,20270527,1,20270528,1,20270531,1,20270601,1,20270602,1,20270603,1,20270604,1,20270607,1,20270608,1,20270609,1,20270610,1,20270611,1,20270614,1,20270615,1,20270616,1,20270617,1,20270618,1,20270621,1,20270622,1,20270623,1,20270624,1,20270625,1,20270628,1,20270629,1,20270630,1,20270702,1,20270705,1,20270706,1
'1314667',20260907,1,20260913,1,20260920,1,20260927,1,20261004,1,20261011,1,20261012,1,20261018,1,20261025,1,20261101,1,20261108,1,20261115,1,20261122,1,20261129,1,20261206,1,20261213,1,20261220,1,20261225,1,20261227,1,20270101,1,20270103,1,20270110,1,20270117,1,20270124,1,20270131,1,20270207,1,20270214,1,20270215,1,20270221,1,20270228,1,20270307,1,20270314,1,20270321,1,20270326,1,20270328,1,20270329,1,20270404,1,20270411,1,20270418,1,20270425,1,20270502,1,20270509,1,20270516,1,20270523,1,20270524,1,20270530,1,20270606,1,20270613,1,20270620,1,20270627,1,20270701,1,20270704,1
'1314668',20260908,1,20260909,1,20260910,1,20260911,1,20260914,1,20260915,1,20260916,1,20260917,1,20260918,1,20260921,1,20260922,1,20260923,1,20260924,1,20260925,1,20260928,1,20260929,1,20260930,1,20261001,1,20261002,1,20261005,1,20261006,1,20261007,1,20261008,1,20261009,1,20261013,1,20261014,1,20261015,1,20261016,1,20261019,1,20261020,1,20261021,1,20261022,1,20261023,1,20261026,1,20261027,1,20261028,1,20261029,1,20261030,1,20261102,1,20261103,1,20261104,1,20261105,1,20261106,1,20261109,1,20261110,1,20261111,1,20261112,1,20261113,1,20261116,1,20261117,1,20261118,1,20261119,1,20261120,1,20261123,1,20261124,1,20261125,1,20261126,1,20261127,1,20261130,1,20261201,1,20261202,1,20261203,1,20261204,1,20261207,1,20261208,1,20261209,1,20261210,1,20261211,1,20261214,1,20261215,1,20261216,1,20261217,1,20261218,1,20261221,1,20261222,1,20261223,1,20261224,1,20261228,1,20261229,1,20261230,1,20261231,1,20270104,1,20270105,1,20270106,1,20270107,1,20270108,1,20270111,1,20270112,1,20270113,1,20270114,1,20270115,1,20270118,1,20270119,1,20270120,1,20270121,1,20270122,1,20270125,1,20270126,1,20270127,1,20270128,1,20270129,1,20270201,1,20270202,1,20270203,1,20270204,1,20270205,1,20270208,1,20270209,1,20270210,1,20270211,1,20270212,1,20270216,1,20270217,1,20270218,1,20270219,1,20270222,1,20270223,1,20270224,1,20270225,1,20270226,1,20270301,1,20270302,1,20270303,1,20270304,1,20270305,1,20270308,1,20270309,1,20270310,1,20270311,1,20270312,1,20270315,1,20270316,1,20270317,1,20270318,1,20270319,1,20270322,1,20270323,1,20270324,1,20270325,1,20270330,1,20270331,1,20270401,1,20270402,1,20270405,1,20270406,1,20270407,1,20270408,1,20270409,1,20270412,1,20270413,1,20270414,1,20270415,1,20270416,1,20270419,1,20270420,1,20270421,1,20270422,1,20270423,1,20270426,1,20270427,1,20270428,1,20270429,1,20270430,1,20270503,1,20270504,1,20270505,1,20270506,1,20270507,1,20270510,1,20270511,1,20270512,1,20270513,1,20270514,1,20270517,1,20270518,1,20270519,1,20270520,1,20270521,1,20270525,1,20270526,1,20270527,1,20270528,1,20270531,1,20270601,1,20270602,1,20270603,1,20270604,1,20270607,1,20270608,1,20270609,1,20270610,1,20270611,1,20270614,1,20270615,1,20270616,1,20270617,1,20270618,1,20270621,1,20270622,1,20270623,1,20270624,1,20270625,1,20270628,1,20270629,1,20270630,1,20270702,1,20270705,1,20270706,1
'1314670',20260907,1,20260913,1,20260920,1,20260927,1,20261004,1,20261011,1,20261012,1,20261018,1,20261025,1,20261101,1,20261108,1,20261115,1,20261122,1,20261129,1,20261206,1,20261213,1,20261220,1,20261225,1,20261227,1,20270101,1,20270103,1,20270110,1,20270117,1,20270124,1,20270131,1,20270207,1,20270214,1,20270215,1,20270221,1,20270228,1,20270307,1,20270314,1,20270321,1,20270326,1,20270328,1,20270329,1,20270404,1,20270411,1,20270418,1,20270425,1,20270502,1,20270509,1,20270516,1,20270523,1,20270524,1,20270530,1,20270606,1,20270613,1,20270620,1,20270627,1,20270701,1,20270704,1
'1314673',20260908,1,20260909,1,20260910,1,20260911,1,20260914,1,20260915,1,20260916,1,20260917,1,20260918,1,20260921,1,20260922,1,20260923,1,20260924,1,20260925,1,20260928,1,20260929,1,20260930,1,20261001,1,20261002,1,20261005,1,20261006,1,20261007,1,20261008,1,20261009,1,20261013,1,20261014,1,20261015,1,20261016,1,20261019,1,20261020,1,20261021,1,20261022,1,20261023,1,20261026,1,20261027,1,20261028,1,20261029,1,20261030,1,20261102,1,20261103,1,20261104,1,20261105,1,20261106,1,20261109,1,20261110,1,20261111,1,20261112,1,20261113,1,20261116,1,20261117,1,20261118,1,20261119,1,20261120,1,20261123,1,20261124,1,20261125,1,20261126,1,20261127,1,20261130,1,20261201,1,20261202,1,20261203,1,20261204,1,20261207,1,20261208,1,20261209,1,20261210,1,20261211,1,20261214,1,20261215,1,20261216,1,20261217,1,20261218,1,20261221,1,20261222,1,20261223,1,20261224,1,20261228,1,20261229,1,20261230,1,20261231,1,20270104,1,20270105,1,20270106,1,20270107,1,20270108,1,20270111,1,20270112,1,20270113,1,20270114,1,20270115,1,20270118,1,20270119,1,20270120,1,20270121,1,20270122,1,20270125,1,20270126,1,20270127,1,20270128,1,20270129,1,20270201,1,20270202,1,20270203,1,20270204,1,20270205,1,20270208,1,20270209,1,20270210,1,20270211,1,20270212,1,20270216,1,20270217,1,20270218,1,20270219,1,20270222,1,20270223,1,20270224,1,20270225,1,20270226,1,20270301,1,20270302,1,20270303,1,20270304,1,20270305,1,20270308,1,20270309,1,20270310,1,20270311,1,20270312,1,20270315,1,20270316,1,20270317,1,20270318,1,20270319,1,20270322,1,20270323,1,20270324,1,20270325,1,20270330,1,20270331,1,20270401,1,20270402,1,20270405,1,20270406,1,20270407,1,20270408,1,20270409,1,20270412,1,20270413,1,20270414,1,20270415,1,20270416,1,20270419,1,20270420,1,20270421,1,20270422,1,20270423,1,20270426,1,20270427,1,20270428,1,20270429,1,20270430,1,20270503,1,20270504,1,20270505,1,20270506,1,20270507,1,20270510,1,20270511,1,20270512,1,20270513,1,20270514,1,20270517,1,20270518,1,20270519,1,20270520,1,20270521,1,20270525,1,20270526,1,20270527,1,20270528,1,20270531,1,20270601,1,20270602,1,20270603,1,20270604,1,20270607,1,20270608,1,20270609,1,20270610,1,20270611,1,20270614,1,20270615,1,20270616,1,20270617,1,20270618,1,20270621,1,20270622,1,20270623,1,20270624,1,20270625,1,20270628,1,20270629,1,20270630,1,20270702,1,20270705,1,20270706,1
'1314675',20260908,1,20260909,1,20260910,1,20260911,1,20260914,1,20260915,1,20260916,1,20260917,1,20260918,1,20260921,1,20260922,1,20260923,1,20260924,1,20260925,1,20260928,1,20260929,1,20260930,1,20261001,1,20261002,1,20261005,1,20261006,1,20261007,1,20261008,1,20261009,1,20261013,1,20261014,1,20261015,1,20261016,1,20261019,1,20261020,1,20261021,1,20261022,1,20261023,1,20261026,1,20261027,1,20261028,1,20261029,1,20261030,1,20261102,1,20261103,1,20261104,1,20261105,1,20261106,1,20261109,1,20261110,1,20261111,1,20261112,1,20261113,1,20261116,1,20261117,1,20261118,1,20261119,1,20261120,1,20261123,1,20261124,1,20261125,1,20261126,1,20261127,1,20261130,1,20261201,1,20261202,1,20261203,1,20261204,1,20261207,1,20261208,1,20261209,1,20261210,1,20261211,1,20261214,1,20261215,1,20261216,1,20261217,1,20261218,1,20261221,1,20261222,1,20261223,1,20261224,1,20261228,1,20261229,1,20261230,1,20261231,1,20270104,1,20270105,1,20270106,1,20270107,1,20270108,1,20270111,1,20270112,1,20270113,1,20270114,1,20270115,1,20270118,1,20270119,1,20270120,1,20270121,1,20270122,1,20270125,1,20270126,1,20270127,1,20270128,1,20270129,1,20270201,1,20270202,1,20270203,1,20270204,1,20270205,1,20270208,1,20270209,1,20270210,1,20270211,1,20270212,1,20270216,1,20270217,1,20270218,1,20270219,1,20270222,1,20270223,1,20270224,1,20270225,1,20270226,1,20270301,1,20270302,1,20270303,1,20270304,1,20270305,1,20270308,1,20270309,1,20270310,1,20270311,1,20270312,1,20270315,1,20270316,1,20270317,1,20270318,1,20270319,1,20270322,1,20270323,1,20270324,1,20270325,1,20270330,1,20270331,1,20270401,1,20270402,1,20270405,1,20270406,1,20270407,1,20270408,1,20270409,1,20270412,1,20270413,1,20270414,1,20270415,1,20270416,1,20270419,1,20270420,1,20270421,1,20270422,1,20270423,1,20270426,1,20270427,1,20270428,1,20270429,1,20270430,1,20270503,1,20270504,1,20270505,1,20270506,1,20270507,1,20270510,1,20270511,1,20270512,1,20270513,1,20270514,1,20270517,1,20270518,1,20270519,1,20270520,1,20270521,1,20270525,1,20270526,1,20270527,1,20270528,1,20270531,1,20270601,1,20270602,1,20270603,1,20270604,1,20270607,1,20270608,1,20270609,1,20270610,1,20270611,1,20270614,1,20270615,1,20270616,1,20270617,1,20270618,1,20270621,1,20270622,1,20270623,1,20270624,1,20270625,1,20270628,1,20270629,1,20270630,1,20270702,1,20270705,1,20270706,1
'1314684',20260908,1,20260909,1,20260910,1,20260911,1,20260914,1,20260915,1,20260916,1,20260917,1,20260918,1,20260921,1,20260922,1,20260923,1,20260924,1,20260925,1,20260928,1,20260929,1,20260930,1,20261001,1,20261002,1,20261005,1,20261006,1,20261007,1,20261008,1,20261009,1,20261013,1,20261014,1,20261015,1,20261016,1,20261019,1,20261020,1,20261021,1,20261022,1,20261023,1,20261026,1,20261027,1,20261028,1,20261029,1,20261030,1,20261102,1,20261103,1,20261104,1,20261105,1,20261106,1,20261109,1,20261110,1,20261111,1,20261112,1,20261113,1,20261116,1,20261117,1,20261118,1,20261119,1,20261120,1,20261123,1,20261124,1,20261125,1,20261126,1,20261127,1,20261130,1,20261201,1,20261202,1,20261203,1,20261204,1,20261207,1,20261208,1,20261209,1,20261210,1,20261211,1,20261214,1,20261215,1,20261216,1,20261217,1,20261218,1,20261221,1,20261222,1,20261223,1,20261224,1,20261228,1,20261229,1,20261230,1,20261231,1,20270104,1,20270105,1,20270106,1,20270107,1,20270108,1,20270111,1,20270112,1,20270113,1,20270114,1,20270115,1,20270118,1,20270119,1,20270120,1,20270121,1,20270122,1,20270125,1,20270126,1,20270127,1,20270128,1,20270129,1,20270201,1,20270202,1,20270203,1,20270204,1,20270205,1,20270208,1,20270209,1,20270210,1,20270211,1,20270212,1,20270216,1,20270217,1,20270218,1,20270219,1,20270222,1,20270223,1,20270224,1,20270225,1,20270226,1,20270301,1,20270302,1,20270303,1,20270304,1,20270305,1,20270308,1,20270309,1,20270310,1,20270311,1,20270312,1,20270315,1,20270316,1,20270317,1,20270318,1,20270319,1,20270322,1,20270323,1,20270324,1,20270325,1,20270330,1,20270331,1,20270401,1,20270402,1,20270405,1,20270406,1,20270407,1,20270408,1,20270409,1,20270412,1,20270413,1,20270414,1,20270415,1,20270416,1,20270419,1,20270420,1,20270421,1,20270422,1,20270423,1,20270426,1,20270427,1,20270428,1,20270429,1,20270430,1,20270503,1,20270504,1,20270505,1,20270506,1,20270507,1,20270510,1,20270511,1,20270512,1,20270513,1,20270514,1,20270517,1,20270518,1,20270519,1,20270520,1,20270521,1,20270525,1,20270526,1,20270527,1,20270528,1,20270531,1,20270601,1,20270602,1,20270603,1,20270604,1,20270607,1,20270608,1,20270609,1,20270610,1,20270611,1,20270614,1,20270615,1,20270616,1,20270617,1,20270618,1,20270621,1,20270622,1,20270623,1,20270624,1,20270625,1,20270628,1,20270629,1,20270630,1,20270702,1,20270705,1,20270706,1
'1314689',20260908,1,20260909,1,20260910,1,20260911,1,20260914,1,20260915,1,20260916,1,20260917,1,20260918,1,20260921,1,20260922,1,20260923,1,20260924,1,20260925,1,20260928,1,20260929,1,20260930,1,20261001,1,20261002,1,20261005,1,20261006,1,20261007,1,20261008,1,20261009,1,20261013,1,20261014,1,20261015,1,20261016,1,20261019,1,20261020,1,20261021,1,20261022,1,20261023,1,20261026,1,20261027,1,20261028,1,20261029,1,20261030,1,20261102,1,20261103,1,20261104,1,20261105,1,20261106,1,20261109,1,20261110,1,20261111,1,20261112,1,20261113,1,20261116,1,20261117,1,20261118,1,20261119,1,20261120,1,20261123,1,20261124,1,20261125,1,20261126,1,20261127,1,20261130,1,20261201,1,20261202,1,20261203,1,20261204,1,20261207,1,20261208,1,20261209,1,20261210,1,20261211,1,20261214,1,20261215,1,20261216,1,20261217,1,20261218,1,20261221,1,20261222,1,20261223,1,20261224,1,20261228,1,20261229,1,20261230,1,20261231,1,20270104,1,20270105,1,20270106,1,20270107,1,20270108,1,20270111,1,20270112,1,20270113,1,20270114,1,20270115,1,20270118,1,20270119,1,20270120,1,20270121,1,20270122,1,20270125,1,20270126,1,20270127,1,20270128,1,20270129,1,20270201,1,20270202,1,20270203,1,20270204,1,20270205,1,20270208,1,20270209,1,20270210,1,20270211,1,20270212,1,20270216,1,20270217,1,20270218,1,20270219,1,20270222,1,20270223,1,20270224,1,20270225,1,20270226,1,20270301,1,20270302,1,20270303,1,20270304,1,20270305,1,20270308,1,20270309,1,20270310,1,20270311,1,20270312,1,20270315,1,20270316,1,20270317,1,20270318,1,20270319,1,20270322,1,20270323,1,20270324,1,20270325,1,20270330,1,20270331,1,20270401,1,20270402,1,20270405,1,20270406,1,20270407,1,20270408,1,20270409,1,20270412,1,20270413,1,20270414,1,20270415,1,20270416,1,20270419,1,20270420,1,20270421,1,20270422,1,20270423,1,20270426,1,20270427,1,20270428,1,20270429,1,20270430,1,20270503,1,20270504,1,20270505,1,20270506,1,20270507,1,20270510,1,20270511,1,20270512,1,20270513,1,20270514,1,20270517,1,20270518,1,20270519,1,20270520,1,20270521,1,20270525,1,20270526,1,20270527,1,20270528,1,20270531,1,20270601,1,20270602,1,20270603,1,20270604,1,20270607,1,20270608,1,20270609,1,20270610,1,20270611,1,20270614,1,20270615,1,20270616,1,20270617,1,20270618,1,20270621,1,20270622,1,20270623,1,20270624,1,20270625,1,20270628,1,20270629,1,20270630,1,20270702,1,20270705,1,20270706,1
'1314692',20260908,1,20260909,1,20260910,1,20260911,1,20260914,1,20260915,1,20260916,1,20260917,1,20260918,1,20260921,1,20260922,1,20260923,1,20260924,1,20260925,1,20260928,1,20260929,1,20260930,1,20261001,1,20261002,1,20261005,1,20261006,1,20261007,1,20261008,1,20261009,1,20261013,1,20261014,1,20261015,1,20261016,1,20261019,1,20261020,1,20261021,1,20261022,1,20261023,1,20261026,1,20261027,1,20261028,1,20261029,1,20261030,1,20261102,1,20261103,1,20261104,1,20261105,1,20261106,1,20261109,1,20261110,1,20261111,1,20261112,1,20261113,1,20261116,1,20261117,1,20261118,1,20261119,1,20261120,1,20261123,1,20261124,1,20261125,1,20261126,1,20261127,1,20261130,1,20261201,1,20261202,1,20261203,1,20261204,1,20261207,1,20261208,1,20261209,1,20261210,1,20261211,1,20261214,1,20261215,1,20261216,1,20261217,1,20261218,1,20261221,1,20261222,1,20261223,1,20261224,1,20261228,1,20261229,1,20261230,1,20261231,1,20270104,1,20270105,1,20270106,1,20270107,1,20270108,1,20270111,1,20270112,1,20270113,1,20270114,1,20270115,1,20270118,1,20270119,1,20270120,1,20270121,1,20270122,1,20270125,1,20270126,1,20270127,1,20270128,1,20270129,1,20270201,1,20270202,1,20270203,1,20270204,1,20270205,1,20270208,1,20270209,1,20270210,1,20270211,1,20270212,1,20270216,1,20270217,1,20270218,1,20270219,1,20270222,1,20270223,1,20270224,1,20270225,1,20270226,1,20270301,1,20270302,1,20270303,1,20270304,1,20270305,1,20270308,1,20270309,1,20270310,1,20270311,1,20270312,1,20270315,1,20270316,1,20270317,1,20270318,1,20270319,1,20270322,1,20270323,1,20270324,1,20270325,1,20270330,1,20270331,1,20270401,1,20270402,1,20270405,1,20270406,1,20270407,1,20270408,1,20270409,1,20270412,1,20270413,1,20270414,1,20270415,1,20270416,1,20270419,1,20270420,1,20270421,1,20270422,1,20270423,1,20270426,1,20270427,1,20270428,1,20270429,1,20270430,1,20270503,1,20270504,1,20270505,1,20270506,1,20270507,1,20270510,1,20270511,1,20270512,1,20270513,1,20270514,1,20270517,1,20270518,1,20270519,1,20270520,1,20270521,1,20270525,1,20270526,1,20270527,1,20270528,1,20270531,1,20270601,1,20270602,1,20270603,1,20270604,1,20270607,1,20270608,1,20270609,1,20270610,1,20270611,1,20270614,1,20270615,1,20270616,1,20270617,1,20270618,1,20270621,1,20270622,1,20270623,1,20270624,1,20270625,1,20270628,1,20270629,1,20270630,1,20270702,1,20270705,1,20270706,1
'1314695',20260908,1,20260909,1,20260910,1,20260911,1,20260914,1,20260915,1,20260916,1,20260917,1,20260918,1,20260921,1,20260922,1,20260923,1,20260924,1,20260925,1,20260928,1,20260929,1,20260930,1,20261001,1,20261002,1,20261005,1,20261006,1,20261007,1,20261008,1,20261009,1,20261013,1,20261014,1,20261015,1,20261016,1,20261019,1,20261020,1,20261021,1,20261022,1,20261023,1,20261026,1,20261027,1,20261028,1,20261029,1,20261030,1,20261102,1,20261103,1,20261104,1,20261105,1,20261106,1,20261109,1,20261110,1,20261111,1,20261112,1,20261113,1,20261116,1,20261117,1,20261118,1,20261119,1,20261120,1,20261123,1,20261124,1,20261125,1,20261126,1,20261127,1,20261130,1,20261201,1,20261202,1,20261203,1,20261204,1,20261207,1,20261208,1,20261209,1,20261210,1,20261211,1,20261214,1,20261215,1,20261216,1,20261217,1,20261218,1,20261221,1,20261222,1,20261223,1,20261224,1,20261228,1,20261229,1,20261230,1,20261231,1,20270104,1,20270105,1,20270106,1,20270107,1,20270108,1,20270111,1,20270112,1,20270113,1,20270114,1,20270115,1,20270118,1,20270119,1,20270120,1,20270121,1,20270122,1,20270125,1,20270126,1,20270127,1,20270128,1,20270129,1,20270201,1,20270202,1,20270203,1,20270204,1,20270205,1,20270208,1,20270209,1,20270210,1,20270211,1,20270212,1,20270216,1,20270217,1,20270218,1,20270219,1,20270222,1,20270223,1,20270224,1,20270225,1,20270226,1,20270301,1,20270302,1,20270303,1,20270304,1,20270305,1,20270308,1,20270309,1,20270310,1,20270311,1,20270312,1,20270315,1,20270316,1,20270317,1,20270318,1,20270319,1,20270322,1,20270323,1,20270324,1,20270325,1,20270330,1,20270331,1,20270401,1,20270402,1,20270405,1,20270406,1,20270407,1,20270408,1,20270409,1,20270412,1,20270413,1,20270414,1,20270415,1,20270416,1,20270419,1,20270420,1,20270421,1,20270422,1,20270423,1,20270426,1,20270427,1,20270428,1,20270429,1,20270430,1,20270503,1,20270504,1,20270505,1,20270506,1,20270507,1,20270510,1,20270511,1,20270512,1,20270513,1,20270514,1,20270517,1,20270518,1,20270519,1,20270520,1,20270521,1,20270525,1,20270526,1,20270527,1,20270528,1,20270531,1,20270601,1,20270602,1,20270603,1,20270604,1,20270607,1,20270608,1,20270609,1,20270610,1,20270611,1,20270614,1,20270615,1,20270616,1,20270617,1,20270618,1,20270621,1,20270622,1,20270623,1,20270624,1,20270625,1,20270628,1,20270629,1,20270630,1,20270702,1,20270705,1,20270706,1
'1314699',20260907,1,20260913,1,20260920,1,20260927,1,20261004,1,20261011,1,20261012,1,20261018,1,20261025,1,20261101,1,20261108,1,20261115,1,20261122,1,20261129,1,20261206,1,20261213,1,20261220,1,20261225,1,20261227,1,20270101,1,20270103,1,20270110,1,20270117,1,20270124,1,20270131,1,20270207,1,20270214,1,20270215,1,20270221,1,20270228,1,20270307,1,20270314,1,20270321,1,20270326,1,20270328,1,20270329,1,20270404,1,20270411,1,20270418,1,20270425,1,20270502,1,20270509,1,20270516,1,20270523,1,20270524,1,20270530,1,20270606,1,20270613,1,20270620,1,20270627,1,20270701,1,20270704,1
'1314708',20260908,1,20260909,1,20260910,1,20260911,1,20260914,1,20260915,1,20260916,1,20260917,1,20260918,1,20260921,1,20260922,1,20260923,1,20260924,1,20260925,1,20260928,1,20260929,1,20260930,1,20261001,1,20261002,1,20261005,1,20261006,1,20261007,1,20261008,1,20261009,1,20261013,1,20261014,1,20261015,1,20261016,1,20261019,1,20261020,1,20261021,1,20261022,1,20261023,1,20261026,1,20261027,1,20261028,1,20261029,1,20261030,1,20261102,1,20261103,1,20261104,1,20261105,1,20261106,1,20261109,1,20261110,1,20261111,1,20261112,1,20261113,1,20261116,1,20261117,1,20261118,1,20261119,1,20261120,1,20261123,1,20261124,1,20261125,1,20261126,1,20261127,1,20261130,1,20261201,1,20261202,1,20261203,1,20261204,1,20261207,1,20261208,1,20261209,1,20261210,1,20261211,1,20261214,1,20261215,1,20261216,1,20261217,1,20261218,1,20261221,1,20261222,1,20261223,1,20261224,1,20261228,1,20261229,1,20261230,1,20261231,1,20270104,1,20270105,1,20270106,1,20270107,1,20270108,1,20270111,1,20270112,1,20270113,1,20270114,1,20270115,1,20270118,1,20270119,1,20270120,1,20270121,1,20270122,1,20270125,1,20270126,1,20270127,1,20270128,1,20270129,1,20270201,1,20270202,1,20270203,1,20270204,1,20270205,1,20270208,1,20270209,1,20270210,1,20270211,1,20270212,1,20270216,1,20270217,1,20270218,1,20270219,1,20270222,1,20270223,1,20270224,1,20270225,1,20270226,1,20270301,1,20270302,1,20270303,1,20270304,1,20270305,1,20270308,1,20270309,1,20270310,1,20270311,1,20270312,1,20270315,1,20270316,1,20270317,1,20270318,1,20270319,1,20270322,1,20270323,1,20270324,1,20270325,1,20270330,1,20270331,1,20270401,1,20270402,1,20270405,1,20270406,1,20270407,1,20270408,1,20270409,1,20270412,1,20270413,1,20270414,1,20270415,1,20270416,1,20270419,1,20270420,1,20270421,1,20270422,1,20270423,1,20270426,1,20270427,1,20270428,1,20270429,1,20270430,1,20270503,1,20270504,1,20270505,1,20270506,1,20270507,1,20270510,1,20270511,1,20270512,1,20270513,1,20270514,1,20270517,1,20270518,1,20270519,1,20270520,1,20270521,1,20270525,1,20270526,1,20270527,1,20270528,1,20270531,1,20270601,1,20270602,1,20270603,1,20270604,1,20270607,1,20270608,1,20270609,1,20270610,1,20270611,1,20270614,1,20270615,1,20270616,1,20270617,1,20270618,1,20270621,1,20270622,1,20270623,1,20270624,1,20270625,1,20270628,1,20270629,1,20270630,1,20270702,1,20270705,1,20270706,1
'1314709',20260908,1,20260909,1,20260910,1,20260911,1,20260914,1,20260915,1,20260916,1,20260917,1,20260918,1,20260921,1,20260922,1,20260923,1,20260924,1,20260925,1,20260928,1,20260929,1,20260930,1,20261001,1,20261002,1,20261005,1,20261006,1,20261007,1,20261008,1,20261009,1,20261013,1,20261014,1,20261015,1,20261016,1,20261019,1,20261020,1,20261021,1,20261022,1,20261023,1,20261026,1,20261027,1,20261028,1,20261029,1,20261030,1,20261102,1,20261103,1,20261104,1,20261105,1,20261106,1,20261109,1,20261110,1,20261111,1,20261112,1,20261113,1,20261116,1,20261117,1,20261118,1,20261119,1,20261120,1,20261123,1,20261124,1,20261125,1,20261126,1,20261127,1,20261130,1,20261201,1,20261202,1,20261203,1,20261204,1,20261207,1,20261208,1,20261209,1,20261210,1,20261211,1,20261214,1,20261215,1,20261216,1,20261217,1,20261218,1,20261221,1,20261222,1,20261223,1,20261224,1,20261228,1,20261229,1,20261230,1,20261231,1,20270104,1,20270105,1,20270106,1,20270107,1,20270108,1,20270111,1,20270112,1,20270113,1,20270114,1,20270115,1,20270118,1,20270119,1,20270120,1,20270121,1,20270122,1,20270125,1,20270126,1,20270127,1,20270128,1,20270129,1,20270201,1,20270202,1,20270203,1,20270204,1,20270205,1,20270208,1,20270209,1,20270210,1,20270211,1,20270212,1,20270216,1,20270217,1,20270218,1,20270219,1,20270222,1,20270223,1,20270224,1,20270225,1,20270226,1,20270301,1,20270302,1,20270303,1,20270304,1,20270305,1,20270308,1,20270309,1,20270310,1,20270311,1,20270312,1,20270315,1,20270316,1,20270317,1,20270318,1,20270319,1,20270322,1,20270323,1,20270324,1,20270325,1,20270330,1,20270331,1,20270401,1,20270402,1,20270405,1,20270406,1,20270407,1,20270408,1,20270409,1,20270412,1,20270413,1,20270414,1,20270415,1,20270416,1,20270419,1,20270420,1,20270421,1,20270422,1,20270423,1,20270426,1,20270427,1,20270428,1,20270429,1,20270430,1,20270503,1,20270504,1,20270505,1,20270506,1,20270507,1,20270510,1,20270511,1,20270512,1,20270513,1,20270514,1,20270517,1,20270518,1,20270519,1,20270520,1,20270521,1,20270525,1,20270526,1,20270527,1,20270528,1,20270531,1,20270601,1,20270602,1,20270603,1,20270604,1,20270607,1,20270608,1,20270609,1,20270610,1,20270611,1,20270614,1,20270615,1,20270616,1,20270617,1,20270618,1,20270621,1,20270622,1,20270623,1,20270624,1,20270625,1,20270628,1,20270629,1,20270630,1,20270702,1,20270705,1,20270706,1
'1314711',20260908,1,20260909,1,20260910,1,20260911,1,20260914,1,20260915,1,20260916,1,20260917,1,20260918,1,20260921,1,20260922,1,20260923,1,20260924,1,20260925,1,20260928,1,20260929,1,20260930,1,20261001,1,20261002,1,20261005,1,20261006,1,20261007,1,20261008,1,20261009,1,20261013,1,20261014,1,20261015,1,20261016,1,20261019,1,20261020,1,20261021,1,20261022,1,20261023,1,20261026,1,20261027,1,20261028,1,20261029,1,20261030,1,20261102,1,20261103,1,20261104,1,20261105,1,20261106,1,20261109,1,20261110,1,20261111,1,20261112,1,20261113,1,20261116,1,20261117,1,20261118,1,20261119,1,20261120,1,20261123,1,20261124,1,20261125,1,20261126,1,20261127,1,20261130,1,20261201,1,20261202,1,20261203,1,20261204,1,20261207,1,20261208,1,20261209,1,20261210,1,20261211,1,20261214,1,20261215,1,20261216,1,20261217,1,20261218,1,20261221,1,20261222,1,20261223,1,20261224,1,20261228,1,20261229,1,20261230,1,20261231,1,20270104,1,20270105,1,20270106,1,20270107,1,20270108,1,20270111,1,20270112,1,20270113,1,20270114,1,20270115,1,20270118,1,20270119,1,20270120,1,20270121,1,20270122,1,20270125,1,20270126,1,20270127,1,20270128,1,20270129,1,20270201,1,20270202,1,20270203,1,20270204,1,20270205,1,20270208,1,20270209,1,20270210,1,20270211,1,20270212,1,20270216,1,20270217,1,20270218,1,20270219,1,20270222,1,20270223,1,20270224,1,20270225,1,20270226,1,20270301,1,20270302,1,20270303,1,20270304,1,20270305,1,20270308,1,20270309,1,20270310,1,20270311,1,20270312,1,20270315,1,20270316,1,20270317,1,20270318,1,20270319,1,20270322,1,20270323,1,20270324,1,20270325,1,20270330,1,20270331,1,20270401,1,20270402,1,20270405,1,20270406,1,20270407,1,20270408,1,20270409,1,20270412,1,20270413,1,20270414,1,20270415,1,20270416,1,20270419,1,20270420,1,20270421,1,20270422,1,20270423,1,20270426,1,20270427,1,20270428,1,20270429,1,20270430,1,20270503,1,20270504,1,20270505,1,20270506,1,20270507,1,20270510,1,20270511,1,20270512,1,20270513,1,20270514,1,20270517,1,20270518,1,20270519,1,20270520,1,20270521,1,20270525,1,20270526,1,20270527,1,20270528,1,20270531,1,20270601,1,20270602,1,20270603,1,20270604,1,20270607,1,20270608,1,20270609,1,20270610,1,20270611,1,20270614,1,20270615,1,20270616,1,20270617,1,20270618,1,20270621,1,20270622,1,20270623,1,20270624,1,20270625,1,20270628,1,20270629,1,20270630,1,20270702,1,20270705,1,20270706,1
'1314714',20260908,1,20260909,1,20260910,1,20260911,1,20260914,1,20260915,1,20260916,1,20260917,1,20260918,1,20260921,1,20260922,1,20260923,1,20260924,1,20260925,1,20260928,1,20260929,1,20260930,1,20261001,1,20261002,1,20261005,1,20261006,1,20261007,1,20261008,1,20261009,1,20261013,1,20261014,1,20261015,1,20261016,1,20261019,1,20261020,1,20261021,1,20261022,1,20261023,1,20261026,1,20261027,1,20261028,1,20261029,1,20261030,1,20261102,1,20261103,1,20261104,1,20261105,1,20261106,1,20261109,1,20261110,1,20261111,1,20261112,1,20261113,1,20261116,1,20261117,1,20261118,1,20261119,1,20261120,1,20261123,1,20261124,1,20261125,1,20261126,1,20261127,1,20261130,1,20261201,1,20261202,1,20261203,1,20261204,1,20261207,1,20261208,1,20261209,1,20261210,1,20261211,1,20261214,1,20261215,1,20261216,1,20261217,1,20261218,1,20261221,1,20261222,1,20261223,1,20261224,1,20261228,1,20261229,1,20261230,1,20261231,1,20270104,1,20270105,1,20270106,1,20270107,1,20270108,1,20270111,1,20270112,1,20270113,1,20270114,1,20270115,1,20270118,1,20270119,1,20270120,1,20270121,1,20270122,1,20270125,1,20270126,1,20270127,1,20270128,1,20270129,1,20270201,1,20270202,1,20270203,1,20270204,1,20270205,1,20270208,1,20270209,1,20270210,1,20270211,1,20270212,1,20270216,1,20270217,1,20270218,1,20270219,1,20270222,1,20270223,1,20270224,1,20270225,1,20270226,1,20270301,1,20270302,1,20270303,1,20270304,1,20270305,1,20270308,1,20270309,1,20270310,1,20270311,1,20270312,1,20270315,1,20270316,1,20270317,1,20270318,1,20270319,1,20270322,1,20270323,1,20270324,1,20270325,1,20270330,1,20270331,1,20270401,1,20270402,1,20270405,1,20270406,1,20270407,1,20270408,1,20270409,1,20270412,1,20270413,1,20270414,1,20270415,1,20270416,1,20270419,1,20270420,1,20270421,1,20270422,1,20270423,1,20270426,1,20270427,1,20270428,1,20270429,1,20270430,1,20270503,1,20270504,1,20270505,1,20270506,1,20270507,1,20270510,1,20270511,1,20270512,1,20270513,1,20270514,1,20270517,1,20270518,1,20270519,1,20270520,1,20270521,1,20270525,1,20270526,1,20270527,1,20270528,1,20270531,1,20270601,1,20270602,1,20270603,1,20270604,1,20270607,1,20270608,1,20270609,1,20270610,1,20270611,1,20270614,1,20270615,1,20270616,1,20270617,1,20270618,1,20270621,1,20270622,1,20270623,1,20270624,1,20270625,1,20270628,1,20270629,1,20270630,1,20270702,1,20270705,1,20270706,1
'1314716',20260908,1,20260909,1,20260910,1,20260911,1,20260914,1,20260915,1,20260916,1,20260917,1,20260918,1,20260921,1,20260922,1,20260923,1,20260924,1,20260925,1,20260928,1,20260929,1,20260930,1,20261001,1,20261002,1,20261005,1,20261006,1,20261007,1,20261008,1,20261009,1,20261013,1,20261014,1,20261015,1,20261016,1,20261019,1,20261020,1,20261021,1,20261022,1,20261023,1,20261026,1,20261027,1,20261028,1,20261029,1,20261030,1,20261102,1,20261103,1,20261104,1,20261105,1,20261106,1,20261109,1,20261110,1,20261111,1,20261112,1,20261113,1,20261116,1,20261117,1,20261118,1,20261119,1,20261120,1,20261123,1,20261124,1,20261125,1,20261126,1,20261127,1,20261130,1,20261201,1,20261202,1,20261203,1,20261204,1,20261207,1,20261208,1,20261209,1,20261210,1,20261211,1,20261214,1,20261215,1,20261216,1,20261217,1,20261218,1,20261221,1,20261222,1,20261223,1,20261224,1,20261228,1,20261229,1,20261230,1,20261231,1,20270104,1,20270105,1,20270106,1,20270107,1,20270108,1,20270111,1,20270112,1,20270113,1,20270114,1,20270115,1,20270118,1,20270119,1,20270120,1,20270121,1,20270122,1,20270125,1,20270126,1,20270127,1,20270128,1,20270129,1,20270201,1,20270202,1,20270203,1,20270204,1,20270205,1,20270208,1,20270209,1,20270210,1,20270211,1,20270212,1,20270216,1,20270217,1,20270218,1,20270219,1,20270222,1,20270223,1,20270224,1,20270225,1,20270226,1,20270301,1,20270302,1,20270303,1,20270304,1,20270305,1,20270308,1,20270309,1,20270310,1,20270311,1,20270312,1,20270315,1,20270316,1,20270317,1,20270318,1,20270319,1,20270322,1,20270323,1,20270324,1,20270325,1,20270330,1,20270331,1,20270401,1,20270402,1,20270405,1,20270406,1,20270407,1,20270408,1,20270409,1,20270412,1,20270413,1,20270414,1,20270415,1,20270416,1,20270419,1,20270420,1,20270421,1,20270422,1,20270423,1,20270426,1,20270427,1,20270428,1,20270429,1,20270430,1,20270503,1,20270504,1,20270505,1,20270506,1,20270507,1,20270510,1,20270511,1,20270512,1,20270513,1,20270514,1,20270517,1,20270518,1,20270519,1,20270520,1,20270521,1,20270525,1,20270526,1,20270527,1,20270528,1,20270531,1,20270601,1,20270602,1,20270603,1,20270604,1,20270607,1,20270608,1,20270609,1,20270610,1,20270611,1,20270614,1,20270615,1,20270616,1,20270617,1,20270618,1,20270621,1,20270622,1,20270623,1,20270624,1,20270625,1,20270628,1,20270629,1,20270630,1,20270702,1,20270705,1,20270706,1
'1319163',20260908,1,20260909,1,20260910,1,20260911,1,20260914,1,20260915,1,20260916,1,20260917,1,20260918,1,20260921,1,20260922,1,20260923,1,20260924,1,20260925,1,20260928,1,20260929,1,20260930,1,20261001,1,20261002,1,20261005,1,20261006,1,20261007,1,20261008,1,20261009,1,20261013,1,20261014,1,20261015,1,20261016,1,20261019,1,20261020,1,20261021,1,20261022,1,20261023,1,20261026,1,20261027,1,20261028,1,20261029,1,20261030,1,20261102,1,20261103,1,20261104,1,20261105,1,20261106,1,20261109,1,20261110,1,20261111,1,20261112,1,20261113,1,20261116,1,20261117,1,20261118,1,20261119,1,20261120,1,20261123,1,20261124,1,20261125,1,20261126,1,20261127,1,20261130,1,20261201,1,20261202,1,20261203,1,20261204,1,20261207,1,20261208,1,20261209,1,20261210,1,20261211,1,20261214,1,20261215,1,20261216,1,20261217,1,20261218,1,20261221,1,20261222,1,20261223,1,20261224,1,20261228,1,20261229,1,20261230,1,20261231,1,20270104,1,20270105,1,20270106,1,20270107,1,20270108,1,20270111,1,20270112,1,20270113,1,20270114,1,20270115,1,20270118,1,20270119,1,20270120,1,20270121,1,20270122,1,20270125,1,20270126,1,20270127,1,20270128,1,20270129,1,20270201,1,20270202,1,20270203,1,20270204,1,20270205,1,20270208,1,20270209,1,20270210,1,20270211,1,20270212,1,20270216,1,20270217,1,20270218,1,20270219,1,20270222,1,20270223,1,20270224,1,20270225,1,20270226,1,20270301,1,20270302,1,20270303,1,20270304,1,20270305,1,20270308,1,20270309,1,20270310,1,20270311,1,20270312,1,20270315,1,20270316,1,20270317,1,20270318,1,20270319,1,20270322,1,20270323,1,20270324,1,20270325,1,20270330,1,20270331,1,20270401,1,20270402,1,20270405,1,20270406,1,20270407,1,20270408,1,20270409,1,20270412,1,20270413,1,20270414,1,20270415,1,20270416,1,20270419,1,20270420,1,20270421,1,20270422,1,20270423,1,20270426,1,20270427,1,20270428,1,20270429,1,20270430,1,20270503,1,20270504,1,20270505,1,20270506,1,20270507,1,20270510,1,20270511,1,20270512,1,20270513,1,20270514,1,20270517,1,20270518,1,20270519,1,20270520,1,20270521,1,20270525,1,20270526,1,20270527,1,20270528,1,20270531,1,20270601,1,20270602,1,20270603,1,20270604,1,20270607,1,20270608,1,20270609,1,20270610,1,20270611,1,20270614,1,20270615,1,20270616,1,20270617,1,20270618,1,20270621,1,20270622,1,20270623,1,20270624,1,20270625,1,20270628,1,20270629,1,20270630,1,20270702,1,20270705,1,20270706,1
'1319404',20260908,1,20260909,1,20260910,1,20260911,1,20260914,1,20260915,1,20260916,1,20260917,1,20260918,1,20260921,1,20260922,1,20260923,1,20260924,1,20260925,1,20260928,1,20260929,1,20260930,1,20261001,1,20261002,1,20261005,1,20261006,1,20261007,1,20261008,1,20261009,1,20261013,1,20261014,1,20261015,1,20261016,1,20261019,1,20261020,1,20261021,1,20261022,1,20261023,1,20261026,1,20261027,1,20261028,1,20261029,1,20261030,1,20261102,1,20261103,1,20261104,1,20261105,1,20261106,1,20261109,1,20261110,1,20261111,1,20261112,1,20261113,1,20261116,1,20261117,1,20261118,1,20261119,1,20261120,1,20261123,1,20261124,1,20261125,1,20261126,1,20261127,1,20261130,1,20261201,1,20261202,1,20261203,1,20261204,1,20261207,1,20261208,1,20261209,1,20261210,1,20261211,1,20261214,1,20261215,1,20261216,1,20261217,1,20261218,1,20261221,1,20261222,1,20261223,1,20261224,1,20261228,1,20261229,1,20261230,1,20261231,1,20270104,1,20270105,1,20270106,1,20270107,1,20270108,1,20270111,1,20270112,1,20270113,1,20270114,1,20270115,1,20270118,1,20270119,1,20270120,1,20270121,1,20270122,1,20270125,1,20270126,1,20270127,1,20270128,1,20270129,1,20270201,1,20270202,1,20270203,1,20270204,1,20270205,1,20270208,1,20270209,1,20270210,1,20270211,1,20270212,1,20270216,1,20270217,1,20270218,1,20270219,1,20270222,1,20270223,1,20270224,1,20270225,1,20270226,1,20270301,1,20270302,1,20270303,1,20270304,1,20270305,1,20270308,1,20270309,1,20270310,1,20270311,1,20270312,1,20270315,1,20270316,1,20270317,1,20270318,1,20270319,1,20270322,1,20270323,1,20270324,1,20270325,1,20270330,1,20270331,1,20270401,1,20270402,1,20270405,1,20270406,1,20270407,1,20270408,1,20270409,1,20270412,1,20270413,1,20270414,1,20270415,1,20270416,1,20270419,1,20270420,1,20270421,1,20270422,1,20270423,1,20270426,1,20270427,1,20270428,1,20270429,1,20270430,1,20270503,1,20270504,1,20270505,1,20270506,1,20270507,1,20270510,1,20270511,1,20270512,1,20270513,1,20270514,1,20270517,1,20270518,1,20270519,1,20270520,1,20270521,1,20270525,1,20270526,1,20270527,1,20270528,1,20270531,1,20270601,1,20270602,1,20270603,1,20270604,1,20270607,1,20270608,1,20270609,1,20270610,1,20270611,1,20270614,1,20270615,1,20270616,1,20270617,1,20270618,1,20270621,1,20270622,1,20270623,1,20270624,1,20270625,1,20270628,1,20270629,1,20270630,1,20270702,1,20270705,1,20270706,1
'1319670',20260908,1,20260909,1,20260910,1,20260911,1,20260914,1,20260915,1,20260916,1,20260917,1,20260918,1,20260921,1,20260922,1,20260923,1,20260924,1,20260925,1,20260928,1,20260929,1,20260930,1,20261001,1,20261002,1,20261005,1,20261006,1,20261007,1,20261008,1,20261009,1,20261013,1,20261014,1,20261015,1,20261016,1,20261019,1,20261020,1,20261021,1,20261022,1,20261023,1,20261026,1,20261027,1,20261028,1,20261029,1,20261030,1,20261102,1,20261103,1,20261104,1,20261105,1,20261106,1,20261109,1,20261110,1,20261111,1,20261112,1,20261113,1,20261116,1,20261117,1,20261118,1,20261119,1,20261120,1,20261123,1,20261124,1,20261125,1,20261126,1,20261127,1,20261130,1,20261201,1,20261202,1,20261203,1,20261204,1,20261207,1,20261208,1,20261209,1,20261210,1,20261211,1,20261214,1,20261215,1,20261216,1,20261217,1,20261218,1,20261221,1,20261222,1,20261223,1,20261224,1,20261228,1,20261229,1,20261230,1,20261231,1,20270104,1,20270105,1,20270106,1,20270107,1,20270108,1,20270111,1,20270112,1,20270113,1,20270114,1,20270115,1,20270118,1,20270119,1,20270120,1,20270121,1,20270122,1,20270125,1,20270126,1,20270127,1,20270128,1,20270129,1,20270201,1,20270202,1,20270203,1,20270204,1,20270205,1,20270208,1,20270209,1,20270210,1,20270211,1,20270212,1,20270216,1,20270217,1,20270218,1,20270219,1,20270222,1,20270223,1,20270224,1,20270225,1,20270226,1,20270301,1,20270302,1,20270303,1,20270304,1,20270305,1,20270308,1,20270309,1,20270310,1,20270311,1,20270312,1,20270315,1,20270316,1,20270317,1,20270318,1,20270319,1,20270322,1,20270323,1,20270324,1,20270325,1,20270330,1,20270331,1,20270401,1,20270402,1,20270405,1,20270406,1,20270407,1,20270408,1,20270409,1,20270412,1,20270413,1,20270414,1,20270415,1,20270416,1,20270419,1,20270420,1,20270421,1,20270422,1,20270423,1,20270426,1,20270427,1,20270428,1,20270429,1,20270430,1,20270503,1,20270504,1,20270505,1,20270506,1,20270507,1,20270510,1,20270511,1,20270512,1,20270513,1,20270514,1,20270517,1,20270518,1,20270519,1,20270520,1,20270521,1,20270525,1,20270526,1,20270527,1,20270528,1,20270531,1,20270601,1,20270602,1,20270603,1,20270604,1,20270607,1,20270608,1,20270609,1,20270610,1,20270611,1,20270614,1,20270615,1,20270616,1,20270617,1,20270618,1,20270621,1,20270622,1,20270623,1,20270624,1,20270625,1,20270628,1,20270629,1,20270630,1,20270702,1,20270705,1,20270706,1
'1319758',20260908,1,20260909,1,20260910,1,20260911,1,20260914,1,20260915,1,20260916,1,20260917,1,20260918,1,20260921,1,20260922,1,20260923,1,20260924,1,20260925,1,20260928,1,20260929,1,20260930,1,20261001,1,20261002,1,20261005,1,20261006,1,20261007,1,20261008,1,20261009,1,20261013,1,20261014,1,20261015,1,20261016,1,20261019,1,20261020,1,20261021,1,20261022,1,20261023,1,20261026,1,20261027,1,20261028,1,20261029,1,20261030,1,20261102,1,20261103,1,20261104,1,20261105,1,20261106,1,20261109,1,20261110,1,20261111,1,20261112,1,20261113,1,20261116,1,20261117,1,20261118,1,20261119,1,20261120,1,20261123,1,20261124,1,20261125,1,20261126,1,20261127,1,20261130,1,20261201,1,20261202,1,20261203,1,20261204,1,20261207,1,20261208,1,20261209,1,20261210,1,20261211,1,20261214,1,20261215,1,20261216,1,20261217,1,20261218,1,20261221,1,20261222,1,20261223,1,20261224,1,20261228,1,20261229,1,20261230,1,20261231,1,20270104,1,20270105,1,20270106,1,20270107,1,20270108,1,20270111,1,20270112,1,20270113,1,20270114,1,20270115,1,20270118,1,20270119,1,20270120,1,20270121,1,20270122,1,20270125,1,20270126,1,20270127,1,20270128,1,20270129,1,20270201,1,20270202,1,20270203,1,20270204,1,20270205,1,20270208,1,20270209,1,20270210,1,20270211,1,20270212,1,20270216,1,20270217,1,20270218,1,20270219,1,20270222,1,20270223,1,20270224,1,20270225,1,20270226,1,20270301,1,20270302,1,20270303,1,20270304,1,20270305,1,20270308,1,20270309,1,20270310,1,20270311,1,20270312,1,20270315,1,20270316,1,20270317,1,20270318,1,20270319,1,20270322,1,20270323,1,20270324,1,20270325,1,20270330,1,20270331,1,20270401,1,20270402,1,20270405,1,20270406,1,20270407,1,20270408,1,20270409,1,20270412,1,20270413,1,20270414,1,20270415,1,20270416,1,20270419,1,20270420,1,20270421,1,20270422,1,20270423,1,20270426,1,20270427,1,20270428,1,20270429,1,20270430,1,20270503,1,20270504,1,20270505,1,20270506,1,20270507,1,20270510,1,20270511,1,20270512,1,20270513,1,20270514,1,20270517,1,20270518,1,20270519,1,20270520,1,20270521,1,20270525,1,20270526,1,20270527,1,20270528,1,20270531,1,20270601,1,20270602,1,20270603,1,20270604,1,20270607,1,20270608,1,20270609,1,20270610,1,20270611,1,20270614,1,20270615,1,20270616,1,20270617,1,20270618,1,20270621,1,20270622,1,20270623,1,20270624,1,20270625,1,20270628,1,20270629,1,20270630,1,20270702,1,20270705,1,20270706,1
'1340615',20260908,1,20260909,1,20260910,1,20260911,1,20260914,1,20260915,1,20260916,1,20260917,1,20260918,1,20260921,1,20260922,1,20260923,1,20260924,1,20260925,1,20260928,1,20260929,1,20260930,1,20261001,1,20261002,1,20261005,1,20261006,1,20261007,1,20261008,1,20261009,1,20261013,1,20261014,1,20261015,1,20261016,1,20261019,1,20261020,1,20261021,1,20261022,1,20261023,1,20261026,1,20261027,1,20261028,1,20261029,1,20261030,1,20261102,1,20261103,1,20261104,1,20261105,1,20261106,1,20261109,1,20261110,1,20261111,1,20261112,1,20261113,1,20261116,1,20261117,1,20261118,1,20261119,1,20261120,1,20261123,1,20261124,1,20261125,1,20261126,1,20261127,1,20261130,1,20261201,1,20261202,1,20261203,1,20261204,1,20261207,1,20261208,1,20261209,1,20261210,1,20261211,1,20261214,1,20261215,1,20261216,1,20261217,1,20261218,1,20261221,1,20261222,1,20261223,1,20261224,1,20261228,1,20261229,1,20261230,1,20261231,1,20270104,1,20270105,1,20270106,1,20270107,1,20270108,1,20270111,1,20270112,1,20270113,1,20270114,1,20270115,1,20270118,1,20270119,1,20270120,1,20270121,1,20270122,1,20270125,1,20270126,1,20270127,1,20270128,1,20270129,1,20270201,1,20270202,1,20270203,1,20270204,1,20270205,1,20270208,1,20270209,1,20270210,1,20270211,1,20270212,1,20270216,1,20270217,1,20270218,1,20270219,1,20270222,1,20270223,1,20270224,1,20270225,1,20270226,1,20270301,1,20270302,1,20270303,1,20270304,1,20270305,1,20270308,1,20270309,1,20270310,1,20270311,1,20270312,1,20270315,1,20270316,1,20270317,1,20270318,1,20270319,1,20270322,1,20270323,1,20270324,1,20270325,1,20270330,1,20270331,1,20270401,1,20270402,1,20270405,1,20270406,1,20270407,1,20270408,1,20270409,1,20270412,1,20270413,1,20270414,1,20270415,1,20270416,1,20270419,1,20270420,1,20270421,1,20270422,1,20270423,1,20270426,1,20270427,1,20270428,1,20270429,1,20270430,1,20270503,1,20270504,1,20270505,1,20270506,1,20270507,1,20270510,1,20270511,1,20270512,1,20270513,1,20270514,1,20270517,1,20270518,1,20270519,1,20270520,1,20270521,1,20270525,1,20270526,1,20270527,1,20270528,1,20270531,1,20270601,1,20270602,1,20270603,1,20270604,1,20270607,1,20270608,1,20270609,1,20270610,1,20270611,1,20270614,1,20270615,1,20270616,1,20270617,1,20270618,1,20270621,1,20270622,1,20270623,1,20270624,1,20270625,1,20270628,1,20270629,1,20270630,1,20270702,1,20270705,1,20270706,1
'1373808',20260908,1,20260909,1,20260910,1,20260911,1,20260914,1,20260915,1,20260916,1,20260917,1,20260918,1,20260921,1,20260922,1,20260923,1,20260924,1,20260925,1,20260928,1,20260929,1,20260930,1,20261001,1,20261002,1,20261005,1,20261006,1,20261007,1,20261008,1,20261009,1,20261013,1,20261014,1,20261015,1,20261016,1,20261019,1,20261020,1,20261021,1,20261022,1,20261023,1,20261026,1,20261027,1,20261028,1,20261029,1,20261030,1,20261102,1,20261103,1,20261104,1,20261105,1,20261106,1,20261109,1,20261110,1,20261111,1,20261112,1,20261113,1,20261116,1,20261117,1,20261118,1,20261119,1,20261120,1,20261123,1,20261124,1,20261125,1,20261126,1,20261127,1,20261130,1,20261201,1,20261202,1,20261203,1,20261204,1,20261207,1,20261208,1,20261209,1,20261210,1,20261211,1,20261214,1,20261215,1,20261216,1,20261217,1,20261218,1,20261221,1,20261222,1,20261223,1,20261224,1,20261228,1,20261229,1,20261230,1,20261231,1,20270104,1,20270105,1,20270106,1,20270107,1,20270108,1,20270111,1,20270112,1,20270113,1,20270114,1,20270115,1,20270118,1,20270119,1,20270120,1,20270121,1,20270122,1,20270125,1,20270126,1,20270127,1,20270128,1,20270129,1,20270201,1,20270202,1,20270203,1,20270204,1,20270205,1,20270208,1,20270209,1,20270210,1,20270211,1,20270212,1,20270216,1,20270217,1,20270218,1,20270219,1,20270222,1,20270223,1,20270224,1,20270225,1,20270226,1,20270301,1,20270302,1,20270303,1,20270304,1,20270305,1,20270308,1,20270309,1,20270310,1,20270311,1,20270312,1,20270315,1,20270316,1,20270317,1,20270318,1,20270319,1,20270322,1,20270323,1,20270324,1,20270325,1,20270330,1,20270331,1,20270401,1,20270402,1,20270405,1,20270406,1,20270407,1,20270408,1,20270409,1,20270412,1,20270413,1,20270414,1,20270415,1,20270416,1,20270419,1,20270420,1,20270421,1,20270422,1,20270423,1,20270426,1,20270427,1,20270428,1,20270429,1,20270430,1,20270503,1,20270504,1,20270505,1,20270506,1,20270507,1,20270510,1,20270511,1,20270512,1,20270513,1,20270514,1,20270517,1,20270518,1,20270519,1,20270520,1,20270521,1,20270525,1,20270526,1,20270527,1,20270528,1,20270531,1,20270601,1,20270602,1,20270603,1,20270604,1,20270607,1,20270608,1,20270609,1,20270610,1,20270611,1,20270614,1,20270615,1,20270616,1,20270617,1,20270618,1,20270621,1,20270622,1,20270623,1,20270624,1,20270625,1,20270628,1,20270629,1,20270630,1,20270702,1,20270705,1,20270706,1
'1373811',20260908,1,20260909,1,20260910,1,20260911,1,20260914,1,20260915,1,20260916,1,20260917,1,20260918,1,20260921,1,20260922,1,20260923,1,20260924,1,20260925,1,20260928,1,20260929,1,20260930,1,20261001,1,20261002,1,20261005,1,20261006,1,20261007,1,20261008,1,20261009,1,20261013,1,20261014,1,20261015,1,20261016,1,20261019,1,20261020,1,20261021,1,20261022,1,20261023,1,20261026,1,20261027,1,20261028,1,20261029,1,20261030,1,20261102,1,20261103,1,20261104,1,20261105,1,20261106,1,20261109,1,20261110,1,20261111,1,20261112,1,20261113,1,20261116,1,20261117,1,20261118,1,20261119,1,20261120,1,20261123,1,20261124,1,20261125,1,20261126,1,20261127,1,20261130,1,20261201,1,20261202,1,20261203,1,20261204,1,20261207,1,20261208,1,20261209,1,20261210,1,20261211,1,20261214,1,20261215,1,20261216,1,20261217,1,20261218,1,20261221,1,20261222,1,20261223,1,20261224,1,20261228,1,20261229,1,20261230,1,20261231,1,20270104,1,20270105,1,20270106,1,20270107,1,20270108,1,20270111,1,20270112,1,20270113,1,20270114,1,20270115,1,20270118,1,20270119,1,20270120,1,20270121,1,20270122,1,20270125,1,20270126,1,20270127,1,20270128,1,20270129,1,20270201,1,20270202,1,20270203,1,20270204,1,20270205,1,20270208,1,20270209,1,20270210,1,20270211,1,20270212,1,20270216,1,20270217,1,20270218,1,20270219,1,20270222,1,20270223,1,20270224,1,20270225,1,20270226,1,20270301,1,20270302,1,20270303,1,20270304,1,20270305,1,20270308,1,20270309,1,20270310,1,20270311,1,20270312,1,20270315,1,20270316,1,20270317,1,20270318,1,20270319,1,20270322,1,20270323,1,20270324,1,20270325,1,20270330,1,20270331,1,20270401,1,20270402,1,20270405,1,20270406,1,20270407,1,20270408,1,20270409,1,20270412,1,20270413,1,20270414,1,20270415,1,20270416,1,20270419,1,20270420,1,20270421,1,20270422,1,20270423,1,20270426,1,20270427,1,20270428,1,20270429,1,20270430,1,20270503,1,20270504,1,20270505,1,20270506,1,20270507,1,20270510,1,20270511,1,20270512,1,20270513,1,20270514,1,20270517,1,20270518,1,20270519,1,20270520,1,20270521,1,20270525,1,20270526,1,20270527,1,20270528,1,20270531,1,20270601,1,20270602,1,20270603,1,20270604,1,20270607,1,20270608,1,20270609,1,20270610,1,20270611,1,20270614,1,20270615,1,20270616,1,20270617,1,20270618,1,20270621,1,20270622,1,20270623,1,20270624,1,20270625,1,20270628,1,20270629,1,20270630,1,20270702,1,20270705,1,20270706,1
'1373814',20260908,1,20260909,1,20260910,1,20260911,1,20260914,1,20260915,1,20260916,1,20260917,1,20260918,1,20260921,1,20260922,1,20260923,1,20260924,1,20260925,1,20260928,1,20260929,1,20260930,1,20261001,1,20261002,1,20261005,1,20261006,1,20261007,1,20261008,1,20261009,1,20261013,1,20261014,1,20261015,1,20261016,1,20261019,1,20261020,1,20261021,1,20261022,1,20261023,1,20261026,1,20261027,1,20261028,1,20261029,1,20261030,1,20261102,1,20261103,1,20261104,1,20261105,1,20261106,1,20261109,1,20261110,1,20261111,1,20261112,1,20261113,1,20261116,1,20261117,1,20261118,1,20261119,1,20261120,1,20261123,1,20261124,1,20261125,1,20261126,1,20261127,1,20261130,1,20261201,1,20261202,1,20261203,1,20261204,1,20261207,1,20261208,1,20261209,1,20261210,1,20261211,1,20261214,1,20261215,1,20261216,1,20261217,1,20261218,1,20261221,1,20261222,1,20261223,1,20261224,1,20261228,1,20261229,1,20261230,1,20261231,1,20270104,1,20270105,1,20270106,1,20270107,1,20270108,1,20270111,1,20270112,1,20270113,1,20270114,1,20270115,1,20270118,1,20270119,1,20270120,1,20270121,1,20270122,1,20270125,1,20270126,1,20270127,1,20270128,1,20270129,1,20270201,1,20270202,1,20270203,1,20270204,1,20270205,1,20270208,1,20270209,1,20270210,1,20270211,1,20270212,1,20270216,1,20270217,1,20270218,1,20270219,1,20270222,1,20270223,1,20270224,1,20270225,1,20270226,1,20270301,1,20270302,1,20270303,1,20270304,1,20270305,1,20270308,1,20270309,1,20270310,1,20270311,1,20270312,1,20270315,1,20270316,1,20270317,1,20270318,1,20270319,1,20270322,1,20270323,1,20270324,1,20270325,1,20270330,1,20270331,1,20270401,1,20270402,1,20270405,1,20270406,1,20270407,1,20270408,1,20270409,1,20270412,1,20270413,1,20270414,1,20270415,1,20270416,1,20270419,1,20270420,1,20270421,1,20270422,1,20270423,1,20270426,1,20270427,1,20270428,1,20270429,1,20270430,1,20270503,1,20270504,1,20270505,1,20270506,1,20270507,1,20270510,1,20270511,1,20270512,1,20270513,1,20270514,1,20270517,1,20270518,1,20270519,1,20270520,1,20270521,1,20270525,1,20270526,1,20270527,1,20270528,1,20270531,1,20270601,1,20270602,1,20270603,1,20270604,1,20270607,1,20270608,1,20270609,1,20270610,1,20270611,1,20270614,1,20270615,1,20270616,1,20270617,1,20270618,1,20270621,1,20270622,1,20270623,1,20270624,1,20270625,1,20270628,1,20270629,1,20270630,1,20270702,1,20270705,1,20270706,1
'1373836',20260908,1,20260909,1,20260910,1,20260911,1,20260914,1,20260915,1,20260916,1,20260917,1,20260918,1,20260921,1,20260922,1,20260923,1,20260924,1,20260925,1,20260928,1,20260929,1,20260930,1,20261001,1,20261002,1,20261005,1,20261006,1,20261007,1,20261008,1,20261009,1,20261013,1,20261014,1,20261015,1,20261016,1,20261019,1,20261020,1,20261021,1,20261022,1,20261023,1,20261026,1,20261027,1,20261028,1,20261029,1,20261030,1,20261102,1,20261103,1,20261104,1,20261105,1,20261106,1,20261109,1,20261110,1,20261111,1,20261112,1,20261113,1,20261116,1,20261117,1,20261118,1,20261119,1,20261120,1,20261123,1,20261124,1,20261125,1,20261126,1,20261127,1,20261130,1,20261201,1,20261202,1,20261203,1,20261204,1,20261207,1,20261208,1,20261209,1,20261210,1,20261211,1,20261214,1,20261215,1,20261216,1,20261217,1,20261218,1,20261221,1,20261222,1,20261223,1,20261224,1,20261228,1,20261229,1,20261230,1,20261231,1,20270104,1,20270105,1,20270106,1,20270107,1,20270108,1,20270111,1,20270112,1,20270113,1,20270114,1,20270115,1,20270118,1,20270119,1,20270120,1,20270121,1,20270122,1,20270125,1,20270126,1,20270127,1,20270128,1,20270129,1,20270201,1,20270202,1,20270203,1,20270204,1,20270205,1,20270208,1,20270209,1,20270210,1,20270211,1,20270212,1,20270216,1,20270217,1,20270218,1,20270219,1,20270222,1,20270223,1,20270224,1,20270225,1,20270226,1,20270301,1,20270302,1,20270303,1,20270304,1,20270305,1,20270308,1,20270309,1,20270310,1,20270311,1,20270312,1,20270315,1,20270316,1,20270317,1,20270318,1,20270319,1,20270322,1,20270323,1,20270324,1,20270325,1,20270330,1,20270331,1,20270401,1,20270402,1,20270405,1,20270406,1,20270407,1,20270408,1,20270409,1,20270412,1,20270413,1,20270414,1,20270415,1,20270416,1,20270419,1,20270420,1,20270421,1,20270422,1,20270423,1,20270426,1,20270427,1,20270428,1,20270429,1,20270430,1,20270503,1,20270504,1,20270505,1,20270506,1,20270507,1,20270510,1,20270511,1,20270512,1,20270513,1,20270514,1,20270517,1,20270518,1,20270519,1,20270520,1,20270521,1,20270525,1,20270526,1,20270527,1,20270528,1,20270531,1,20270601,1,20270602,1,20270603,1,20270604,1,20270607,1,20270608,1,20270609,1,20270610,1,20270611,1,20270614,1,20270615,1,20270616,1,20270617,1,20270618,1,20270621,1,20270622,1,20270623,1,20270624,1,20270625,1,20270628,1,20270629,1,20270630,1,20270702,1,20270705,1,20270706,1
'1373848',20260908,1,20260909,1,20260910,1,20260911,1,20260914,1,20260915,1,20260916,1,20260917,1,20260918,1,20260921,1,20260922,1,20260923,1,20260924,1,20260925,1,20260928,1,20260929,1,20260930,1,20261001,1,20261002,1,20261005,1,20261006,1,20261007,1,20261008,1,20261009,1,20261013,1,20261014,1,20261015,1,20261016,1,20261019,1,20261020,1,20261021,1,20261022,1,20261023,1,20261026,1,20261027,1,20261028,1,20261029,1,20261030,1,20261102,1,20261103,1,20261104,1,20261105,1,20261106,1,20261109,1,20261110,1,20261111,1,20261112,1,20261113,1,20261116,1,20261117,1,20261118,1,20261119,1,20261120,1,20261123,1,20261124,1,20261125,1,20261126,1,20261127,1,20261130,1,20261201,1,20261202,1,20261203,1,20261204,1,20261207,1,20261208,1,20261209,1,20261210,1,20261211,1,20261214,1,20261215,1,20261216,1,20261217,1,20261218,1,20261221,1,20261222,1,20261223,1,20261224,1,20261228,1,20261229,1,20261230,1,20261231,1,20270104,1,20270105,1,20270106,1,20270107,1,20270108,1,20270111,1,20270112,1,20270113,1,20270114,1,20270115,1,20270118,1,20270119,1,20270120,1,20270121,1,20270122,1,20270125,1,20270126,1,20270127,1,20270128,1,20270129,1,20270201,1,20270202,1,20270203,1,20270204,1,20270205,1,20270208,1,20270209,1,20270210,1,20270211,1,20270212,1,20270216,1,20270217,1,20270218,1,20270219,1,20270222,1,20270223,1,20270224,1,20270225,1,20270226,1,20270301,1,20270302,1,20270303,1,20270304,1,20270305,1,20270308,1,20270309,1,20270310,1,20270311,1,20270312,1,20270315,1,20270316,1,20270317,1,20270318,1,20270319,1,20270322,1,20270323,1,20270324,1,20270325,1,20270330,1,20270331,1,20270401,1,20270402,1,20270405,1,20270406,1,20270407,1,20270408,1,20270409,1,20270412,1,20270413,1,20270414,1,20270415,1,20270416,1,20270419,1,20270420,1,20270421,1,20270422,1,20270423,1,20270426,1,20270427,1,20270428,1,20270429,1,20270430,1,20270503,1,20270504,1,20270505,1,20270506,1,20270507,1,20270510,1,20270511,1,20270512,1,20270513,1,20270514,1,20270517,1,20270518,1,20270519,1,20270520,1,20270521,1,20270525,1,20270526,1,20270527,1,20270528,1,20270531,1,20270601,1,20270602,1,20270603,1,20270604,1,20270607,1,20270608,1,20270609,1,20270610,1,20270611,1,20270614,1,20270615,1,20270616,1,20270617,1,20270618,1,20270621,1,20270622,1,20270623,1,20270624,1,20270625,1,20270628,1,20270629,1,20270630,1,20270702,1,20270705,1,20270706,1
'1373861',20260908,1,20260909,1,20260910,1,20260911,1,20260914,1,20260915,1,20260916,1,20260917,1,20260918,1,20260921,1,20260922,1,20260923,1,20260924,1,20260925,1,20260928,1,20260929,1,20260930,1,20261001,1,20261002,1,20261005,1,20261006,1,20261007,1,20261008,1,20261009,1,20261013,1,20261014,1,20261015,1,20261016,1,20261019,1,20261020,1,20261021,1,20261022,1,20261023,1,20261026,1,20261027,1,20261028,1,20261029,1,20261030,1,20261102,1,20261103,1,20261104,1,20261105,1,20261106,1,20261109,1,20261110,1,20261111,1,20261112,1,20261113,1,20261116,1,20261117,1,20261118,1,20261119,1,20261120,1,20261123,1,20261124,1,20261125,1,20261126,1,20261127,1,20261130,1,20261201,1,20261202,1,20261203,1,20261204,1,20261207,1,20261208,1,20261209,1,20261210,1,20261211,1,20261214,1,20261215,1,20261216,1,20261217,1,20261218,1,20261221,1,20261222,1,20261223,1,20261224,1,20261228,1,20261229,1,20261230,1,20261231,1,20270104,1,20270105,1,20270106,1,20270107,1,20270108,1,20270111,1,20270112,1,20270113,1,20270114,1,20270115,1,20270118,1,20270119,1,20270120,1,20270121,1,20270122,1,20270125,1,20270126,1,20270127,1,20270128,1,20270129,1,20270201,1,20270202,1,20270203,1,20270204,1,20270205,1,20270208,1,20270209,1,20270210,1,20270211,1,20270212,1,20270216,1,20270217,1,20270218,1,20270219,1,20270222,1,20270223,1,20270224,1,20270225,1,20270226,1,20270301,1,20270302,1,20270303,1,20270304,1,20270305,1,20270308,1,20270309,1,20270310,1,20270311,1,20270312,1,20270315,1,20270316,1,20270317,1,20270318,1,20270319,1,20270322,1,20270323,1,20270324,1,20270325,1,20270330,1,20270331,1,20270401,1,20270402,1,20270405,1,20270406,1,20270407,1,20270408,1,20270409,1,20270412,1,20270413,1,20270414,1,20270415,1,20270416,1,20270419,1,20270420,1,20270421,1,20270422,1,20270423,1,20270426,1,20270427,1,20270428,1,20270429,1,20270430,1,20270503,1,20270504,1,20270505,1,20270506,1,20270507,1,20270510,1,20270511,1,20270512,1,20270513,1,20270514,1,20270517,1,20270518,1,20270519,1,20270520,1,20270521,1,20270525,1,20270526,1,20270527,1,20270528,1,20270531,1,20270601,1,20270602,1,20270603,1,20270604,1,20270607,1,20270608,1,20270609,1,20270610,1,20270611,1,20270614,1,20270615,1,20270616,1,20270617,1,20270618,1,20270621,1,20270622,1,20270623,1,20270624,1,20270625,1,20270628,1,20270629,1,20270630,1,20270702,1,20270705,1,20270706,1
'1373869',20260908,1,20260909,1,20260910,1,20260911,1,20260914,1,20260915,1,20260916,1,20260917,1,20260918,1,20260921,1,20260922,1,20260923,1,20260924,1,20260925,1,20260928,1,20260929,1,20260930,1,20261001,1,20261002,1,20261005,1,20261006,1,20261007,1,20261008,1,20261009,1,20261013,1,20261014,1,20261015,1,20261016,1,20261019,1,20261020,1,20261021,1,20261022,1,20261023,1,20261026,1,20261027,1,20261028,1,20261029,1,20261030,1,20261102,1,20261103,1,20261104,1,20261105,1,20261106,1,20261109,1,20261110,1,20261111,1,20261112,1,20261113,1,20261116,1,20261117,1,20261118,1,20261119,1,20261120,1,20261123,1,20261124,1,20261125,1,20261126,1,20261127,1,20261130,1,20261201,1,20261202,1,20261203,1,20261204,1,20261207,1,20261208,1,20261209,1,20261210,1,20261211,1,20261214,1,20261215,1,20261216,1,20261217,1,20261218,1,20261221,1,20261222,1,20261223,1,20261224,1,20261228,1,20261229,1,20261230,1,20261231,1,20270104,1,20270105,1,20270106,1,20270107,1,20270108,1,20270111,1,20270112,1,20270113,1,20270114,1,20270115,1,20270118,1,20270119,1,20270120,1,20270121,1,20270122,1,20270125,1,20270126,1,20270127,1,20270128,1,20270129,1,20270201,1,20270202,1,20270203,1,20270204,1,20270205,1,20270208,1,20270209,1,20270210,1,20270211,1,20270212,1,20270216,1,20270217,1,20270218,1,20270219,1,20270222,1,20270223,1,20270224,1,20270225,1,20270226,1,20270301,1,20270302,1,20270303,1,20270304,1,20270305,1,20270308,1,20270309,1,20270310,1,20270311,1,20270312,1,20270315,1,20270316,1,20270317,1,20270318,1,20270319,1,20270322,1,20270323,1,20270324,1,20270325,1,20270330,1,20270331,1,20270401,1,20270402,1,20270405,1,20270406,1,20270407,1,20270408,1,20270409,1,20270412,1,20270413,1,20270414,1,20270415,1,20270416,1,20270419,1,20270420,1,20270421,1,20270422,1,20270423,1,20270426,1,20270427,1,20270428,1,20270429,1,20270430,1,20270503,1,20270504,1,20270505,1,20270506,1,20270507,1,20270510,1,20270511,1,20270512,1,20270513,1,20270514,1,20270517,1,20270518,1,20270519,1,20270520,1,20270521,1,20270525,1,20270526,1,20270527,1,20270528,1,20270531,1,20270601,1,20270602,1,20270603,1,20270604,1,20270607,1,20270608,1,20270609,1,20270610,1,20270611,1,20270614,1,20270615,1,20270616,1,20270617,1,20270618,1,20270621,1,20270622,1,20270623,1,20270624,1,20270625,1,20270628,1,20270629,1,20270630,1,20270702,1,20270705,1,20270706,1
'1373870',20260908,1,20260909,1,20260910,1,20260911,1,20260914,1,20260915,1,20260916,1,20260917,1,20260918,1,20260921,1,20260922,1,20260923,1,20260924,1,20260925,1,20260928,1,20260929,1,20260930,1,20261001,1,20261002,1,20261005,1,20261006,1,20261007,1,20261008,1,20261009,1,20261013,1,20261014,1,20261015,1,20261016,1,20261019,1,20261020,1,20261021,1,20261022,1,20261023,1,20261026,1,20261027,1,20261028,1,20261029,1,20261030,1,20261102,1,20261103,1,20261104,1,20261105,1,20261106,1,20261109,1,20261110,1,20261111,1,20261112,1,20261113,1,20261116,1,20261117,1,20261118,1,20261119,1,20261120,1,20261123,1,20261124,1,20261125,1,20261126,1,20261127,1,20261130,1,20261201,1,20261202,1,20261203,1,20261204,1,20261207,1,20261208,1,20261209,1,20261210,1,20261211,1,20261214,1,20261215,1,20261216,1,20261217,1,20261218,1,20261221,1,20261222,1,20261223,1,20261224,1,20261228,1,20261229,1,20261230,1,20261231,1,20270104,1,20270105,1,20270106,1,20270107,1,20270108,1,20270111,1,20270112,1,20270113,1,20270114,1,20270115,1,20270118,1,20270119,1,20270120,1,20270121,1,20270122,1,20270125,1,20270126,1,20270127,1,20270128,1,20270129,1,20270201,1,20270202,1,20270203,1,20270204,1,20270205,1,20270208,1,20270209,1,20270210,1,20270211,1,20270212,1,20270216,1,20270217,1,20270218,1,20270219,1,20270222,1,20270223,1,20270224,1,20270225,1,20270226,1,20270301,1,20270302,1,20270303,1,20270304,1,20270305,1,20270308,1,20270309,1,20270310,1,20270311,1,20270312,1,20270315,1,20270316,1,20270317,1,20270318,1,20270319,1,20270322,1,20270323,1,20270324,1,20270325,1,20270330,1,20270331,1,20270401,1,20270402,1,20270405,1,20270406,1,20270407,1,20270408,1,20270409,1,20270412,1,20270413,1,20270414,1,20270415,1,20270416,1,20270419,1,20270420,1,20270421,1,20270422,1,20270423,1,20270426,1,20270427,1,20270428,1,20270429,1,20270430,1,20270503,1,20270504,1,20270505,1,20270506,1,20270507,1,20270510,1,20270511,1,20270512,1,20270513,1,20270514,1,20270517,1,20270518,1,20270519,1,20270520,1,20270521,1,20270525,1,20270526,1,20270527,1,20270528,1,20270531,1,20270601,1,20270602,1,20270603,1,20270604,1,20270607,1,20270608,1,20270609,1,20270610,1,20270611,1,20270614,1,20270615,1,20270616,1,20270617,1,20270618,1,20270621,1,20270622,1,20270623,1,20270624,1,20270625,1,20270628,1,20270629,1,20270630,1,20270702,1,20270705,1,20270706,1
'1373872',20260908,1,20260909,1,20260910,1,20260911,1,20260914,1,20260915,1,20260916,1,20260917,1,20260918,1,20260921,1,20260922,1,20260923,1,20260924,1,20260925,1,20260928,1,20260929,1,20260930,1,20261001,1,20261002,1,20261005,1,20261006,1,20261007,1,20261008,1,20261009,1,20261013,1,20261014,1,20261015,1,20261016,1,20261019,1,20261020,1,20261021,1,20261022,1,20261023,1,20261026,1,20261027,1,20261028,1,20261029,1,20261030,1,20261102,1,20261103,1,20261104,1,20261105,1,20261106,1,20261109,1,20261110,1,20261111,1,20261112,1,20261113,1,20261116,1,20261117,1,20261118,1,20261119,1,20261120,1,20261123,1,20261124,1,20261125,1,20261126,1,20261127,1,20261130,1,20261201,1,20261202,1,20261203,1,20261204,1,20261207,1,20261208,1,20261209,1,20261210,1,20261211,1,20261214,1,20261215,1,20261216,1,20261217,1,20261218,1,20261221,1,20261222,1,20261223,1,20261224,1,20261228,1,20261229,1,20261230,1,20261231,1,20270104,1,20270105,1,20270106,1,20270107,1,20270108,1,20270111,1,20270112,1,20270113,1,20270114,1,20270115,1,20270118,1,20270119,1,20270120,1,20270121,1,20270122,1,20270125,1,20270126,1,20270127,1,20270128,1,20270129,1,20270201,1,20270202,1,20270203,1,20270204,1,20270205,1,20270208,1,20270209,1,20270210,1,20270211,1,20270212,1,20270216,1,20270217,1,20270218,1,20270219,1,20270222,1,20270223,1,20270224,1,20270225,1,20270226,1,20270301,1,20270302,1,20270303,1,20270304,1,20270305,1,20270308,1,20270309,1,20270310,1,20270311,1,20270312,1,20270315,1,20270316,1,20270317,1,20270318,1,20270319,1,20270322,1,20270323,1,20270324,1,20270325,1,20270330,1,20270331,1,20270401,1,20270402,1,20270405,1,20270406,1,20270407,1,20270408,1,20270409,1,20270412,1,20270413,1,20270414,1,20270415,1,20270416,1,20270419,1,20270420,1,20270421,1,20270422,1,20270423,1,20270426,1,20270427,1,20270428,1,20270429,1,20270430,1,20270503,1,20270504,1,20270505,1,20270506,1,20270507,1,20270510,1,20270511,1,20270512,1,20270513,1,20270514,1,20270517,1,20270518,1,20270519,1,20270520,1,20270521,1,20270525,1,20270526,1,20270527,1,20270528,1,20270531,1,20270601,1,20270602,1,20270603,1,20270604,1,20270607,1,20270608,1,20270609,1,20270610,1,20270611,1,20270614,1,20270615,1,20270616,1,20270617,1,20270618,1,20270621,1,20270622,1,20270623,1,20270624,1,20270625,1,20270628,1,20270629,1,20270630,1,20270702,1,20270705,1,20270706,1
'1373879',20260908,1,20260909,1,20260910,1,20260911,1,20260914,1,20260915,1,20260916,1,20260917,1,20260918,1,20260921,1,20260922,1,20260923,1,20260924,1,20260925,1,20260928,1,20260929,1,20260930,1,20261001,1,20261002,1,20261005,1,20261006,1,20261007,1,20261008,1,20261009,1,20261013,1,20261014,1,20261015,1,20261016,1,20261019,1,20261020,1,20261021,1,20261022,1,20261023,1,20261026,1,20261027,1,20261028,1,20261029,1,20261030,1,20261102,1,20261103,1,20261104,1,20261105,1,20261106,1,20261109,1,20261110,1,20261111,1,20261112,1,20261113,1,20261116,1,20261117,1,20261118,1,20261119,1,20261120,1,20261123,1,20261124,1,20261125,1,20261126,1,20261127,1,20261130,1,20261201,1,20261202,1,20261203,1,20261204,1,20261207,1,20261208,1,20261209,1,20261210,1,20261211,1,20261214,1,20261215,1,20261216,1,20261217,1,20261218,1,20261221,1,20261222,1,20261223,1,20261224,1,20261228,1,20261229,1,20261230,1,20261231,1,20270104,1,20270105,1,20270106,1,20270107,1,20270108,1,20270111,1,20270112,1,20270113,1,20270114,1,20270115,1,20270118,1,20270119,1,20270120,1,20270121,1,20270122,1,20270125,1,20270126,1,20270127,1,20270128,1,20270129,1,20270201,1,20270202,1,20270203,1,20270204,1,20270205,1,20270208,1,20270209,1,20270210,1,20270211,1,20270212,1,20270216,1,20270217,1,20270218,1,20270219,1,20270222,1,20270223,1,20270224,1,20270225,1,20270226,1,20270301,1,20270302,1,20270303,1,20270304,1,20270305,1,20270308,1,20270309,1,20270310,1,20270311,1,20270312,1,20270315,1,20270316,1,20270317,1,20270318,1,20270319,1,20270322,1,20270323,1,20270324,1,20270325,1,20270330,1,20270331,1,20270401,1,20270402,1,20270405,1,20270406,1,20270407,1,20270408,1,20270409,1,20270412,1,20270413,1,20270414,1,20270415,1,20270416,1,20270419,1,20270420,1,20270421,1,20270422,1,20270423,1,20270426,1,20270427,1,20270428,1,20270429,1,20270430,1,20270503,1,20270504,1,20270505,1,20270506,1,20270507,1,20270510,1,20270511,1,20270512,1,20270513,1,20270514,1,20270517,1,20270518,1,20270519,1,20270520,1,20270521,1,20270525,1,20270526,1,20270527,1,20270528,1,20270531,1,20270601,1,20270602,1,20270603,1,20270604,1,20270607,1,20270608,1,20270609,1,20270610,1,20270611,1,20270614,1,20270615,1,20270616,1,20270617,1,20270618,1,20270621,1,20270622,1,20270623,1,20270624,1,20270625,1,20270628,1,20270629,1,20270630,1,20270702,1,20270705,1,20270706,1
'1373947',20260908,1,20260909,1,20260910,1,20260911,1,20260914,1,20260915,1,20260916,1,20260917,1,20260918,1,20260921,1,20260922,1,20260923,1,20260924,1,20260925,1,20260928,1,20260929,1,20260930,1,20261001,1,20261002,1,20261005,1,20261006,1,20261007,1,20261008,1,20261009,1,20261013,1,20261014,1,20261015,1,20261016,1,20261019,1,20261020,1,20261021,1,20261022,1,20261023,1,20261026,1,20261027,1,20261028,1,20261029,1,20261030,1,20261102,1,20261103,1,20261104,1,20261105,1,20261106,1,20261109,1,20261110,1,20261111,1,20261112,1,20261113,1,20261116,1,20261117,1,20261118,1,20261119,1,20261120,1,20261123,1,20261124,1,20261125,1,20261126,1,20261127,1,20261130,1,20261201,1,20261202,1,20261203,1,20261204,1,20261207,1,20261208,1,20261209,1,20261210,1,20261211,1,20261214,1,20261215,1,20261216,1,20261217,1,20261218,1,20261221,1,20261222,1,20261223,1,20261224,1,20261228,1,20261229,1,20261230,1,20261231,1,20270104,1,20270105,1,20270106,1,20270107,1,20270108,1,20270111,1,20270112,1,20270113,1,20270114,1,20270115,1,20270118,1,20270119,1,20270120,1,20270121,1,20270122,1,20270125,1,20270126,1,20270127,1,20270128,1,20270129,1,20270201,1,20270202,1,20270203,1,20270204,1,20270205,1,20270208,1,20270209,1,20270210,1,20270211,1,20270212,1,20270216,1,20270217,1,20270218,1,20270219,1,20270222,1,20270223,1,20270224,1,20270225,1,20270226,1,20270301,1,20270302,1,20270303,1,20270304,1,20270305,1,20270308,1,20270309,1,20270310,1,20270311,1,20270312,1,20270315,1,20270316,1,20270317,1,20270318,1,20270319,1,20270322,1,20270323,1,20270324,1,20270325,1,20270330,1,20270331,1,20270401,1,20270402,1,20270405,1,20270406,1,20270407,1,20270408,1,20270409,1,20270412,1,20270413,1,20270414,1,20270415,1,20270416,1,20270419,1,20270420,1,20270421,1,20270422,1,20270423,1,20270426,1,20270427,1,20270428,1,20270429,1,20270430,1,20270503,1,20270504,1,20270505,1,20270506,1,20270507,1,20270510,1,20270511,1,20270512,1,20270513,1,20270514,1,20270517,1,20270518,1,20270519,1,20270520,1,20270521,1,20270525,1,20270526,1,20270527,1,20270528,1,20270531,1,20270601,1,20270602,1,20270603,1,20270604,1,20270607,1,20270608,1,20270609,1,20270610,1,20270611,1,20270614,1,20270615,1,20270616,1,20270617,1,20270618,1,20270621,1,20270622,1,20270623,1,20270624,1,20270625,1,20270628,1,20270629,1,20270630,1,20270702,1,20270705,1,20270706,1
'1373953',20260908,1,20260909,1,20260910,1,20260911,1,20260914,1,20260915,1,20260916,1,20260917,1,20260918,1,20260921,1,20260922,1,20260923,1,20260924,1,20260925,1,20260928,1,20260929,1,20260930,1,20261001,1,20261002,1,20261005,1,20261006,1,20261007,1,20261008,1,20261009,1,20261013,1,20261014,1,20261015,1,20261016,1,20261019,1,20261020,1,20261021,1,20261022,1,20261023,1,20261026,1,20261027,1,20261028,1,20261029,1,20261030,1,20261102,1,20261103,1,20261104,1,20261105,1,20261106,1,20261109,1,20261110,1,20261111,1,20261112,1,20261113,1,20261116,1,20261117,1,20261118,1,20261119,1,20261120,1,20261123,1,20261124,1,20261125,1,20261126,1,20261127,1,20261130,1,20261201,1,20261202,1,20261203,1,20261204,1,20261207,1,20261208,1,20261209,1,20261210,1,20261211,1,20261214,1,20261215,1,20261216,1,20261217,1,20261218,1,20261221,1,20261222,1,20261223,1,20261224,1,20261228,1,20261229,1,20261230,1,20261231,1,20270104,1,20270105,1,20270106,1,20270107,1,20270108,1,20270111,1,20270112,1,20270113,1,20270114,1,20270115,1,20270118,1,20270119,1,20270120,1,20270121,1,20270122,1,20270125,1,20270126,1,20270127,1,20270128,1,20270129,1,20270201,1,20270202,1,20270203,1,20270204,1,20270205,1,20270208,1,20270209,1,20270210,1,20270211,1,20270212,1,20270216,1,20270217,1,20270218,1,20270219,1,20270222,1,20270223,1,20270224,1,20270225,1,20270226,1,20270301,1,20270302,1,20270303,1,20270304,1,20270305,1,20270308,1,20270309,1,20270310,1,20270311,1,20270312,1,20270315,1,20270316,1,20270317,1,20270318,1,20270319,1,20270322,1,20270323,1,20270324,1,20270325,1,20270330,1,20270331,1,20270401,1,20270402,1,20270405,1,20270406,1,20270407,1,20270408,1,20270409,1,20270412,1,20270413,1,20270414,1,20270415,1,20270416,1,20270419,1,20270420,1,20270421,1,20270422,1,20270423,1,20270426,1,20270427,1,20270428,1,20270429,1,20270430,1,20270503,1,20270504,1,20270505,1,20270506,1,20270507,1,20270510,1,20270511,1,20270512,1,20270513,1,20270514,1,20270517,1,20270518,1,20270519,1,20270520,1,20270521,1,20270525,1,20270526,1,20270527,1,20270528,1,20270531,1,20270601,1,20270602,1,20270603,1,20270604,1,20270607,1,20270608,1,20270609,1,20270610,1,20270611,1,20270614,1,20270615,1,20270616,1,20270617,1,20270618,1,20270621,1,20270622,1,20270623,1,20270624,1,20270625,1,20270628,1,20270629,1,20270630,1,20270702,1,20270705,1,20270706,1
'1379492',20260908,1,20260909,1,20260910,1,20260911,1,20260914,1,20260915,1,20260916,1,20260917,1,20260918,1,20260921,1,20260922,1,20260923,1,20260924,1,20260925,1,20260928,1,20260929,1,20260930,1,20261001,1,20261002,1,20261005,1,20261006,1,20261007,1,20261008,1,20261009,1,20261013,1,20261014,1,20261015,1,20261016,1,20261019,1,20261020,1,20261021,1,20261022,1,20261023,1,20261026,1,20261027,1,20261028,1,20261029,1,20261030,1,20261102,1,20261103,1,20261104,1,20261105,1,20261106,1,20261109,1,20261110,1,20261111,1,20261112,1,20261113,1,20261116,1,20261117,1,20261118,1,20261119,1,20261120,1,20261123,1,20261124,1,20261125,1,20261126,1,20261127,1,20261130,1,20261201,1,20261202,1,20261203,1,20261204,1,20261207,1,20261208,1,20261209,1,20261210,1,20261211,1,20261214,1,20261215,1,20261216,1,20261217,1,20261218,1,20261221,1,20261222,1,20261223,1,20261224,1,20261228,1,20261229,1,20261230,1,20261231,1,20270104,1,20270105,1,20270106,1,20270107,1,20270108,1,20270111,1,20270112,1,20270113,1,20270114,1,20270115,1,20270118,1,20270119,1,20270120,1,20270121,1,20270122,1,20270125,1,20270126,1,20270127,1,20270128,1,20270129,1,20270201,1,20270202,1,20270203,1,20270204,1,20270205,1,20270208,1,20270209,1,20270210,1,20270211,1,20270212,1,20270216,1,20270217,1,20270218,1,20270219,1,20270222,1,20270223,1,20270224,1,20270225,1,20270226,1,20270301,1,20270302,1,20270303,1,20270304,1,20270305,1,20270308,1,20270309,1,20270310,1,20270311,1,20270312,1,20270315,1,20270316,1,20270317,1,20270318,1,20270319,1,20270322,1,20270323,1,20270324,1,20270325,1,20270330,1,20270331,1,20270401,1,20270402,1,20270405,1,20270406,1,20270407,1,20270408,1,20270409,1,20270412,1,20270413,1,20270414,1,20270415,1,20270416,1,20270419,1,20270420,1,20270421,1,20270422,1,20270423,1,20270426,1,20270427,1,20270428,1,20270429,1,20270430,1,20270503,1,20270504,1,20270505,1,20270506,1,20270507,1,20270510,1,20270511,1,20270512,1,20270513,1,20270514,1,20270517,1,20270518,1,20270519,1,20270520,1,20270521,1,20270525,1,20270526,1,20270527,1,20270528,1,20270531,1,20270601,1,20270602,1,20270603,1,20270604,1,20270607,1,20270608,1,20270609,1,20270610,1,20270611,1,20270614,1,20270615,1,20270616,1,20270617,1,20270618,1,20270621,1,20270622,1,20270623,1,20270624,1,20270625,1,20270628,1,20270629,1,20270630,1,20270702,1,20270705,1,20270706,1
'1480307',20260908,1,20260909,1,20260910,1,20260911,1,20260914,1,20260915,1,20260916,1,20260917,1,20260918,1,20260921,1,20260922,1,20260923,1,20260924,1,20260925,1,20260928,1,20260929,1,20260930,1,20261001,1,20261002,1,20261005,1,20261006,1,20261007,1,20261008,1,20261009,1,20261013,1,20261014,1,20261015,1,20261016,1,20261019,1,20261020,1,20261021,1,20261022,1,20261023,1,20261026,1,20261027,1,20261028,1,20261029,1,20261030,1,20261102,1,20261103,1,20261104,1,20261105,1,20261106,1,20261109,1,20261110,1,20261111,1,20261112,1,20261113,1,20261116,1,20261117,1,20261118,1,20261119,1,20261120,1,20261123,1,20261124,1,20261125,1,20261126,1,20261127,1,20261130,1,20261201,1,20261202,1,20261203,1,20261204,1,20261207,1,20261208,1,20261209,1,20261210,1,20261211,1,20261214,1,20261215,1,20261216,1,20261217,1,20261218,1,20261221,1,20261222,1,20261223,1,20261224,1,20261228,1,20261229,1,20261230,1,20261231,1,20270104,1,20270105,1,20270106,1,20270107,1,20270108,1,20270111,1,20270112,1,20270113,1,20270114,1,20270115,1,20270118,1,20270119,1,20270120,1,20270121,1,20270122,1,20270125,1,20270126,1,20270127,1,20270128,1,20270129,1,20270201,1,20270202,1,20270203,1,20270204,1,20270205,1,20270208,1,20270209,1,20270210,1,20270211,1,20270212,1,20270216,1,20270217,1,20270218,1,20270219,1,20270222,1,20270223,1,20270224,1,20270225,1,20270226,1,20270301,1,20270302,1,20270303,1,20270304,1,20270305,1,20270308,1,20270309,1,20270310,1,20270311,1,20270312,1,20270315,1,20270316,1,20270317,1,20270318,1,20270319,1,20270322,1,20270323,1,20270324,1,20270325,1,20270330,1,20270331,1,20270401,1,20270402,1,20270405,1,20270406,1,20270407,1,20270408,1,20270409,1,20270412,1,20270413,1,20270414,1,20270415,1,20270416,1,20270419,1,20270420,1,20270421,1,20270422,1,20270423,1,20270426,1,20270427,1,20270428,1,20270429,1,20270430,1,20270503,1,20270504,1,20270505,1,20270506,1,20270507,1,20270510,1,20270511,1,20270512,1,20270513,1,20270514,1,20270517,1,20270518,1,20270519,1,20270520,1,20270521,1,20270525,1,20270526,1,20270527,1,20270528,1,20270531,1,20270601,1,20270602,1,20270603,1,20270604,1,20270607,1,20270608,1,20270609,1,20270610,1,20270611,1,20270614,1,20270615,1,20270616,1,20270617,1,20270618,1,20270621,1,20270622,1,20270623,1,20270624,1,20270625,1,20270628,1,20270629,1,20270630,1,20270702,1,20270705,1,20270706,1
'1480308',20260908,1,20260909,1,20260910,1,20260911,1,20260914,1,20260915,1,20260916,1,20260917,1,20260918,1,20260921,1,20260922,1,20260923,1,20260924,1,20260925,1,20260928,1,20260929,1,20260930,1,20261001,1,20261002,1,20261005,1,20261006,1,20261007,1,20261008,1,20261009,1,20261013,1,20261014,1,20261015,1,20261016,1,20261019,1,20261020,1,20261021,1,20261022,1,20261023,1,20261026,1,20261027,1,20261028,1,20261029,1,20261030,1,20261102,1,20261103,1,20261104,1,20261105,1,20261106,1,20261109,1,20261110,1,20261111,1,20261112,1,20261113,1,20261116,1,20261117,1,20261118,1,20261119,1,20261120,1,20261123,1,20261124,1,20261125,1,20261126,1,20261127,1,20261130,1,20261201,1,20261202,1,20261203,1,20261204,1,20261207,1,20261208,1,20261209,1,20261210,1,20261211,1,20261214,1,20261215,1,20261216,1,20261217,1,20261218,1,20261221,1,20261222,1,20261223,1,20261224,1,20261228,1,20261229,1,20261230,1,20261231,1,20270104,1,20270105,1,20270106,1,20270107,1,20270108,1,20270111,1,20270112,1,20270113,1,20270114,1,20270115,1,20270118,1,20270119,1,20270120,1,20270121,1,20270122,1,20270125,1,20270126,1,20270127,1,20270128,1,20270129,1,20270201,1,20270202,1,20270203,1,20270204,1,20270205,1,20270208,1,20270209,1,20270210,1,20270211,1,20270212,1,20270216,1,20270217,1,20270218,1,20270219,1,20270222,1,20270223,1,20270224,1,20270225,1,20270226,1,20270301,1,20270302,1,20270303,1,20270304,1,20270305,1,20270308,1,20270309,1,20270310,1,20270311,1,20270312,1,20270315,1,20270316,1,20270317,1,20270318,1,20270319,1,20270322,1,20270323,1,20270324,1,20270325,1,20270330,1,20270331,1,20270401,1,20270402,1,20270405,1,20270406,1,20270407,1,20270408,1,20270409,1,20270412,1,20270413,1,20270414,1,20270415,1,20270416,1,20270419,1,20270420,1,20270421,1,20270422,1,20270423,1,20270426,1,20270427,1,20270428,1,20270429,1,20270430,1,20270503,1,20270504,1,20270505,1,20270506,1,20270507,1,20270510,1,20270511,1,20270512,1,20270513,1,20270514,1,20270517,1,20270518,1,20270519,1,20270520,1,20270521,1,20270525,1,20270526,1,20270527,1,20270528,1,20270531,1,20270601,1,20270602,1,20270603,1,20270604,1,20270607,1,20270608,1,20270609,1,20270610,1,20270611,1,20270614,1,20270615,1,20270616,1,20270617,1,20270618,1,20270621,1,20270622,1,20270623,1,20270624,1,20270625,1,20270628,1,20270629,1,20270630,1,20270702,1,20270705,1,20270706,1
'1480309',20260908,1,20260909,1,20260910,1,20260911,1,20260914,1,20260915,1,20260916,1,20260917,1,20260918,1,20260921,1,20260922,1,20260923,1,20260924,1,20260925,1,20260928,1,20260929,1,20260930,1,20261001,1,20261002,1,20261005,1,20261006,1,20261007,1,20261008,1,20261009,1,20261013,1,20261014,1,20261015,1,20261016,1,20261019,1,20261020,1,20261021,1,20261022,1,20261023,1,20261026,1,20261027,1,20261028,1,20261029,1,20261030,1,20261102,1,20261103,1,20261104,1,20261105,1,20261106,1,20261109,1,20261110,1,20261111,1,20261112,1,20261113,1,20261116,1,20261117,1,20261118,1,20261119,1,20261120,1,20261123,1,20261124,1,20261125,1,20261126,1,20261127,1,20261130,1,20261201,1,20261202,1,20261203,1,20261204,1,20261207,1,20261208,1,20261209,1,20261210,1,20261211,1,20261214,1,20261215,1,20261216,1,20261217,1,20261218,1,20261221,1,20261222,1,20261223,1,20261224,1,20261228,1,20261229,1,20261230,1,20261231,1,20270104,1,20270105,1,20270106,1,20270107,1,20270108,1,20270111,1,20270112,1,20270113,1,20270114,1,20270115,1,20270118,1,20270119,1,20270120,1,20270121,1,20270122,1,20270125,1,20270126,1,20270127,1,20270128,1,20270129,1,20270201,1,20270202,1,20270203,1,20270204,1,20270205,1,20270208,1,20270209,1,20270210,1,20270211,1,20270212,1,20270216,1,20270217,1,20270218,1,20270219,1,20270222,1,20270223,1,20270224,1,20270225,1,20270226,1,20270301,1,20270302,1,20270303,1,20270304,1,20270305,1,20270308,1,20270309,1,20270310,1,20270311,1,20270312,1,20270315,1,20270316,1,20270317,1,20270318,1,20270319,1,20270322,1,20270323,1,20270324,1,20270325,1,20270330,1,20270331,1,20270401,1,20270402,1,20270405,1,20270406,1,20270407,1,20270408,1,20270409,1,20270412,1,20270413,1,20270414,1,20270415,1,20270416,1,20270419,1,20270420,1,20270421,1,20270422,1,20270423,1,20270426,1,20270427,1,20270428,1,20270429,1,20270430,1,20270503,1,20270504,1,20270505,1,20270506,1,20270507,1,20270510,1,20270511,1,20270512,1,20270513,1,20270514,1,20270517,1,20270518,1,20270519,1,20270520,1,20270521,1,20270525,1,20270526,1,20270527,1,20270528,1,20270531,1,20270601,1,20270602,1,20270603,1,20270604,1,20270607,1,20270608,1,20270609,1,20270610,1,20270611,1,20270614,1,20270615,1,20270616,1,20270617,1,20270618,1,20270621,1,20270622,1,20270623,1,20270624,1,20270625,1,20270628,1,20270629,1,20270630,1,20270702,1,20270705,1,20270706,1
'1480310',20260908,1,20260909,1,20260910,1,20260911,1,20260914,1,20260915,1,20260916,1,20260917,1,20260918,1,20260921,1,20260922,1,20260923,1,20260924,1,20260925,1,20260928,1,20260929,1,20260930,1,20261001,1,20261002,1,20261005,1,20261006,1,20261007,1,20261008,1,20261009,1,20261013,1,20261014,1,20261015,1,20261016,1,20261019,1,20261020,1,20261021,1,20261022,1,20261023,1,20261026,1,20261027,1,20261028,1,20261029,1,20261030,1,20261102,1,20261103,1,20261104,1,20261105,1,20261106,1,20261109,1,20261110,1,20261111,1,20261112,1,20261113,1,20261116,1,20261117,1,20261118,1,20261119,1,20261120,1,20261123,1,20261124,1,20261125,1,20261126,1,20261127,1,20261130,1,20261201,1,20261202,1,20261203,1,20261204,1,20261207,1,20261208,1,20261209,1,20261210,1,20261211,1,20261214,1,20261215,1,20261216,1,20261217,1,20261218,1,20261221,1,20261222,1,20261223,1,20261224,1,20261228,1,20261229,1,20261230,1,20261231,1,20270104,1,20270105,1,20270106,1,20270107,1,20270108,1,20270111,1,20270112,1,20270113,1,20270114,1,20270115,1,20270118,1,20270119,1,20270120,1,20270121,1,20270122,1,20270125,1,20270126,1,20270127,1,20270128,1,20270129,1,20270201,1,20270202,1,20270203,1,20270204,1,20270205,1,20270208,1,20270209,1,20270210,1,20270211,1,20270212,1,20270216,1,20270217,1,20270218,1,20270219,1,20270222,1,20270223,1,20270224,1,20270225,1,20270226,1,20270301,1,20270302,1,20270303,1,20270304,1,20270305,1,20270308,1,20270309,1,20270310,1,20270311,1,20270312,1,20270315,1,20270316,1,20270317,1,20270318,1,20270319,1,20270322,1,20270323,1,20270324,1,20270325,1,20270330,1,20270331,1,20270401,1,20270402,1,20270405,1,20270406,1,20270407,1,20270408,1,20270409,1,20270412,1,20270413,1,20270414,1,20270415,1,20270416,1,20270419,1,20270420,1,20270421,1,20270422,1,20270423,1,20270426,1,20270427,1,20270428,1,20270429,1,20270430,1,20270503,1,20270504,1,20270505,1,20270506,1,20270507,1,20270510,1,20270511,1,20270512,1,20270513,1,20270514,1,20270517,1,20270518,1,20270519,1,20270520,1,20270521,1,20270525,1,20270526,1,20270527,1,20270528,1,20270531,1,20270601,1,20270602,1,20270603,1,20270604,1,20270607,1,20270608,1,20270609,1,20270610,1,20270611,1,20270614,1,20270615,1,20270616,1,20270617,1,20270618,1,20270621,1,20270622,1,20270623,1,20270624,1,20270625,1,20270628,1,20270629,1,20270630,1,20270702,1,20270705,1,20270706,1
'1480311',20260908,1,20260909,1,20260910,1,20260911,1,20260914,1,20260915,1,20260916,1,20260917,1,20260918,1,20260921,1,20260922,1,20260923,1,20260924,1,20260925,1,20260928,1,20260929,1,20260930,1,20261001,1,20261002,1,20261005,1,20261006,1,20261007,1,20261008,1,20261009,1,20261013,1,20261014,1,20261015,1,20261016,1,20261019,1,20261020,1,20261021,1,20261022,1,20261023,1,20261026,1,20261027,1,20261028,1,20261029,1,20261030,1,20261102,1,20261103,1,20261104,1,20261105,1,20261106,1,20261109,1,20261110,1,20261111,1,20261112,1,20261113,1,20261116,1,20261117,1,20261118,1,20261119,1,20261120,1,20261123,1,20261124,1,20261125,1,20261126,1,20261127,1,20261130,1,20261201,1,20261202,1,20261203,1,20261204,1,20261207,1,20261208,1,20261209,1,20261210,1,20261211,1,20261214,1,20261215,1,20261216,1,20261217,1,20261218,1,20261221,1,20261222,1,20261223,1,20261224,1,20261228,1,20261229,1,20261230,1,20261231,1,20270104,1,20270105,1,20270106,1,20270107,1,20270108,1,20270111,1,20270112,1,20270113,1,20270114,1,20270115,1,20270118,1,20270119,1,20270120,1,20270121,1,20270122,1,20270125,1,20270126,1,20270127,1,20270128,1,20270129,1,20270201,1,20270202,1,20270203,1,20270204,1,20270205,1,20270208,1,20270209,1,20270210,1,20270211,1,20270212,1,20270216,1,20270217,1,20270218,1,20270219,1,20270222,1,20270223,1,20270224,1,20270225,1,20270226,1,20270301,1,20270302,1,20270303,1,20270304,1,20270305,1,20270308,1,20270309,1,20270310,1,20270311,1,20270312,1,20270315,1,20270316,1,20270317,1,20270318,1,20270319,1,20270322,1,20270323,1,20270324,1,20270325,1,20270330,1,20270331,1,20270401,1,20270402,1,20270405,1,20270406,1,20270407,1,20270408,1,20270409,1,20270412,1,20270413,1,20270414,1,20270415,1,20270416,1,20270419,1,20270420,1,20270421,1,20270422,1,20270423,1,20270426,1,20270427,1,20270428,1,20270429,1,20270430,1,20270503,1,20270504,1,20270505,1,20270506,1,20270507,1,20270510,1,20270511,1,20270512,1,20270513,1,20270514,1,20270517,1,20270518,1,20270519,1,20270520,1,20270521,1,20270525,1,20270526,1,20270527,1,20270528,1,20270531,1,20270601,1,20270602,1,20270603,1,20270604,1,20270607,1,20270608,1,20270609,1,20270610,1,20270611,1,20270614,1,20270615,1,20270616,1,20270617,1,20270618,1,20270621,1,20270622,1,20270623,1,20270624,1,20270625,1,20270628,1,20270629,1,20270630,1,20270702,1,20270705,1,20270706,1
'1480312',20260908,1,20260909,1,20260910,1,20260911,1,20260914,1,20260915,1,20260916,1,20260917,1,20260918,1,20260921,1,20260922,1,20260923,1,20260924,1,20260925,1,20260928,1,20260929,1,20260930,1,20261001,1,20261002,1,20261005,1,20261006,1,20261007,1,20261008,1,20261009,1,20261013,1,20261014,1,20261015,1,20261016,1,20261019,1,20261020,1,20261021,1,20261022,1,20261023,1,20261026,1,20261027,1,20261028,1,20261029,1,20261030,1,20261102,1,20261103,1,20261104,1,20261105,1,20261106,1,20261109,1,20261110,1,20261111,1,20261112,1,20261113,1,20261116,1,20261117,1,20261118,1,20261119,1,20261120,1,20261123,1,20261124,1,20261125,1,20261126,1,20261127,1,20261130,1,20261201,1,20261202,1,20261203,1,20261204,1,20261207,1,20261208,1,20261209,1,20261210,1,20261211,1,20261214,1,20261215,1,20261216,1,20261217,1,20261218,1,20261221,1,20261222,1,20261223,1,20261224,1,20261228,1,20261229,1,20261230,1,20261231,1,20270104,1,20270105,1,20270106,1,20270107,1,20270108,1,20270111,1,20270112,1,20270113,1,20270114,1,20270115,1,20270118,1,20270119,1,20270120,1,20270121,1,20270122,1,20270125,1,20270126,1,20270127,1,20270128,1,20270129,1,20270201,1,20270202,1,20270203,1,20270204,1,20270205,1,20270208,1,20270209,1,20270210,1,20270211,1,20270212,1,20270216,1,20270217,1,20270218,1,20270219,1,20270222,1,20270223,1,20270224,1,20270225,1,20270226,1,20270301,1,20270302,1,20270303,1,20270304,1,20270305,1,20270308,1,20270309,1,20270310,1,20270311,1,20270312,1,20270315,1,20270316,1,20270317,1,20270318,1,20270319,1,20270322,1,20270323,1,20270324,1,20270325,1,20270330,1,20270331,1,20270401,1,20270402,1,20270405,1,20270406,1,20270407,1,20270408,1,20270409,1,20270412,1,20270413,1,20270414,1,20270415,1,20270416,1,20270419,1,20270420,1,20270421,1,20270422,1,20270423,1,20270426,1,20270427,1,20270428,1,20270429,1,20270430,1,20270503,1,20270504,1,20270505,1,20270506,1,20270507,1,20270510,1,20270511,1,20270512,1,20270513,1,20270514,1,20270517,1,20270518,1,20270519,1,20270520,1,20270521,1,20270525,1,20270526,1,20270527,1,20270528,1,20270531,1,20270601,1,20270602,1,20270603,1,20270604,1,20270607,1,20270608,1,20270609,1,20270610,1,20270611,1,20270614,1,20270615,1,20270616,1,20270617,1,20270618,1,20270621,1,20270622,1,20270623,1,20270624,1,20270625,1,20270628,1,20270629,1,20270630,1,20270702,1,20270705,1,20270706,1
'1480313',20260908,1,20260909,1,20260910,1,20260911,1,20260914,1,20260915,1,20260916,1,20260917,1,20260918,1,20260921,1,20260922,1,20260923,1,20260924,1,20260925,1,20260928,1,20260929,1,20260930,1,20261001,1,20261002,1,20261005,1,20261006,1,20261007,1,20261008,1,20261009,1,20261013,1,20261014,1,20261015,1,20261016,1,20261019,1,20261020,1,20261021,1,20261022,1,20261023,1,20261026,1,20261027,1,20261028,1,20261029,1,20261030,1,20261102,1,20261103,1,20261104,1,20261105,1,20261106,1,20261109,1,20261110,1,20261111,1,20261112,1,20261113,1,20261116,1,20261117,1,20261118,1,20261119,1,20261120,1,20261123,1,20261124,1,20261125,1,20261126,1,20261127,1,20261130,1,20261201,1,20261202,1,20261203,1,20261204,1,20261207,1,20261208,1,20261209,1,20261210,1,20261211,1,20261214,1,20261215,1,20261216,1,20261217,1,20261218,1,20261221,1,20261222,1,20261223,1,20261224,1,20261228,1,20261229,1,20261230,1,20261231,1,20270104,1,20270105,1,20270106,1,20270107,1,20270108,1,20270111,1,20270112,1,20270113,1,20270114,1,20270115,1,20270118,1,20270119,1,20270120,1,20270121,1,20270122,1,20270125,1,20270126,1,20270127,1,20270128,1,20270129,1,20270201,1,20270202,1,20270203,1,20270204,1,20270205,1,20270208,1,20270209,1,20270210,1,20270211,1,20270212,1,20270216,1,20270217,1,20270218,1,20270219,1,20270222,1,20270223,1,20270224,1,20270225,1,20270226,1,20270301,1,20270302,1,20270303,1,20270304,1,20270305,1,20270308,1,20270309,1,20270310,1,20270311,1,20270312,1,20270315,1,20270316,1,20270317,1,20270318,1,20270319,1,20270322,1,20270323,1,20270324,1,20270325,1,20270330,1,20270331,1,20270401,1,20270402,1,20270405,1,20270406,1,20270407,1,20270408,1,20270409,1,20270412,1,20270413,1,20270414,1,20270415,1,20270416,1,20270419,1,20270420,1,20270421,1,20270422,1,20270423,1,20270426,1,20270427,1,20270428,1,20270429,1,20270430,1,20270503,1,20270504,1,20270505,1,20270506,1,20270507,1,20270510,1,20270511,1,20270512,1,20270513,1,20270514,1,20270517,1,20270518,1,20270519,1,20270520,1,20270521,1,20270525,1,20270526,1,20270527,1,20270528,1,20270531,1,20270601,1,20270602,1,20270603,1,20270604,1,20270607,1,20270608,1,20270609,1,20270610,1,20270611,1,20270614,1,20270615,1,20270616,1,20270617,1,20270618,1,20270621,1,20270622,1,20270623,1,20270624,1,20270625,1,20270628,1,20270629,1,20270630,1,20270702,1,20270705,1,20270706,1
'1480314',20260908,1,20260909,1,20260910,1,20260911,1,20260914,1,20260915,1,20260916,1,20260917,1,20260918,1,20260921,1,20260922,1,20260923,1,20260924,1,20260925,1,20260928,1,20260929,1,20260930,1,20261001,1,20261002,1,20261005,1,20261006,1,20261007,1,20261008,1,20261009,1,20261013,1,20261014,1,20261015,1,20261016,1,20261019,1,20261020,1,20261021,1,20261022,1,20261023,1,20261026,1,20261027,1,20261028,1,20261029,1,20261030,1,20261102,1,20261103,1,20261104,1,20261105,1,20261106,1,20261109,1,20261110,1,20261111,1,20261112,1,20261113,1,20261116,1,20261117,1,20261118,1,20261119,1,20261120,1,20261123,1,20261124,1,20261125,1,20261126,1,20261127,1,20261130,1,20261201,1,20261202,1,20261203,1,20261204,1,20261207,1,20261208,1,20261209,1,20261210,1,20261211,1,20261214,1,20261215,1,20261216,1,20261217,1,20261218,1,20261221,1,20261222,1,20261223,1,20261224,1,20261228,1,20261229,1,20261230,1,20261231,1,20270104,1,20270105,1,20270106,1,20270107,1,20270108,1,20270111,1,20270112,1,20270113,1,20270114,1,20270115,1,20270118,1,20270119,1,20270120,1,20270121,1,20270122,1,20270125,1,20270126,1,20270127,1,20270128,1,20270129,1,20270201,1,20270202,1,20270203,1,20270204,1,20270205,1,20270208,1,20270209,1,20270210,1,20270211,1,20270212,1,20270216,1,20270217,1,20270218,1,20270219,1,20270222,1,20270223,1,20270224,1,20270225,1,20270226,1,20270301,1,20270302,1,20270303,1,20270304,1,20270305,1,20270308,1,20270309,1,20270310,1,20270311,1,20270312,1,20270315,1,20270316,1,20270317,1,20270318,1,20270319,1,20270322,1,20270323,1,20270324,1,20270325,1,20270330,1,20270331,1,20270401,1,20270402,1,20270405,1,20270406,1,20270407,1,20270408,1,20270409,1,20270412,1,20270413,1,20270414,1,20270415,1,20270416,1,20270419,1,20270420,1,20270421,1,20270422,1,20270423,1,20270426,1,20270427,1,20270428,1,20270429,1,20270430,1,20270503,1,20270504,1,20270505,1,20270506,1,20270507,1,20270510,1,20270511,1,20270512,1,20270513,1,20270514,1,20270517,1,20270518,1,20270519,1,20270520,1,20270521,1,20270525,1,20270526,1,20270527,1,20270528,1,20270531,1,20270601,1,20270602,1,20270603,1,20270604,1,20270607,1,20270608,1,20270609,1,20270610,1,20270611,1,20270614,1,20270615,1,20270616,1,20270617,1,20270618,1,20270621,1,20270622,1,20270623,1,20270624,1,20270625,1,20270628,1,20270629,1,20270630,1,20270702,1,20270705,1,20270706,1
'1480315',20260908,1,20260909,1,20260910,1,20260911,1,20260914,1,20260915,1,20260916,1,20260917,1,20260918,1,20260921,1,20260922,1,20260923,1,20260924,1,20260925,1,20260928,1,20260929,1,20260930,1,20261001,1,20261002,1,20261005,1,20261006,1,20261007,1,20261008,1,20261009,1,20261013,1,20261014,1,20261015,1,20261016,1,20261019,1,20261020,1,20261021,1,20261022,1,20261023,1,20261026,1,20261027,1,20261028,1,20261029,1,20261030,1,20261102,1,20261103,1,20261104,1,20261105,1,20261106,1,20261109,1,20261110,1,20261111,1,20261112,1,20261113,1,20261116,1,20261117,1,20261118,1,20261119,1,20261120,1,20261123,1,20261124,1,20261125,1,20261126,1,20261127,1,20261130,1,20261201,1,20261202,1,20261203,1,20261204,1,20261207,1,20261208,1,20261209,1,20261210,1,20261211,1,20261214,1,20261215,1,20261216,1,20261217,1,20261218,1,20261221,1,20261222,1,20261223,1,20261224,1,20261228,1,20261229,1,20261230,1,20261231,1,20270104,1,20270105,1,20270106,1,20270107,1,20270108,1,20270111,1,20270112,1,20270113,1,20270114,1,20270115,1,20270118,1,20270119,1,20270120,1,20270121,1,20270122,1,20270125,1,20270126,1,20270127,1,20270128,1,20270129,1,20270201,1,20270202,1,20270203,1,20270204,1,20270205,1,20270208,1,20270209,1,20270210,1,20270211,1,20270212,1,20270216,1,20270217,1,20270218,1,20270219,1,20270222,1,20270223,1,20270224,1,20270225,1,20270226,1,20270301,1,20270302,1,20270303,1,20270304,1,20270305,1,20270308,1,20270309,1,20270310,1,20270311,1,20270312,1,20270315,1,20270316,1,20270317,1,20270318,1,20270319,1,20270322,1,20270323,1,20270324,1,20270325,1,20270330,1,20270331,1,20270401,1,20270402,1,20270405,1,20270406,1,20270407,1,20270408,1,20270409,1,20270412,1,20270413,1,20270414,1,20270415,1,20270416,1,20270419,1,20270420,1,20270421,1,20270422,1,20270423,1,20270426,1,20270427,1,20270428,1,20270429,1,20270430,1,20270503,1,20270504,1,20270505,1,20270506,1,20270507,1,20270510,1,20270511,1,20270512,1,20270513,1,20270514,1,20270517,1,20270518,1,20270519,1,20270520,1,20270521,1,20270525,1,20270526,1,20270527,1,20270528,1,20270531,1,20270601,1,20270602,1,20270603,1,20270604,1,20270607,1,20270608,1,20270609,1,20270610,1,20270611,1,20270614,1,20270615,1,20270616,1,20270617,1,20270618,1,20270621,1,20270622,1,20270623,1,20270624,1,20270625,1,20270628,1,20270629,1,20270630,1,20270702,1,20270705,1,20270706,1
'1480317',20260908,1,20260909,1,20260910,1,20260911,1,20260914,1,20260915,1,20260916,1,20260917,1,20260918,1,20260921,1,20260922,1,20260923,1,20260924,1,20260925,1,20260928,1,20260929,1,20260930,1,20261001,1,20261002,1,20261005,1,20261006,1,20261007,1,20261008,1,20261009,1,20261013,1,20261014,1,20261015,1,20261016,1,20261019,1,20261020,1,20261021,1,20261022,1,20261023,1,20261026,1,20261027,1,20261028,1,20261029,1,20261030,1,20261102,1,20261103,1,20261104,1,20261105,1,20261106,1,20261109,1,20261110,1,20261111,1,20261112,1,20261113,1,20261116,1,20261117,1,20261118,1,20261119,1,20261120,1,20261123,1,20261124,1,20261125,1,20261126,1,20261127,1,20261130,1,20261201,1,20261202,1,20261203,1,20261204,1,20261207,1,20261208,1,20261209,1,20261210,1,20261211,1,20261214,1,20261215,1,20261216,1,20261217,1,20261218,1,20261221,1,20261222,1,20261223,1,20261224,1,20261228,1,20261229,1,20261230,1,20261231,1,20270104,1,20270105,1,20270106,1,20270107,1,20270108,1,20270111,1,20270112,1,20270113,1,20270114,1,20270115,1,20270118,1,20270119,1,20270120,1,20270121,1,20270122,1,20270125,1,20270126,1,20270127,1,20270128,1,20270129,1,20270201,1,20270202,1,20270203,1,20270204,1,20270205,1,20270208,1,20270209,1,20270210,1,20270211,1,20270212,1,20270216,1,20270217,1,20270218,1,20270219,1,20270222,1,20270223,1,20270224,1,20270225,1,20270226,1,20270301,1,20270302,1,20270303,1,20270304,1,20270305,1,20270308,1,20270309,1,20270310,1,20270311,1,20270312,1,20270315,1,20270316,1,20270317,1,20270318,1,20270319,1,20270322,1,20270323,1,20270324,1,20270325,1,20270330,1,20270331,1,20270401,1,20270402,1,20270405,1,20270406,1,20270407,1,20270408,1,20270409,1,20270412,1,20270413,1,20270414,1,20270415,1,20270416,1,20270419,1,20270420,1,20270421,1,20270422,1,20270423,1,20270426,1,20270427,1,20270428,1,20270429,1,20270430,1,20270503,1,20270504,1,20270505,1,20270506,1,20270507,1,20270510,1,20270511,1,20270512,1,20270513,1,20270514,1,20270517,1,20270518,1,20270519,1,20270520,1,20270521,1,20270525,1,20270526,1,20270527,1,20270528,1,20270531,1,20270601,1,20270602,1,20270603,1,20270604,1,20270607,1,20270608,1,20270609,1,20270610,1,20270611,1,20270614,1,20270615,1,20270616,1,20270617,1,20270618,1,20270621,1,20270622,1,20270623,1,20270624,1,20270625,1,20270628,1,20270629,1,20270630,1,20270702,1,20270705,1,20270706,1
'1480318',20260908,1,20260909,1,20260910,1,20260911,1,20260914,1,20260915,1,20260916,1,20260917,1,20260918,1,20260921,1,20260922,1,20260923,1,20260924,1,20260925,1,20260928,1,20260929,1,20260930,1,20261001,1,20261002,1,20261005,1,20261006,1,20261007,1,20261008,1,20261009,1,20261013,1,20261014,1,20261015,1,20261016,1,20261019,1,20261020,1,20261021,1,20261022,1,20261023,1,20261026,1,20261027,1,20261028,1,20261029,1,20261030,1,20261102,1,20261103,1,20261104,1,20261105,1,20261106,1,20261109,1,20261110,1,20261111,1,20261112,1,20261113,1,20261116,1,20261117,1,20261118,1,20261119,1,20261120,1,20261123,1,20261124,1,20261125,1,20261126,1,20261127,1,20261130,1,20261201,1,20261202,1,20261203,1,20261204,1,20261207,1,20261208,1,20261209,1,20261210,1,20261211,1,20261214,1,20261215,1,20261216,1,20261217,1,20261218,1,20261221,1,20261222,1,20261223,1,20261224,1,20261228,1,20261229,1,20261230,1,20261231,1,20270104,1,20270105,1,20270106,1,20270107,1,20270108,1,20270111,1,20270112,1,20270113,1,20270114,1,20270115,1,20270118,1,20270119,1,20270120,1,20270121,1,20270122,1,20270125,1,20270126,1,20270127,1,20270128,1,20270129,1,20270201,1,20270202,1,20270203,1,20270204,1,20270205,1,20270208,1,20270209,1,20270210,1,20270211,1,20270212,1,20270216,1,20270217,1,20270218,1,20270219,1,20270222,1,20270223,1,20270224,1,20270225,1,20270226,1,20270301,1,20270302,1,20270303,1,20270304,1,20270305,1,20270308,1,20270309,1,20270310,1,20270311,1,20270312,1,20270315,1,20270316,1,20270317,1,20270318,1,20270319,1,20270322,1,20270323,1,20270324,1,20270325,1,20270330,1,20270331,1,20270401,1,20270402,1,20270405,1,20270406,1,20270407,1,20270408,1,20270409,1,20270412,1,20270413,1,20270414,1,20270415,1,20270416,1,20270419,1,20270420,1,20270421,1,20270422,1,20270423,1,20270426,1,20270427,1,20270428,1,20270429,1,20270430,1,20270503,1,20270504,1,20270505,1,20270506,1,20270507,1,20270510,1,20270511,1,20270512,1,20270513,1,20270514,1,20270517,1,20270518,1,20270519,1,20270520,1,20270521,1,20270525,1,20270526,1,20270527,1,20270528,1,20270531,1,20270601,1,20270602,1,20270603,1,20270604,1,20270607,1,20270608,1,20270609,1,20270610,1,20270611,1,20270614,1,20270615,1,20270616,1,20270617,1,20270618,1,20270621,1,20270622,1,20270623,1,20270624,1,20270625,1,20270628,1,20270629,1,20270630,1,20270702,1,20270705,1,20270706,1
'1486238',20260908,1,20260909,1,20260910,1,20260911,1,20260914,1,20260915,1,20260916,1,20260917,1,20260918,1,20260921,1,20260922,1,20260923,1,20260924,1,20260925,1,20260928,1,20260929,1,20260930,1,20261001,1,20261002,1,20261005,1,20261006,1,20261007,1,20261008,1,20261009,1,20261013,1,20261014,1,20261015,1,20261016,1,20261019,1,20261020,1,20261021,1,20261022,1,20261023,1,20261026,1,20261027,1,20261028,1,20261029,1,20261030,1,20261102,1,20261103,1,20261104,1,20261105,1,20261106,1,20261109,1,20261110,1,20261111,1,20261112,1,20261113,1,20261116,1,20261117,1,20261118,1,20261119,1,20261120,1,20261123,1,20261124,1,20261125,1,20261126,1,20261127,1,20261130,1,20261201,1,20261202,1,20261203,1,20261204,1,20261207,1,20261208,1,20261209,1,20261210,1,20261211,1,20261214,1,20261215,1,20261216,1,20261217,1,20261218,1,20261221,1,20261222,1,20261223,1,20261224,1,20261228,1,20261229,1,20261230,1,20261231,1,20270104,1,20270105,1,20270106,1,20270107,1,20270108,1,20270111,1,20270112,1,20270113,1,20270114,1,20270115,1,20270118,1,20270119,1,20270120,1,20270121,1,20270122,1,20270125,1,20270126,1,20270127,1,20270128,1,20270129,1,20270201,1,20270202,1,20270203,1,20270204,1,20270205,1,20270208,1,20270209,1,20270210,1,20270211,1,20270212,1,20270216,1,20270217,1,20270218,1,20270219,1,20270222,1,20270223,1,20270224,1,20270225,1,20270226,1,20270301,1,20270302,1,20270303,1,20270304,1,20270305,1,20270308,1,20270309,1,20270310,1,20270311,1,20270312,1,20270315,1,20270316,1,20270317,1,20270318,1,20270319,1,20270322,1,20270323,1,20270324,1,20270325,1,20270330,1,20270331,1,20270401,1,20270402,1,20270405,1,20270406,1,20270407,1,20270408,1,20270409,1,20270412,1,20270413,1,20270414,1,20270415,1,20270416,1,20270419,1,20270420,1,20270421,1,20270422,1,20270423,1,20270426,1,20270427,1,20270428,1,20270429,1,20270430,1,20270503,1,20270504,1,20270505,1,20270506,1,20270507,1,20270510,1,20270511,1,20270512,1,20270513,1,20270514,1,20270517,1,20270518,1,20270519,1,20270520,1,20270521,1,20270525,1,20270526,1,20270527,1,20270528,1,20270531,1,20270601,1,20270602,1,20270603,1,20270604,1,20270607,1,20270608,1,20270609,1,20270610,1,20270611,1,20270614,1,20270615,1,20270616,1,20270617,1,20270618,1,20270621,1,20270622,1,20270623,1,20270624,1,20270625,1,20270628,1,20270629,1,20270630,1,20270702,1,20270705,1,20270706,1
'1486239',20260908,1,20260909,1,20260910,1,20260911,1,20260914,1,20260915,1,20260916,1,20260917,1,20260918,1,20260921,1,20260922,1,20260923,1,20260924,1,20260925,1,20260928,1,20260929,1,20260930,1,20261001,1,20261002,1,20261005,1,20261006,1,20261007,1,20261008,1,20261009,1,20261013,1,20261014,1,20261015,1,20261016,1,20261019,1,20261020,1,20261021,1,20261022,1,20261023,1,20261026,1,20261027,1,20261028,1,20261029,1,20261030,1,20261102,1,20261103,1,20261104,1,20261105,1,20261106,1,20261109,1,20261110,1,20261111,1,20261112,1,20261113,1,20261116,1,20261117,1,20261118,1,20261119,1,20261120,1,20261123,1,20261124,1,20261125,1,20261126,1,20261127,1,20261130,1,20261201,1,20261202,1,20261203,1,20261204,1,20261207,1,20261208,1,20261209,1,20261210,1,20261211,1,20261214,1,20261215,1,20261216,1,20261217,1,20261218,1,20261221,1,20261222,1,20261223,1,20261224,1,20261228,1,20261229,1,20261230,1,20261231,1,20270104,1,20270105,1,20270106,1,20270107,1,20270108,1,20270111,1,20270112,1,20270113,1,20270114,1,20270115,1,20270118,1,20270119,1,20270120,1,20270121,1,20270122,1,20270125,1,20270126,1,20270127,1,20270128,1,20270129,1,20270201,1,20270202,1,20270203,1,20270204,1,20270205,1,20270208,1,20270209,1,20270210,1,20270211,1,20270212,1,20270216,1,20270217,1,20270218,1,20270219,1,20270222,1,20270223,1,20270224,1,20270225,1,20270226,1,20270301,1,20270302,1,20270303,1,20270304,1,20270305,1,20270308,1,20270309,1,20270310,1,20270311,1,20270312,1,20270315,1,20270316,1,20270317,1,20270318,1,20270319,1,20270322,1,20270323,1,20270324,1,20270325,1,20270330,1,20270331,1,20270401,1,20270402,1,20270405,1,20270406,1,20270407,1,20270408,1,20270409,1,20270412,1,20270413,1,20270414,1,20270415,1,20270416,1,20270419,1,20270420,1,20270421,1,20270422,1,20270423,1,20270426,1,20270427,1,20270428,1,20270429,1,20270430,1,20270503,1,20270504,1,20270505,1,20270506,1,20270507,1,20270510,1,20270511,1,20270512,1,20270513,1,20270514,1,20270517,1,20270518,1,20270519,1,20270520,1,20270521,1,20270525,1,20270526,1,20270527,1,20270528,1,20270531,1,20270601,1,20270602,1,20270603,1,20270604,1,20270607,1,20270608,1,20270609,1,20270610,1,20270611,1,20270614,1,20270615,1,20270616,1,20270617,1,20270618,1,20270621,1,20270622,1,20270623,1,20270624,1,20270625,1,20270628,1,20270629,1,20270630,1,20270702,1,20270705,1,20270706,1
'1489629',20260908,1,20260909,1,20260910,1,20260911,1,20260914,1,20260915,1,20260916,1,20260917,1,20260918,1,20260921,1,20260922,1,20260923,1,20260924,1,20260925,1,20260928,1,20260929,1,20260930,1,20261001,1,20261002,1,20261005,1,20261006,1,20261007,1,20261008,1,20261009,1,20261013,1,20261014,1,20261015,1,20261016,1,20261019,1,20261020,1,20261021,1,20261022,1,20261023,1,20261026,1,20261027,1,20261028,1,20261029,1,20261030,1,20261102,1,20261103,1,20261104,1,20261105,1,20261106,1,20261109,1,20261110,1,20261111,1,20261112,1,20261113,1,20261116,1,20261117,1,20261118,1,20261119,1,20261120,1,20261123,1,20261124,1,20261125,1,20261126,1,20261127,1,20261130,1,20261201,1,20261202,1,20261203,1,20261204,1,20261207,1,20261208,1,20261209,1,20261210,1,20261211,1,20261214,1,20261215,1,20261216,1,20261217,1,20261218,1,20261221,1,20261222,1,20261223,1,20261224,1,20261228,1,20261229,1,20261230,1,20261231,1,20270104,1,20270105,1,20270106,1,20270107,1,20270108,1,20270111,1,20270112,1,20270113,1,20270114,1,20270115,1,20270118,1,20270119,1,20270120,1,20270121,1,20270122,1,20270125,1,20270126,1,20270127,1,20270128,1,20270129,1,20270201,1,20270202,1,20270203,1,20270204,1,20270205,1,20270208,1,20270209,1,20270210,1,20270211,1,20270212,1,20270216,1,20270217,1,20270218,1,20270219,1,20270222,1,20270223,1,20270224,1,20270225,1,20270226,1,20270301,1,20270302,1,20270303,1,20270304,1,20270305,1,20270308,1,20270309,1,20270310,1,20270311,1,20270312,1,20270315,1,20270316,1,20270317,1,20270318,1,20270319,1,20270322,1,20270323,1,20270324,1,20270325,1,20270330,1,20270331,1,20270401,1,20270402,1,20270405,1,20270406,1,20270407,1,20270408,1,20270409,1,20270412,1,20270413,1,20270414,1,20270415,1,20270416,1,20270419,1,20270420,1,20270421,1,20270422,1,20270423,1,20270426,1,20270427,1,20270428,1,20270429,1,20270430,1,20270503,1,20270504,1,20270505,1,20270506,1,20270507,1,20270510,1,20270511,1,20270512,1,20270513,1,20270514,1,20270517,1,20270518,1,20270519,1,20270520,1,20270521,1,20270525,1,20270526,1,20270527,1,20270528,1,20270531,1,20270601,1,20270602,1,20270603,1,20270604,1,20270607,1,20270608,1,20270609,1,20270610,1,20270611,1,20270614,1,20270615,1,20270616,1,20270617,1,20270618,1,20270621,1,20270622,1,20270623,1,20270624,1,20270625,1,20270628,1,20270629,1,20270630,1,20270702,1,20270705,1,20270706,1
'1489630',20260908,1,20260909,1,20260910,1,20260911,1,20260914,1,20260915,1,20260916,1,20260917,1,20260918,1,20260921,1,20260922,1,20260923,1,20260924,1,20260925,1,20260928,1,20260929,1,20260930,1,20261001,1,20261002,1,20261005,1,20261006,1,20261007,1,20261008,1,20261009,1,20261013,1,20261014,1,20261015,1,20261016,1,20261019,1,20261020,1,20261021,1,20261022,1,20261023,1,20261026,1,20261027,1,20261028,1,20261029,1,20261030,1,20261102,1,20261103,1,20261104,1,20261105,1,20261106,1,20261109,1,20261110,1,20261111,1,20261112,1,20261113,1,20261116,1,20261117,1,20261118,1,20261119,1,20261120,1,20261123,1,20261124,1,20261125,1,20261126,1,20261127,1,20261130,1,20261201,1,20261202,1,20261203,1,20261204,1,20261207,1,20261208,1,20261209,1,20261210,1,20261211,1,20261214,1,20261215,1,20261216,1,20261217,1,20261218,1,20261221,1,20261222,1,20261223,1,20261224,1,20261228,1,20261229,1,20261230,1,20261231,1,20270104,1,20270105,1,20270106,1,20270107,1,20270108,1,20270111,1,20270112,1,20270113,1,20270114,1,20270115,1,20270118,1,20270119,1,20270120,1,20270121,1,20270122,1,20270125,1,20270126,1,20270127,1,20270128,1,20270129,1,20270201,1,20270202,1,20270203,1,20270204,1,20270205,1,20270208,1,20270209,1,20270210,1,20270211,1,20270212,1,20270216,1,20270217,1,20270218,1,20270219,1,20270222,1,20270223,1,20270224,1,20270225,1,20270226,1,20270301,1,20270302,1,20270303,1,20270304,1,20270305,1,20270308,1,20270309,1,20270310,1,20270311,1,20270312,1,20270315,1,20270316,1,20270317,1,20270318,1,20270319,1,20270322,1,20270323,1,20270324,1,20270325,1,20270330,1,20270331,1,20270401,1,20270402,1,20270405,1,20270406,1,20270407,1,20270408,1,20270409,1,20270412,1,20270413,1,20270414,1,20270415,1,20270416,1,20270419,1,20270420,1,20270421,1,20270422,1,20270423,1,20270426,1,20270427,1,20270428,1,20270429,1,20270430,1,20270503,1,20270504,1,20270505,1,20270506,1,20270507,1,20270510,1,20270511,1,20270512,1,20270513,1,20270514,1,20270517,1,20270518,1,20270519,1,20270520,1,20270521,1,20270525,1,20270526,1,20270527,1,20270528,1,20270531,1,20270601,1,20270602,1,20270603,1,20270604,1,20270607,1,20270608,1,20270609,1,20270610,1,20270611,1,20270614,1,20270615,1,20270616,1,20270617,1,20270618,1,20270621,1,20270622,1,20270623,1,20270624,1,20270625,1,20270628,1,20270629,1,20270630,1,20270702,1,20270705,1,20270706,1
'1489631',20260908,1,20260909,1,20260910,1,20260911,1,20260914,1,20260915,1,20260916,1,20260917,1,20260918,1,20260921,1,20260922,1,20260923,1,20260924,1,20260925,1,20260928,1,20260929,1,20260930,1,20261001,1,20261002,1,20261005,1,20261006,1,20261007,1,20261008,1,20261009,1,20261013,1,20261014,1,20261015,1,20261016,1,20261019,1,20261020,1,20261021,1,20261022,1,20261023,1,20261026,1,20261027,1,20261028,1,20261029,1,20261030,1,20261102,1,20261103,1,20261104,1,20261105,1,20261106,1,20261109,1,20261110,1,20261111,1,20261112,1,20261113,1,20261116,1,20261117,1,20261118,1,20261119,1,20261120,1,20261123,1,20261124,1,20261125,1,20261126,1,20261127,1,20261130,1,20261201,1,20261202,1,20261203,1,20261204,1,20261207,1,20261208,1,20261209,1,20261210,1,20261211,1,20261214,1,20261215,1,20261216,1,20261217,1,20261218,1,20261221,1,20261222,1,20261223,1,20261224,1,20261228,1,20261229,1,20261230,1,20261231,1,20270104,1,20270105,1,20270106,1,20270107,1,20270108,1,20270111,1,20270112,1,20270113,1,20270114,1,20270115,1,20270118,1,20270119,1,20270120,1,20270121,1,20270122,1,20270125,1,20270126,1,20270127,1,20270128,1,20270129,1,20270201,1,20270202,1,20270203,1,20270204,1,20270205,1,20270208,1,20270209,1,20270210,1,20270211,1,20270212,1,20270216,1,20270217,1,20270218,1,20270219,1,20270222,1,20270223,1,20270224,1,20270225,1,20270226,1,20270301,1,20270302,1,20270303,1,20270304,1,20270305,1,20270308,1,20270309,1,20270310,1,20270311,1,20270312,1,20270315,1,20270316,1,20270317,1,20270318,1,20270319,1,20270322,1,20270323,1,20270324,1,20270325,1,20270330,1,20270331,1,20270401,1,20270402,1,20270405,1,20270406,1,20270407,1,20270408,1,20270409,1,20270412,1,20270413,1,20270414,1,20270415,1,20270416,1,20270419,1,20270420,1,20270421,1,20270422,1,20270423,1,20270426,1,20270427,1,20270428,1,20270429,1,20270430,1,20270503,1,20270504,1,20270505,1,20270506,1,20270507,1,20270510,1,20270511,1,20270512,1,20270513,1,20270514,1,20270517,1,20270518,1,20270519,1,20270520,1,20270521,1,20270525,1,20270526,1,20270527,1,20270528,1,20270531,1,20270601,1,20270602,1,20270603,1,20270604,1,20270607,1,20270608,1,20270609,1,20270610,1,20270611,1,20270614,1,20270615,1,20270616,1,20270617,1,20270618,1,20270621,1,20270622,1,20270623,1,20270624,1,20270625,1,20270628,1,20270629,1,20270630,1,20270702,1,20270705,1,20270706,1
'1489632',20260908,1,20260909,1,20260910,1,20260911,1,20260914,1,20260915,1,20260916,1,20260917,1,20260918,1,20260921,1,20260922,1,20260923,1,20260924,1,20260925,1,20260928,1,20260929,1,20260930,1,20261001,1,20261002,1,20261005,1,20261006,1,20261007,1,20261008,1,20261009,1,20261013,1,20261014,1,20261015,1,20261016,1,20261019,1,20261020,1,20261021,1,20261022,1,20261023,1,20261026,1,20261027,1,20261028,1,20261029,1,20261030,1,20261102,1,20261103,1,20261104,1,20261105,1,20261106,1,20261109,1,20261110,1,20261111,1,20261112,1,20261113,1,20261116,1,20261117,1,20261118,1,20261119,1,20261120,1,20261123,1,20261124,1,20261125,1,20261126,1,20261127,1,20261130,1,20261201,1,20261202,1,20261203,1,20261204,1,20261207,1,20261208,1,20261209,1,20261210,1,20261211,1,20261214,1,20261215,1,20261216,1,20261217,1,20261218,1,20261221,1,20261222,1,20261223,1,20261224,1,20261228,1,20261229,1,20261230,1,20261231,1,20270104,1,20270105,1,20270106,1,20270107,1,20270108,1,20270111,1,20270112,1,20270113,1,20270114,1,20270115,1,20270118,1,20270119,1,20270120,1,20270121,1,20270122,1,20270125,1,20270126,1,20270127,1,20270128,1,20270129,1,20270201,1,20270202,1,20270203,1,20270204,1,20270205,1,20270208,1,20270209,1,20270210,1,20270211,1,20270212,1,20270216,1,20270217,1,20270218,1,20270219,1,20270222,1,20270223,1,20270224,1,20270225,1,20270226,1,20270301,1,20270302,1,20270303,1,20270304,1,20270305,1,20270308,1,20270309,1,20270310,1,20270311,1,20270312,1,20270315,1,20270316,1,20270317,1,20270318,1,20270319,1,20270322,1,20270323,1,20270324,1,20270325,1,20270330,1,20270331,1,20270401,1,20270402,1,20270405,1,20270406,1,20270407,1,20270408,1,20270409,1,20270412,1,20270413,1,20270414,1,20270415,1,20270416,1,20270419,1,20270420,1,20270421,1,20270422,1,20270423,1,20270426,1,20270427,1,20270428,1,20270429,1,20270430,1,20270503,1,20270504,1,20270505,1,20270506,1,20270507,1,20270510,1,20270511,1,20270512,1,20270513,1,20270514,1,20270517,1,20270518,1,20270519,1,20270520,1,20270521,1,20270525,1,20270526,1,20270527,1,20270528,1,20270531,1,20270601,1,20270602,1,20270603,1,20270604,1,20270607,1,20270608,1,20270609,1,20270610,1,20270611,1,20270614,1,20270615,1,20270616,1,20270617,1,20270618,1,20270621,1,20270622,1,20270623,1,20270624,1,20270625,1,20270628,1,20270629,1,20270630,1,20270702,1,20270705,1,20270706,1
'1489633',20260908,1,20260909,1,20260910,1,20260911,1,20260914,1,20260915,1,20260916,1,20260917,1,20260918,1,20260921,1,20260922,1,20260923,1,20260924,1,20260925,1,20260928,1,20260929,1,20260930,1,20261001,1,20261002,1,20261005,1,20261006,1,20261007,1,20261008,1,20261009,1,20261013,1,20261014,1,20261015,1,20261016,1,20261019,1,20261020,1,20261021,1,20261022,1,20261023,1,20261026,1,20261027,1,20261028,1,20261029,1,20261030,1,20261102,1,20261103,1,20261104,1,20261105,1,20261106,1,20261109,1,20261110,1,20261111,1,20261112,1,20261113,1,20261116,1,20261117,1,20261118,1,20261119,1,20261120,1,20261123,1,20261124,1,20261125,1,20261126,1,20261127,1,20261130,1,20261201,1,20261202,1,20261203,1,20261204,1,20261207,1,20261208,1,20261209,1,20261210,1,20261211,1,20261214,1,20261215,1,20261216,1,20261217,1,20261218,1,20261221,1,20261222,1,20261223,1,20261224,1,20261228,1,20261229,1,20261230,1,20261231,1,20270104,1,20270105,1,20270106,1,20270107,1,20270108,1,20270111,1,20270112,1,20270113,1,20270114,1,20270115,1,20270118,1,20270119,1,20270120,1,20270121,1,20270122,1,20270125,1,20270126,1,20270127,1,20270128,1,20270129,1,20270201,1,20270202,1,20270203,1,20270204,1,20270205,1,20270208,1,20270209,1,20270210,1,20270211,1,20270212,1,20270216,1,20270217,1,20270218,1,20270219,1,20270222,1,20270223,1,20270224,1,20270225,1,20270226,1,20270301,1,20270302,1,20270303,1,20270304,1,20270305,1,20270308,1,20270309,1,20270310,1,20270311,1,20270312,1,20270315,1,20270316,1,20270317,1,20270318,1,20270319,1,20270322,1,20270323,1,20270324,1,20270325,1,20270330,1,20270331,1,20270401,1,20270402,1,20270405,1,20270406,1,20270407,1,20270408,1,20270409,1,20270412,1,20270413,1,20270414,1,20270415,1,20270416,1,20270419,1,20270420,1,20270421,1,20270422,1,20270423,1,20270426,1,20270427,1,20270428,1,20270429,1,20270430,1,20270503,1,20270504,1,20270505,1,20270506,1,20270507,1,20270510,1,20270511,1,20270512,1,20270513,1,20270514,1,20270517,1,20270518,1,20270519,1,20270520,1,20270521,1,20270525,1,20270526,1,20270527,1,20270528,1,20270531,1,20270601,1,20270602,1,20270603,1,20270604,1,20270607,1,20270608,1,20270609,1,20270610,1,20270611,1,20270614,1,20270615,1,20270616,1,20270617,1,20270618,1,20270621,1,20270622,1,20270623,1,20270624,1,20270625,1,20270628,1,20270629,1,20270630,1,20270702,1,20270705,1,20270706,1
'1489634',20260908,1,20260909,1,20260910,1,20260911,1,20260914,1,20260915,1,20260916,1,20260917,1,20260918,1,20260921,1,20260922,1,20260923,1,20260924,1,20260925,1,20260928,1,20260929,1,20260930,1,20261001,1,20261002,1,20261005,1,20261006,1,20261007,1,20261008,1,20261009,1,20261013,1,20261014,1,20261015,1,20261016,1,20261019,1,20261020,1,20261021,1,20261022,1,20261023,1,20261026,1,20261027,1,20261028,1,20261029,1,20261030,1,20261102,1,20261103,1,20261104,1,20261105,1,20261106,1,20261109,1,20261110,1,20261111,1,20261112,1,20261113,1,20261116,1,20261117,1,20261118,1,20261119,1,20261120,1,20261123,1,20261124,1,20261125,1,20261126,1,20261127,1,20261130,1,20261201,1,20261202,1,20261203,1,20261204,1,20261207,1,20261208,1,20261209,1,20261210,1,20261211,1,20261214,1,20261215,1,20261216,1,20261217,1,20261218,1,20261221,1,20261222,1,20261223,1,20261224,1,20261228,1,20261229,1,20261230,1,20261231,1,20270104,1,20270105,1,20270106,1,20270107,1,20270108,1,20270111,1,20270112,1,20270113,1,20270114,1,20270115,1,20270118,1,20270119,1,20270120,1,20270121,1,20270122,1,20270125,1,20270126,1,20270127,1,20270128,1,20270129,1,20270201,1,20270202,1,20270203,1,20270204,1,20270205,1,20270208,1,20270209,1,20270210,1,20270211,1,20270212,1,20270216,1,20270217,1,20270218,1,20270219,1,20270222,1,20270223,1,20270224,1,20270225,1,20270226,1,20270301,1,20270302,1,20270303,1,20270304,1,20270305,1,20270308,1,20270309,1,20270310,1,20270311,1,20270312,1,20270315,1,20270316,1,20270317,1,20270318,1,20270319,1,20270322,1,20270323,1,20270324,1,20270325,1,20270330,1,20270331,1,20270401,1,20270402,1,20270405,1,20270406,1,20270407,1,20270408,1,20270409,1,20270412,1,20270413,1,20270414,1,20270415,1,20270416,1,20270419,1,20270420,1,20270421,1,20270422,1,20270423,1,20270426,1,20270427,1,20270428,1,20270429,1,20270430,1,20270503,1,20270504,1,20270505,1,20270506,1,20270507,1,20270510,1,20270511,1,20270512,1,20270513,1,20270514,1,20270517,1,20270518,1,20270519,1,20270520,1,20270521,1,20270525,1,20270526,1,20270527,1,20270528,1,20270531,1,20270601,1,20270602,1,20270603,1,20270604,1,20270607,1,20270608,1,20270609,1,20270610,1,20270611,1,20270614,1,20270615,1,20270616,1,20270617,1,20270618,1,20270621,1,20270622,1,20270623,1,20270624,1,20270625,1,20270628,1,20270629,1,20270630,1,20270702,1,20270705,1,20270706,1
'1489635',20260908,1,20260909,1,20260910,1,20260911,1,20260914,1,20260915,1,20260916,1,20260917,1,20260918,1,20260921,1,20260922,1,20260923,1,20260924,1,20260925,1,20260928,1,20260929,1,20260930,1,20261001,1,20261002,1,20261005,1,20261006,1,20261007,1,20261008,1,20261009,1,20261013,1,20261014,1,20261015,1,20261016,1,20261019,1,20261020,1,20261021,1,20261022,1,20261023,1,20261026,1,20261027,1,20261028,1,20261029,1,20261030,1,20261102,1,20261103,1,20261104,1,20261105,1,20261106,1,20261109,1,20261110,1,20261111,1,20261112,1,20261113,1,20261116,1,20261117,1,20261118,1,20261119,1,20261120,1,20261123,1,20261124,1,20261125,1,20261126,1,20261127,1,20261130,1,20261201,1,20261202,1,20261203,1,20261204,1,20261207,1,20261208,1,20261209,1,20261210,1,20261211,1,20261214,1,20261215,1,20261216,1,20261217,1,20261218,1,20261221,1,20261222,1,20261223,1,20261224,1,20261228,1,20261229,1,20261230,1,20261231,1,20270104,1,20270105,1,20270106,1,20270107,1,20270108,1,20270111,1,20270112,1,20270113,1,20270114,1,20270115,1,20270118,1,20270119,1,20270120,1,20270121,1,20270122,1,20270125,1,20270126,1,20270127,1,20270128,1,20270129,1,20270201,1,20270202,1,20270203,1,20270204,1,20270205,1,20270208,1,20270209,1,20270210,1,20270211,1,20270212,1,20270216,1,20270217,1,20270218,1,20270219,1,20270222,1,20270223,1,20270224,1,20270225,1,20270226,1,20270301,1,20270302,1,20270303,1,20270304,1,20270305,1,20270308,1,20270309,1,20270310,1,20270311,1,20270312,1,20270315,1,20270316,1,20270317,1,20270318,1,20270319,1,20270322,1,20270323,1,20270324,1,20270325,1,20270330,1,20270331,1,20270401,1,20270402,1,20270405,1,20270406,1,20270407,1,20270408,1,20270409,1,20270412,1,20270413,1,20270414,1,20270415,1,20270416,1,20270419,1,20270420,1,20270421,1,20270422,1,20270423,1,20270426,1,20270427,1,20270428,1,20270429,1,20270430,1,20270503,1,20270504,1,20270505,1,20270506,1,20270507,1,20270510,1,20270511,1,20270512,1,20270513,1,20270514,1,20270517,1,20270518,1,20270519,1,20270520,1,20270521,1,20270525,1,20270526,1,20270527,1,20270528,1,20270531,1,20270601,1,20270602,1,20270603,1,20270604,1,20270607,1,20270608,1,20270609,1,20270610,1,20270611,1,20270614,1,20270615,1,20270616,1,20270617,1,20270618,1,20270621,1,20270622,1,20270623,1,20270624,1,20270625,1,20270628,1,20270629,1,20270630,1,20270702,1,20270705,1,20270706,1
'1489636',20260908,1,20260909,1,20260910,1,20260911,1,20260914,1,20260915,1,20260916,1,20260917,1,20260918,1,20260921,1,20260922,1,20260923,1,20260924,1,20260925,1,20260928,1,20260929,1,20260930,1,20261001,1,20261002,1,20261005,1,20261006,1,20261007,1,20261008,1,20261009,1,20261013,1,20261014,1,20261015,1,20261016,1,20261019,1,20261020,1,20261021,1,20261022,1,20261023,1,20261026,1,20261027,1,20261028,1,20261029,1,20261030,1,20261102,1,20261103,1,20261104,1,20261105,1,20261106,1,20261109,1,20261110,1,20261111,1,20261112,1,20261113,1,20261116,1,20261117,1,20261118,1,20261119,1,20261120,1,20261123,1,20261124,1,20261125,1,20261126,1,20261127,1,20261130,1,20261201,1,20261202,1,20261203,1,20261204,1,20261207,1,20261208,1,20261209,1,20261210,1,20261211,1,20261214,1,20261215,1,20261216,1,20261217,1,20261218,1,20261221,1,20261222,1,20261223,1,20261224,1,20261228,1,20261229,1,20261230,1,20261231,1,20270104,1,20270105,1,20270106,1,20270107,1,20270108,1,20270111,1,20270112,1,20270113,1,20270114,1,20270115,1,20270118,1,20270119,1,20270120,1,20270121,1,20270122,1,20270125,1,20270126,1,20270127,1,20270128,1,20270129,1,20270201,1,20270202,1,20270203,1,20270204,1,20270205,1,20270208,1,20270209,1,20270210,1,20270211,1,20270212,1,20270216,1,20270217,1,20270218,1,20270219,1,20270222,1,20270223,1,20270224,1,20270225,1,20270226,1,20270301,1,20270302,1,20270303,1,20270304,1,20270305,1,20270308,1,20270309,1,20270310,1,20270311,1,20270312,1,20270315,1,20270316,1,20270317,1,20270318,1,20270319,1,20270322,1,20270323,1,20270324,1,20270325,1,20270330,1,20270331,1,20270401,1,20270402,1,20270405,1,20270406,1,20270407,1,20270408,1,20270409,1,20270412,1,20270413,1,20270414,1,20270415,1,20270416,1,20270419,1,20270420,1,20270421,1,20270422,1,20270423,1,20270426,1,20270427,1,20270428,1,20270429,1,20270430,1,20270503,1,20270504,1,20270505,1,20270506,1,20270507,1,20270510,1,20270511,1,20270512,1,20270513,1,20270514,1,20270517,1,20270518,1,20270519,1,20270520,1,20270521,1,20270525,1,20270526,1,20270527,1,20270528,1,20270531,1,20270601,1,20270602,1,20270603,1,20270604,1,20270607,1,20270608,1,20270609,1,20270610,1,20270611,1,20270614,1,20270615,1,20270616,1,20270617,1,20270618,1,20270621,1,20270622,1,20270623,1,20270624,1,20270625,1,20270628,1,20270629,1,20270630,1,20270702,1,20270705,1,20270706,1
'1489637',20260908,1,20260909,1,20260910,1,20260911,1,20260914,1,20260915,1,20260916,1,20260917,1,20260918,1,20260921,1,20260922,1,20260923,1,20260924,1,20260925,1,20260928,1,20260929,1,20260930,1,20261001,1,20261002,1,20261005,1,20261006,1,20261007,1,20261008,1,20261009,1,20261013,1,20261014,1,20261015,1,20261016,1,20261019,1,20261020,1,20261021,1,20261022,1,20261023,1,20261026,1,20261027,1,20261028,1,20261029,1,20261030,1,20261102,1,20261103,1,20261104,1,20261105,1,20261106,1,20261109,1,20261110,1,20261111,1,20261112,1,20261113,1,20261116,1,20261117,1,20261118,1,20261119,1,20261120,1,20261123,1,20261124,1,20261125,1,20261126,1,20261127,1,20261130,1,20261201,1,20261202,1,20261203,1,20261204,1,20261207,1,20261208,1,20261209,1,20261210,1,20261211,1,20261214,1,20261215,1,20261216,1,20261217,1,20261218,1,20261221,1,20261222,1,20261223,1,20261224,1,20261228,1,20261229,1,20261230,1,20261231,1,20270104,1,20270105,1,20270106,1,20270107,1,20270108,1,20270111,1,20270112,1,20270113,1,20270114,1,20270115,1,20270118,1,20270119,1,20270120,1,20270121,1,20270122,1,20270125,1,20270126,1,20270127,1,20270128,1,20270129,1,20270201,1,20270202,1,20270203,1,20270204,1,20270205,1,20270208,1,20270209,1,20270210,1,20270211,1,20270212,1,20270216,1,20270217,1,20270218,1,20270219,1,20270222,1,20270223,1,20270224,1,20270225,1,20270226,1,20270301,1,20270302,1,20270303,1,20270304,1,20270305,1,20270308,1,20270309,1,20270310,1,20270311,1,20270312,1,20270315,1,20270316,1,20270317,1,20270318,1,20270319,1,20270322,1,20270323,1,20270324,1,20270325,1,20270330,1,20270331,1,20270401,1,20270402,1,20270405,1,20270406,1,20270407,1,20270408,1,20270409,1,20270412,1,20270413,1,20270414,1,20270415,1,20270416,1,20270419,1,20270420,1,20270421,1,20270422,1,20270423,1,20270426,1,20270427,1,20270428,1,20270429,1,20270430,1,20270503,1,20270504,1,20270505,1,20270506,1,20270507,1,20270510,1,20270511,1,20270512,1,20270513,1,20270514,1,20270517,1,20270518,1,20270519,1,20270520,1,20270521,1,20270525,1,20270526,1,20270527,1,20270528,1,20270531,1,20270601,1,20270602,1,20270603,1,20270604,1,20270607,1,20270608,1,20270609,1,20270610,1,20270611,1,20270614,1,20270615,1,20270616,1,20270617,1,20270618,1,20270621,1,20270622,1,20270623,1,20270624,1,20270625,1,20270628,1,20270629,1,20270630,1,20270702,1,20270705,1,20270706,1
'1489638',20260908,1,20260909,1,20260910,1,20260911,1,20260914,1,20260915,1,20260916,1,20260917,1,20260918,1,20260921,1,20260922,1,20260923,1,20260924,1,20260925,1,20260928,1,20260929,1,20260930,1,20261001,1,20261002,1,20261005,1,20261006,1,20261007,1,20261008,1,20261009,1,20261013,1,20261014,1,20261015,1,20261016,1,20261019,1,20261020,1,20261021,1,20261022,1,20261023,1,20261026,1,20261027,1,20261028,1,20261029,1,20261030,1,20261102,1,20261103,1,20261104,1,20261105,1,20261106,1,20261109,1,20261110,1,20261111,1,20261112,1,20261113,1,20261116,1,20261117,1,20261118,1,20261119,1,20261120,1,20261123,1,20261124,1,20261125,1,20261126,1,20261127,1,20261130,1,20261201,1,20261202,1,20261203,1,20261204,1,20261207,1,20261208,1,20261209,1,20261210,1,20261211,1,20261214,1,20261215,1,20261216,1,20261217,1,20261218,1,20261221,1,20261222,1,20261223,1,20261224,1,20261228,1,20261229,1,20261230,1,20261231,1,20270104,1,20270105,1,20270106,1,20270107,1,20270108,1,20270111,1,20270112,1,20270113,1,20270114,1,20270115,1,20270118,1,20270119,1,20270120,1,20270121,1,20270122,1,20270125,1,20270126,1,20270127,1,20270128,1,20270129,1,20270201,1,20270202,1,20270203,1,20270204,1,20270205,1,20270208,1,20270209,1,20270210,1,20270211,1,20270212,1,20270216,1,20270217,1,20270218,1,20270219,1,20270222,1,20270223,1,20270224,1,20270225,1,20270226,1,20270301,1,20270302,1,20270303,1,20270304,1,20270305,1,20270308,1,20270309,1,20270310,1,20270311,1,20270312,1,20270315,1,20270316,1,20270317,1,20270318,1,20270319,1,20270322,1,20270323,1,20270324,1,20270325,1,20270330,1,20270331,1,20270401,1,20270402,1,20270405,1,20270406,1,20270407,1,20270408,1,20270409,1,20270412,1,20270413,1,20270414,1,20270415,1,20270416,1,20270419,1,20270420,1,20270421,1,20270422,1,20270423,1,20270426,1,20270427,1,20270428,1,20270429,1,20270430,1,20270503,1,20270504,1,20270505,1,20270506,1,20270507,1,20270510,1,20270511,1,20270512,1,20270513,1,20270514,1,20270517,1,20270518,1,20270519,1,20270520,1,20270521,1,20270525,1,20270526,1,20270527,1,20270528,1,20270531,1,20270601,1,20270602,1,20270603,1,20270604,1,20270607,1,20270608,1,20270609,1,20270610,1,20270611,1,20270614,1,20270615,1,20270616,1,20270617,1,20270618,1,20270621,1,20270622,1,20270623,1,20270624,1,20270625,1,20270628,1,20270629,1,20270630,1,20270702,1,20270705,1,20270706,1
'1489639',20260908,1,20260909,1,20260910,1,20260911,1,20260914,1,20260915,1,20260916,1,20260917,1,20260918,1,20260921,1,20260922,1,20260923,1,20260924,1,20260925,1,20260928,1,20260929,1,20260930,1,20261001,1,20261002,1,20261005,1,20261006,1,20261007,1,20261008,1,20261009,1,20261013,1,20261014,1,20261015,1,20261016,1,20261019,1,20261020,1,20261021,1,20261022,1,20261023,1,20261026,1,20261027,1,20261028,1,20261029,1,20261030,1,20261102,1,20261103,1,20261104,1,20261105,1,20261106,1,20261109,1,20261110,1,20261111,1,20261112,1,20261113,1,20261116,1,20261117,1,20261118,1,20261119,1,20261120,1,20261123,1,20261124,1,20261125,1,20261126,1,20261127,1,20261130,1,20261201,1,20261202,1,20261203,1,20261204,1,20261207,1,20261208,1,20261209,1,20261210,1,20261211,1,20261214,1,20261215,1,20261216,1,20261217,1,20261218,1,20261221,1,20261222,1,20261223,1,20261224,1,20261228,1,20261229,1,20261230,1,20261231,1,20270104,1,20270105,1,20270106,1,20270107,1,20270108,1,20270111,1,20270112,1,20270113,1,20270114,1,20270115,1,20270118,1,20270119,1,20270120,1,20270121,1,20270122,1,20270125,1,20270126,1,20270127,1,20270128,1,20270129,1,20270201,1,20270202,1,20270203,1,20270204,1,20270205,1,20270208,1,20270209,1,20270210,1,20270211,1,20270212,1,20270216,1,20270217,1,20270218,1,20270219,1,20270222,1,20270223,1,20270224,1,20270225,1,20270226,1,20270301,1,20270302,1,20270303,1,20270304,1,20270305,1,20270308,1,20270309,1,20270310,1,20270311,1,20270312,1,20270315,1,20270316,1,20270317,1,20270318,1,20270319,1,20270322,1,20270323,1,20270324,1,20270325,1,20270330,1,20270331,1,20270401,1,20270402,1,20270405,1,20270406,1,20270407,1,20270408,1,20270409,1,20270412,1,20270413,1,20270414,1,20270415,1,20270416,1,20270419,1,20270420,1,20270421,1,20270422,1,20270423,1,20270426,1,20270427,1,20270428,1,20270429,1,20270430,1,20270503,1,20270504,1,20270505,1,20270506,1,20270507,1,20270510,1,20270511,1,20270512,1,20270513,1,20270514,1,20270517,1,20270518,1,20270519,1,20270520,1,20270521,1,20270525,1,20270526,1,20270527,1,20270528,1,20270531,1,20270601,1,20270602,1,20270603,1,20270604,1,20270607,1,20270608,1,20270609,1,20270610,1,20270611,1,20270614,1,20270615,1,20270616,1,20270617,1,20270618,1,20270621,1,20270622,1,20270623,1,20270624,1,20270625,1,20270628,1,20270629,1,20270630,1,20270702,1,20270705,1,20270706,1
'1489640',20260908,1,20260909,1,20260910,1,20260911,1,20260914,1,20260915,1,20260916,1,20260917,1,20260918,1,20260921,1,20260922,1,20260923,1,20260924,1,20260925,1,20260928,1,20260929,1,20260930,1,20261001,1,20261002,1,20261005,1,20261006,1,20261007,1,20261008,1,20261009,1,20261013,1,20261014,1,20261015,1,20261016,1,20261019,1,20261020,1,20261021,1,20261022,1,20261023,1,20261026,1,20261027,1,20261028,1,20261029,1,20261030,1,20261102,1,20261103,1,20261104,1,20261105,1,20261106,1,20261109,1,20261110,1,20261111,1,20261112,1,20261113,1,20261116,1,20261117,1,20261118,1,20261119,1,20261120,1,20261123,1,20261124,1,20261125,1,20261126,1,20261127,1,20261130,1,20261201,1,20261202,1,20261203,1,20261204,1,20261207,1,20261208,1,20261209,1,20261210,1,20261211,1,20261214,1,20261215,1,20261216,1,20261217,1,20261218,1,20261221,1,20261222,1,20261223,1,20261224,1,20261228,1,20261229,1,20261230,1,20261231,1,20270104,1,20270105,1,20270106,1,20270107,1,20270108,1,20270111,1,20270112,1,20270113,1,20270114,1,20270115,1,20270118,1,20270119,1,20270120,1,20270121,1,20270122,1,20270125,1,20270126,1,20270127,1,20270128,1,20270129,1,20270201,1,20270202,1,20270203,1,20270204,1,20270205,1,20270208,1,20270209,1,20270210,1,20270211,1,20270212,1,20270216,1,20270217,1,20270218,1,20270219,1,20270222,1,20270223,1,20270224,1,20270225,1,20270226,1,20270301,1,20270302,1,20270303,1,20270304,1,20270305,1,20270308,1,20270309,1,20270310,1,20270311,1,20270312,1,20270315,1,20270316,1,20270317,1,20270318,1,20270319,1,20270322,1,20270323,1,20270324,1,20270325,1,20270330,1,20270331,1,20270401,1,20270402,1,20270405,1,20270406,1,20270407,1,20270408,1,20270409,1,20270412,1,20270413,1,20270414,1,20270415,1,20270416,1,20270419,1,20270420,1,20270421,1,20270422,1,20270423,1,20270426,1,20270427,1,20270428,1,20270429,1,20270430,1,20270503,1,20270504,1,20270505,1,20270506,1,20270507,1,20270510,1,20270511,1,20270512,1,20270513,1,20270514,1,20270517,1,20270518,1,20270519,1,20270520,1,20270521,1,20270525,1,20270526,1,20270527,1,20270528,1,20270531,1,20270601,1,20270602,1,20270603,1,20270604,1,20270607,1,20270608,1,20270609,1,20270610,1,20270611,1,20270614,1,20270615,1,20270616,1,20270617,1,20270618,1,20270621,1,20270622,1,20270623,1,20270624,1,20270625,1,20270628,1,20270629,1,20270630,1,20270702,1,20270705,1,20270706,1
'1489641',20260908,1,20260909,1,20260910,1,20260911,1,20260914,1,20260915,1,20260916,1,20260917,1,20260918,1,20260921,1,20260922,1,20260923,1,20260924,1,20260925,1,20260928,1,20260929,1,20260930,1,20261001,1,20261002,1,20261005,1,20261006,1,20261007,1,20261008,1,20261009,1,20261013,1,20261014,1,20261015,1,20261016,1,20261019,1,20261020,1,20261021,1,20261022,1,20261023,1,20261026,1,20261027,1,20261028,1,20261029,1,20261030,1,20261102,1,20261103,1,20261104,1,20261105,1,20261106,1,20261109,1,20261110,1,20261111,1,20261112,1,20261113,1,20261116,1,20261117,1,20261118,1,20261119,1,20261120,1,20261123,1,20261124,1,20261125,1,20261126,1,20261127,1,20261130,1,20261201,1,20261202,1,20261203,1,20261204,1,20261207,1,20261208,1,20261209,1,20261210,1,20261211,1,20261214,1,20261215,1,20261216,1,20261217,1,20261218,1,20261221,1,20261222,1,20261223,1,20261224,1,20261228,1,20261229,1,20261230,1,20261231,1,20270104,1,20270105,1,20270106,1,20270107,1,20270108,1,20270111,1,20270112,1,20270113,1,20270114,1,20270115,1,20270118,1,20270119,1,20270120,1,20270121,1,20270122,1,20270125,1,20270126,1,20270127,1,20270128,1,20270129,1,20270201,1,20270202,1,20270203,1,20270204,1,20270205,1,20270208,1,20270209,1,20270210,1,20270211,1,20270212,1,20270216,1,20270217,1,20270218,1,20270219,1,20270222,1,20270223,1,20270224,1,20270225,1,20270226,1,20270301,1,20270302,1,20270303,1,20270304,1,20270305,1,20270308,1,20270309,1,20270310,1,20270311,1,20270312,1,20270315,1,20270316,1,20270317,1,20270318,1,20270319,1,20270322,1,20270323,1,20270324,1,20270325,1,20270330,1,20270331,1,20270401,1,20270402,1,20270405,1,20270406,1,20270407,1,20270408,1,20270409,1,20270412,1,20270413,1,20270414,1,20270415,1,20270416,1,20270419,1,20270420,1,20270421,1,20270422,1,20270423,1,20270426,1,20270427,1,20270428,1,20270429,1,20270430,1,20270503,1,20270504,1,20270505,1,20270506,1,20270507,1,20270510,1,20270511,1,20270512,1,20270513,1,20270514,1,20270517,1,20270518,1,20270519,1,20270520,1,20270521,1,20270525,1,20270526,1,20270527,1,20270528,1,20270531,1,20270601,1,20270602,1,20270603,1,20270604,1,20270607,1,20270608,1,20270609,1,20270610,1,20270611,1,20270614,1,20270615,1,20270616,1,20270617,1,20270618,1,20270621,1,20270622,1,20270623,1,20270624,1,20270625,1,20270628,1,20270629,1,20270630,1,20270702,1,20270705,1,20270706,1
'1489642',20260908,1,20260909,1,20260910,1,20260911,1,20260914,1,20260915,1,20260916,1,20260917,1,20260918,1,20260921,1,20260922,1,20260923,1,20260924,1,20260925,1,20260928,1,20260929,1,20260930,1,20261001,1,20261002,1,20261005,1,20261006,1,20261007,1,20261008,1,20261009,1,20261013,1,20261014,1,20261015,1,20261016,1,20261019,1,20261020,1,20261021,1,20261022,1,20261023,1,20261026,1,20261027,1,20261028,1,20261029,1,20261030,1,20261102,1,20261103,1,20261104,1,20261105,1,20261106,1,20261109,1,20261110,1,20261111,1,20261112,1,20261113,1,20261116,1,20261117,1,20261118,1,20261119,1,20261120,1,20261123,1,20261124,1,20261125,1,20261126,1,20261127,1,20261130,1,20261201,1,20261202,1,20261203,1,20261204,1,20261207,1,20261208,1,20261209,1,20261210,1,20261211,1,20261214,1,20261215,1,20261216,1,20261217,1,20261218,1,20261221,1,20261222,1,20261223,1,20261224,1,20261228,1,20261229,1,20261230,1,20261231,1,20270104,1,20270105,1,20270106,1,20270107,1,20270108,1,20270111,1,20270112,1,20270113,1,20270114,1,20270115,1,20270118,1,20270119,1,20270120,1,20270121,1,20270122,1,20270125,1,20270126,1,20270127,1,20270128,1,20270129,1,20270201,1,20270202,1,20270203,1,20270204,1,20270205,1,20270208,1,20270209,1,20270210,1,20270211,1,20270212,1,20270216,1,20270217,1,20270218,1,20270219,1,20270222,1,20270223,1,20270224,1,20270225,1,20270226,1,20270301,1,20270302,1,20270303,1,20270304,1,20270305,1,20270308,1,20270309,1,20270310,1,20270311,1,20270312,1,20270315,1,20270316,1,20270317,1,20270318,1,20270319,1,20270322,1,20270323,1,20270324,1,20270325,1,20270330,1,20270331,1,20270401,1,20270402,1,20270405,1,20270406,1,20270407,1,20270408,1,20270409,1,20270412,1,20270413,1,20270414,1,20270415,1,20270416,1,20270419,1,20270420,1,20270421,1,20270422,1,20270423,1,20270426,1,20270427,1,20270428,1,20270429,1,20270430,1,20270503,1,20270504,1,20270505,1,20270506,1,20270507,1,20270510,1,20270511,1,20270512,1,20270513,1,20270514,1,20270517,1,20270518,1,20270519,1,20270520,1,20270521,1,20270525,1,20270526,1,20270527,1,20270528,1,20270531,1,20270601,1,20270602,1,20270603,1,20270604,1,20270607,1,20270608,1,20270609,1,20270610,1,20270611,1,20270614,1,20270615,1,20270616,1,20270617,1,20270618,1,20270621,1,20270622,1,20270623,1,20270624,1,20270625,1,20270628,1,20270629,1,20270630,1,20270702,1,20270705,1,20270706,1
'1489643',20260908,1,20260909,1,20260910,1,20260911,1,20260914,1,20260915,1,20260916,1,20260917,1,20260918,1,20260921,1,20260922,1,20260923,1,20260924,1,20260925,1,20260928,1,20260929,1,20260930,1,20261001,1,20261002,1,20261005,1,20261006,1,20261007,1,20261008,1,20261009,1,20261013,1,20261014,1,20261015,1,20261016,1,20261019,1,20261020,1,20261021,1,20261022,1,20261023,1,20261026,1,20261027,1,20261028,1,20261029,1,20261030,1,20261102,1,20261103,1,20261104,1,20261105,1,20261106,1,20261109,1,20261110,1,20261111,1,20261112,1,20261113,1,20261116,1,20261117,1,20261118,1,20261119,1,20261120,1,20261123,1,20261124,1,20261125,1,20261126,1,20261127,1,20261130,1,20261201,1,20261202,1,20261203,1,20261204,1,20261207,1,20261208,1,20261209,1,20261210,1,20261211,1,20261214,1,20261215,1,20261216,1,20261217,1,20261218,1,20261221,1,20261222,1,20261223,1,20261224,1,20261228,1,20261229,1,20261230,1,20261231,1,20270104,1,20270105,1,20270106,1,20270107,1,20270108,1,20270111,1,20270112,1,20270113,1,20270114,1,20270115,1,20270118,1,20270119,1,20270120,1,20270121,1,20270122,1,20270125,1,20270126,1,20270127,1,20270128,1,20270129,1,20270201,1,20270202,1,20270203,1,20270204,1,20270205,1,20270208,1,20270209,1,20270210,1,20270211,1,20270212,1,20270216,1,20270217,1,20270218,1,20270219,1,20270222,1,20270223,1,20270224,1,20270225,1,20270226,1,20270301,1,20270302,1,20270303,1,20270304,1,20270305,1,20270308,1,20270309,1,20270310,1,20270311,1,20270312,1,20270315,1,20270316,1,20270317,1,20270318,1,20270319,1,20270322,1,20270323,1,20270324,1,20270325,1,20270330,1,20270331,1,20270401,1,20270402,1,20270405,1,20270406,1,20270407,1,20270408,1,20270409,1,20270412,1,20270413,1,20270414,1,20270415,1,20270416,1,20270419,1,20270420,1,20270421,1,20270422,1,20270423,1,20270426,1,20270427,1,20270428,1,20270429,1,20270430,1,20270503,1,20270504,1,20270505,1,20270506,1,20270507,1,20270510,1,20270511,1,20270512,1,20270513,1,20270514,1,20270517,1,20270518,1,20270519,1,20270520,1,20270521,1,20270525,1,20270526,1,20270527,1,20270528,1,20270531,1,20270601,1,20270602,1,20270603,1,20270604,1,20270607,1,20270608,1,20270609,1,20270610,1,20270611,1,20270614,1,20270615,1,20270616,1,20270617,1,20270618,1,20270621,1,20270622,1,20270623,1,20270624,1,20270625,1,20270628,1,20270629,1,20270630,1,20270702,1,20270705,1,20270706,1
'1489644',20260908,1,20260909,1,20260910,1,20260911,1,20260914,1,20260915,1,20260916,1,20260917,1,20260918,1,20260921,1,20260922,1,20260923,1,20260924,1,20260925,1,20260928,1,20260929,1,20260930,1,20261001,1,20261002,1,20261005,1,20261006,1,20261007,1,20261008,1,20261009,1,20261013,1,20261014,1,20261015,1,20261016,1,20261019,1,20261020,1,20261021,1,20261022,1,20261023,1,20261026,1,20261027,1,20261028,1,20261029,1,20261030,1,20261102,1,20261103,1,20261104,1,20261105,1,20261106,1,20261109,1,20261110,1,20261111,1,20261112,1,20261113,1,20261116,1,20261117,1,20261118,1,20261119,1,20261120,1,20261123,1,20261124,1,20261125,1,20261126,1,20261127,1,20261130,1,20261201,1,20261202,1,20261203,1,20261204,1,20261207,1,20261208,1,20261209,1,20261210,1,20261211,1,20261214,1,20261215,1,20261216,1,20261217,1,20261218,1,20261221,1,20261222,1,20261223,1,20261224,1,20261228,1,20261229,1,20261230,1,20261231,1,20270104,1,20270105,1,20270106,1,20270107,1,20270108,1,20270111,1,20270112,1,20270113,1,20270114,1,20270115,1,20270118,1,20270119,1,20270120,1,20270121,1,20270122,1,20270125,1,20270126,1,20270127,1,20270128,1,20270129,1,20270201,1,20270202,1,20270203,1,20270204,1,20270205,1,20270208,1,20270209,1,20270210,1,20270211,1,20270212,1,20270216,1,20270217,1,20270218,1,20270219,1,20270222,1,20270223,1,20270224,1,20270225,1,20270226,1,20270301,1,20270302,1,20270303,1,20270304,1,20270305,1,20270308,1,20270309,1,20270310,1,20270311,1,20270312,1,20270315,1,20270316,1,20270317,1,20270318,1,20270319,1,20270322,1,20270323,1,20270324,1,20270325,1,20270330,1,20270331,1,20270401,1,20270402,1,20270405,1,20270406,1,20270407,1,20270408,1,20270409,1,20270412,1,20270413,1,20270414,1,20270415,1,20270416,1,20270419,1,20270420,1,20270421,1,20270422,1,20270423,1,20270426,1,20270427,1,20270428,1,20270429,1,20270430,1,20270503,1,20270504,1,20270505,1,20270506,1,20270507,1,20270510,1,20270511,1,20270512,1,20270513,1,20270514,1,20270517,1,20270518,1,20270519,1,20270520,1,20270521,1,20270525,1,20270526,1,20270527,1,20270528,1,20270531,1,20270601,1,20270602,1,20270603,1,20270604,1,20270607,1,20270608,1,20270609,1,20270610,1,20270611,1,20270614,1,20270615,1,20270616,1,20270617,1,20270618,1,20270621,1,20270622,1,20270623,1,20270624,1,20270625,1,20270628,1,20270629,1,20270630,1,20270702,1,20270705,1,20270706,1
'1489645',20260908,1,20260909,1,20260910,1,20260911,1,20260914,1,20260915,1,20260916,1,20260917,1,20260918,1,20260921,1,20260922,1,20260923,1,20260924,1,20260925,1,20260928,1,20260929,1,20260930,1,20261001,1,20261002,1,20261005,1,20261006,1,20261007,1,20261008,1,20261009,1,20261013,1,20261014,1,20261015,1,20261016,1,20261019,1,20261020,1,20261021,1,20261022,1,20261023,1,20261026,1,20261027,1,20261028,1,20261029,1,20261030,1,20261102,1,20261103,1,20261104,1,20261105,1,20261106,1,20261109,1,20261110,1,20261111,1,20261112,1,20261113,1,20261116,1,20261117,1,20261118,1,20261119,1,20261120,1,20261123,1,20261124,1,20261125,1,20261126,1,20261127,1,20261130,1,20261201,1,20261202,1,20261203,1,20261204,1,20261207,1,20261208,1,20261209,1,20261210,1,20261211,1,20261214,1,20261215,1,20261216,1,20261217,1,20261218,1,20261221,1,20261222,1,20261223,1,20261224,1,20261228,1,20261229,1,20261230,1,20261231,1,20270104,1,20270105,1,20270106,1,20270107,1,20270108,1,20270111,1,20270112,1,20270113,1,20270114,1,20270115,1,20270118,1,20270119,1,20270120,1,20270121,1,20270122,1,20270125,1,20270126,1,20270127,1,20270128,1,20270129,1,20270201,1,20270202,1,20270203,1,20270204,1,20270205,1,20270208,1,20270209,1,20270210,1,20270211,1,20270212,1,20270216,1,20270217,1,20270218,1,20270219,1,20270222,1,20270223,1,20270224,1,20270225,1,20270226,1,20270301,1,20270302,1,20270303,1,20270304,1,20270305,1,20270308,1,20270309,1,20270310,1,20270311,1,20270312,1,20270315,1,20270316,1,20270317,1,20270318,1,20270319,1,20270322,1,20270323,1,20270324,1,20270325,1,20270330,1,20270331,1,20270401,1,20270402,1,20270405,1,20270406,1,20270407,1,20270408,1,20270409,1,20270412,1,20270413,1,20270414,1,20270415,1,20270416,1,20270419,1,20270420,1,20270421,1,20270422,1,20270423,1,20270426,1,20270427,1,20270428,1,20270429,1,20270430,1,20270503,1,20270504,1,20270505,1,20270506,1,20270507,1,20270510,1,20270511,1,20270512,1,20270513,1,20270514,1,20270517,1,20270518,1,20270519,1,20270520,1,20270521,1,20270525,1,20270526,1,20270527,1,20270528,1,20270531,1,20270601,1,20270602,1,20270603,1,20270604,1,20270607,1,20270608,1,20270609,1,20270610,1,20270611,1,20270614,1,20270615,1,20270616,1,20270617,1,20270618,1,20270621,1,20270622,1,20270623,1,20270624,1,20270625,1,20270628,1,20270629,1,20270630,1,20270702,1,20270705,1,20270706,1
'1489646',20260908,1,20260909,1,20260910,1,20260911,1,20260914,1,20260915,1,20260916,1,20260917,1,20260918,1,20260921,1,20260922,1,20260923,1,20260924,1,20260925,1,20260928,1,20260929,1,20260930,1,20261001,1,20261002,1,20261005,1,20261006,1,20261007,1,20261008,1,20261009,1,20261013,1,20261014,1,20261015,1,20261016,1,20261019,1,20261020,1,20261021,1,20261022,1,20261023,1,20261026,1,20261027,1,20261028,1,20261029,1,20261030,1,20261102,1,20261103,1,20261104,1,20261105,1,20261106,1,20261109,1,20261110,1,20261111,1,20261112,1,20261113,1,20261116,1,20261117,1,20261118,1,20261119,1,20261120,1,20261123,1,20261124,1,20261125,1,20261126,1,20261127,1,20261130,1,20261201,1,20261202,1,20261203,1,20261204,1,20261207,1,20261208,1,20261209,1,20261210,1,20261211,1,20261214,1,20261215,1,20261216,1,20261217,1,20261218,1,20261221,1,20261222,1,20261223,1,20261224,1,20261228,1,20261229,1,20261230,1,20261231,1,20270104,1,20270105,1,20270106,1,20270107,1,20270108,1,20270111,1,20270112,1,20270113,1,20270114,1,20270115,1,20270118,1,20270119,1,20270120,1,20270121,1,20270122,1,20270125,1,20270126,1,20270127,1,20270128,1,20270129,1,20270201,1,20270202,1,20270203,1,20270204,1,20270205,1,20270208,1,20270209,1,20270210,1,20270211,1,20270212,1,20270216,1,20270217,1,20270218,1,20270219,1,20270222,1,20270223,1,20270224,1,20270225,1,20270226,1,20270301,1,20270302,1,20270303,1,20270304,1,20270305,1,20270308,1,20270309,1,20270310,1,20270311,1,20270312,1,20270315,1,20270316,1,20270317,1,20270318,1,20270319,1,20270322,1,20270323,1,20270324,1,20270325,1,20270330,1,20270331,1,20270401,1,20270402,1,20270405,1,20270406,1,20270407,1,20270408,1,20270409,1,20270412,1,20270413,1,20270414,1,20270415,1,20270416,1,20270419,1,20270420,1,20270421,1,20270422,1,20270423,1,20270426,1,20270427,1,20270428,1,20270429,1,20270430,1,20270503,1,20270504,1,20270505,1,20270506,1,20270507,1,20270510,1,20270511,1,20270512,1,20270513,1,20270514,1,20270517,1,20270518,1,20270519,1,20270520,1,20270521,1,20270525,1,20270526,1,20270527,1,20270528,1,20270531,1,20270601,1,20270602,1,20270603,1,20270604,1,20270607,1,20270608,1,20270609,1,20270610,1,20270611,1,20270614,1,20270615,1,20270616,1,20270617,1,20270618,1,20270621,1,20270622,1,20270623,1,20270624,1,20270625,1,20270628,1,20270629,1,20270630,1,20270702,1,20270705,1,20270706,1
'1489647',20260908,1,20260909,1,20260910,1,20260911,1,20260914,1,20260915,1,20260916,1,20260917,1,20260918,1,20260921,1,20260922,1,20260923,1,20260924,1,20260925,1,20260928,1,20260929,1,20260930,1,20261001,1,20261002,1,20261005,1,20261006,1,20261007,1,20261008,1,20261009,1,20261013,1,20261014,1,20261015,1,20261016,1,20261019,1,20261020,1,20261021,1,20261022,1,20261023,1,20261026,1,20261027,1,20261028,1,20261029,1,20261030,1,20261102,1,20261103,1,20261104,1,20261105,1,20261106,1,20261109,1,20261110,1,20261111,1,20261112,1,20261113,1,20261116,1,20261117,1,20261118,1,20261119,1,20261120,1,20261123,1,20261124,1,20261125,1,20261126,1,20261127,1,20261130,1,20261201,1,20261202,1,20261203,1,20261204,1,20261207,1,20261208,1,20261209,1,20261210,1,20261211,1,20261214,1,20261215,1,20261216,1,20261217,1,20261218,1,20261221,1,20261222,1,20261223,1,20261224,1,20261228,1,20261229,1,20261230,1,20261231,1,20270104,1,20270105,1,20270106,1,20270107,1,20270108,1,20270111,1,20270112,1,20270113,1,20270114,1,20270115,1,20270118,1,20270119,1,20270120,1,20270121,1,20270122,1,20270125,1,20270126,1,20270127,1,20270128,1,20270129,1,20270201,1,20270202,1,20270203,1,20270204,1,20270205,1,20270208,1,20270209,1,20270210,1,20270211,1,20270212,1,20270216,1,20270217,1,20270218,1,20270219,1,20270222,1,20270223,1,20270224,1,20270225,1,20270226,1,20270301,1,20270302,1,20270303,1,20270304,1,20270305,1,20270308,1,20270309,1,20270310,1,20270311,1,20270312,1,20270315,1,20270316,1,20270317,1,20270318,1,20270319,1,20270322,1,20270323,1,20270324,1,20270325,1,20270330,1,20270331,1,20270401,1,20270402,1,20270405,1,20270406,1,20270407,1,20270408,1,20270409,1,20270412,1,20270413,1,20270414,1,20270415,1,20270416,1,20270419,1,20270420,1,20270421,1,20270422,1,20270423,1,20270426,1,20270427,1,20270428,1,20270429,1,20270430,1,20270503,1,20270504,1,20270505,1,20270506,1,20270507,1,20270510,1,20270511,1,20270512,1,20270513,1,20270514,1,20270517,1,20270518,1,20270519,1,20270520,1,20270521,1,20270525,1,20270526,1,20270527,1,20270528,1,20270531,1,20270601,1,20270602,1,20270603,1,20270604,1,20270607,1,20270608,1,20270609,1,20270610,1,20270611,1,20270614,1,20270615,1,20270616,1,20270617,1,20270618,1,20270621,1,20270622,1,20270623,1,20270624,1,20270625,1,20270628,1,20270629,1,20270630,1,20270702,1,20270705,1,20270706,1
'1489648',20260908,1,20260909,1,20260910,1,20260911,1,20260914,1,20260915,1,20260916,1,20260917,1,20260918,1,20260921,1,20260922,1,20260923,1,20260924,1,20260925,1,20260928,1,20260929,1,20260930,1,20261001,1,20261002,1,20261005,1,20261006,1,20261007,1,20261008,1,20261009,1,20261013,1,20261014,1,20261015,1,20261016,1,20261019,1,20261020,1,20261021,1,20261022,1,20261023,1,20261026,1,20261027,1,20261028,1,20261029,1,20261030,1,20261102,1,20261103,1,20261104,1,20261105,1,20261106,1,20261109,1,20261110,1,20261111,1,20261112,1,20261113,1,20261116,1,20261117,1,20261118,1,20261119,1,20261120,1,20261123,1,20261124,1,20261125,1,20261126,1,20261127,1,20261130,1,20261201,1,20261202,1,20261203,1,20261204,1,20261207,1,20261208,1,20261209,1,20261210,1,20261211,1,20261214,1,20261215,1,20261216,1,20261217,1,20261218,1,20261221,1,20261222,1,20261223,1,20261224,1,20261228,1,20261229,1,20261230,1,20261231,1,20270104,1,20270105,1,20270106,1,20270107,1,20270108,1,20270111,1,20270112,1,20270113,1,20270114,1,20270115,1,20270118,1,20270119,1,20270120,1,20270121,1,20270122,1,20270125,1,20270126,1,20270127,1,20270128,1,20270129,1,20270201,1,20270202,1,20270203,1,20270204,1,20270205,1,20270208,1,20270209,1,20270210,1,20270211,1,20270212,1,20270216,1,20270217,1,20270218,1,20270219,1,20270222,1,20270223,1,20270224,1,20270225,1,20270226,1,20270301,1,20270302,1,20270303,1,20270304,1,20270305,1,20270308,1,20270309,1,20270310,1,20270311,1,20270312,1,20270315,1,20270316,1,20270317,1,20270318,1,20270319,1,20270322,1,20270323,1,20270324,1,20270325,1,20270330,1,20270331,1,20270401,1,20270402,1,20270405,1,20270406,1,20270407,1,20270408,1,20270409,1,20270412,1,20270413,1,20270414,1,20270415,1,20270416,1,20270419,1,20270420,1,20270421,1,20270422,1,20270423,1,20270426,1,20270427,1,20270428,1,20270429,1,20270430,1,20270503,1,20270504,1,20270505,1,20270506,1,20270507,1,20270510,1,20270511,1,20270512,1,20270513,1,20270514,1,20270517,1,20270518,1,20270519,1,20270520,1,20270521,1,20270525,1,20270526,1,20270527,1,20270528,1,20270531,1,20270601,1,20270602,1,20270603,1,20270604,1,20270607,1,20270608,1,20270609,1,20270610,1,20270611,1,20270614,1,20270615,1,20270616,1,20270617,1,20270618,1,20270621,1,20270622,1,20270623,1,20270624,1,20270625,1,20270628,1,20270629,1,20270630,1,20270702,1,20270705,1,20270706,1
'1489649',20260908,1,20260909,1,20260910,1,20260911,1,20260914,1,20260915,1,20260916,1,20260917,1,20260918,1,20260921,1,20260922,1,20260923,1,20260924,1,20260925,1,20260928,1,20260929,1,20260930,1,20261001,1,20261002,1,20261005,1,20261006,1,20261007,1,20261008,1,20261009,1,20261013,1,20261014,1,20261015,1,20261016,1,20261019,1,20261020,1,20261021,1,20261022,1,20261023,1,20261026,1,20261027,1,20261028,1,20261029,1,20261030,1,20261102,1,20261103,1,20261104,1,20261105,1,20261106,1,20261109,1,20261110,1,20261111,1,20261112,1,20261113,1,20261116,1,20261117,1,20261118,1,20261119,1,20261120,1,20261123,1,20261124,1,20261125,1,20261126,1,20261127,1,20261130,1,20261201,1,20261202,1,20261203,1,20261204,1,20261207,1,20261208,1,20261209,1,20261210,1,20261211,1,20261214,1,20261215,1,20261216,1,20261217,1,20261218,1,20261221,1,20261222,1,20261223,1,20261224,1,20261228,1,20261229,1,20261230,1,20261231,1,20270104,1,20270105,1,20270106,1,20270107,1,20270108,1,20270111,1,20270112,1,20270113,1,20270114,1,20270115,1,20270118,1,20270119,1,20270120,1,20270121,1,20270122,1,20270125,1,20270126,1,20270127,1,20270128,1,20270129,1,20270201,1,20270202,1,20270203,1,20270204,1,20270205,1,20270208,1,20270209,1,20270210,1,20270211,1,20270212,1,20270216,1,20270217,1,20270218,1,20270219,1,20270222,1,20270223,1,20270224,1,20270225,1,20270226,1,20270301,1,20270302,1,20270303,1,20270304,1,20270305,1,20270308,1,20270309,1,20270310,1,20270311,1,20270312,1,20270315,1,20270316,1,20270317,1,20270318,1,20270319,1,20270322,1,20270323,1,20270324,1,20270325,1,20270330,1,20270331,1,20270401,1,20270402,1,20270405,1,20270406,1,20270407,1,20270408,1,20270409,1,20270412,1,20270413,1,20270414,1,20270415,1,20270416,1,20270419,1,20270420,1,20270421,1,20270422,1,20270423,1,20270426,1,20270427,1,20270428,1,20270429,1,20270430,1,20270503,1,20270504,1,20270505,1,20270506,1,20270507,1,20270510,1,20270511,1,20270512,1,20270513,1,20270514,1,20270517,1,20270518,1,20270519,1,20270520,1,20270521,1,20270525,1,20270526,1,20270527,1,20270528,1,20270531,1,20270601,1,20270602,1,20270603,1,20270604,1,20270607,1,20270608,1,20270609,1,20270610,1,20270611,1,20270614,1,20270615,1,20270616,1,20270617,1,20270618,1,20270621,1,20270622,1,20270623,1,20270624,1,20270625,1,20270628,1,20270629,1,20270630,1,20270702,1,20270705,1,20270706,1
'1489650',20260908,1,20260909,1,20260910,1,20260911,1,20260914,1,20260915,1,20260916,1,20260917,1,20260918,1,20260921,1,20260922,1,20260923,1,20260924,1,20260925,1,20260928,1,20260929,1,20260930,1,20261001,1,20261002,1,20261005,1,20261006,1,20261007,1,20261008,1,20261009,1,20261013,1,20261014,1,20261015,1,20261016,1,20261019,1,20261020,1,20261021,1,20261022,1,20261023,1,20261026,1,20261027,1,20261028,1,20261029,1,20261030,1,20261102,1,20261103,1,20261104,1,20261105,1,20261106,1,20261109,1,20261110,1,20261111,1,20261112,1,20261113,1,20261116,1,20261117,1,20261118,1,20261119,1,20261120,1,20261123,1,20261124,1,20261125,1,20261126,1,20261127,1,20261130,1,20261201,1,20261202,1,20261203,1,20261204,1,20261207,1,20261208,1,20261209,1,20261210,1,20261211,1,20261214,1,20261215,1,20261216,1,20261217,1,20261218,1,20261221,1,20261222,1,20261223,1,20261224,1,20261228,1,20261229,1,20261230,1,20261231,1,20270104,1,20270105,1,20270106,1,20270107,1,20270108,1,20270111,1,20270112,1,20270113,1,20270114,1,20270115,1,20270118,1,20270119,1,20270120,1,20270121,1,20270122,1,20270125,1,20270126,1,20270127,1,20270128,1,20270129,1,20270201,1,20270202,1,20270203,1,20270204,1,20270205,1,20270208,1,20270209,1,20270210,1,20270211,1,20270212,1,20270216,1,20270217,1,20270218,1,20270219,1,20270222,1,20270223,1,20270224,1,20270225,1,20270226,1,20270301,1,20270302,1,20270303,1,20270304,1,20270305,1,20270308,1,20270309,1,20270310,1,20270311,1,20270312,1,20270315,1,20270316,1,20270317,1,20270318,1,20270319,1,20270322,1,20270323,1,20270324,1,20270325,1,20270330,1,20270331,1,20270401,1,20270402,1,20270405,1,20270406,1,20270407,1,20270408,1,20270409,1,20270412,1,20270413,1,20270414,1,20270415,1,20270416,1,20270419,1,20270420,1,20270421,1,20270422,1,20270423,1,20270426,1,20270427,1,20270428,1,20270429,1,20270430,1,20270503,1,20270504,1,20270505,1,20270506,1,20270507,1,20270510,1,20270511,1,20270512,1,20270513,1,20270514,1,20270517,1,20270518,1,20270519,1,20270520,1,20270521,1,20270525,1,20270526,1,20270527,1,20270528,1,20270531,1,20270601,1,20270602,1,20270603,1,20270604,1,20270607,1,20270608,1,20270609,1,20270610,1,20270611,1,20270614,1,20270615,1,20270616,1,20270617,1,20270618,1,20270621,1,20270622,1,20270623,1,20270624,1,20270625,1,20270628,1,20270629,1,20270630,1,20270702,1,20270705,1,20270706,1
'1489651',20260908,1,20260909,1,20260910,1,20260911,1,20260914,1,20260915,1,20260916,1,20260917,1,20260918,1,20260921,1,20260922,1,20260923,1,20260924,1,20260925,1,20260928,1,20260929,1,20260930,1,20261001,1,20261002,1,20261005,1,20261006,1,20261007,1,20261008,1,20261009,1,20261013,1,20261014,1,20261015,1,20261016,1,20261019,1,20261020,1,20261021,1,20261022,1,20261023,1,20261026,1,20261027,1,20261028,1,20261029,1,20261030,1,20261102,1,20261103,1,20261104,1,20261105,1,20261106,1,20261109,1,20261110,1,20261111,1,20261112,1,20261113,1,20261116,1,20261117,1,20261118,1,20261119,1,20261120,1,20261123,1,20261124,1,20261125,1,20261126,1,20261127,1,20261130,1,20261201,1,20261202,1,20261203,1,20261204,1,20261207,1,20261208,1,20261209,1,20261210,1,20261211,1,20261214,1,20261215,1,20261216,1,20261217,1,20261218,1,20261221,1,20261222,1,20261223,1,20261224,1,20261228,1,20261229,1,20261230,1,20261231,1,20270104,1,20270105,1,20270106,1,20270107,1,20270108,1,20270111,1,20270112,1,20270113,1,20270114,1,20270115,1,20270118,1,20270119,1,20270120,1,20270121,1,20270122,1,20270125,1,20270126,1,20270127,1,20270128,1,20270129,1,20270201,1,20270202,1,20270203,1,20270204,1,20270205,1,20270208,1,20270209,1,20270210,1,20270211,1,20270212,1,20270216,1,20270217,1,20270218,1,20270219,1,20270222,1,20270223,1,20270224,1,20270225,1,20270226,1,20270301,1,20270302,1,20270303,1,20270304,1,20270305,1,20270308,1,20270309,1,20270310,1,20270311,1,20270312,1,20270315,1,20270316,1,20270317,1,20270318,1,20270319,1,20270322,1,20270323,1,20270324,1,20270325,1,20270330,1,20270331,1,20270401,1,20270402,1,20270405,1,20270406,1,20270407,1,20270408,1,20270409,1,20270412,1,20270413,1,20270414,1,20270415,1,20270416,1,20270419,1,20270420,1,20270421,1,20270422,1,20270423,1,20270426,1,20270427,1,20270428,1,20270429,1,20270430,1,20270503,1,20270504,1,20270505,1,20270506,1,20270507,1,20270510,1,20270511,1,20270512,1,20270513,1,20270514,1,20270517,1,20270518,1,20270519,1,20270520,1,20270521,1,20270525,1,20270526,1,20270527,1,20270528,1,20270531,1,20270601,1,20270602,1,20270603,1,20270604,1,20270607,1,20270608,1,20270609,1,20270610,1,20270611,1,20270614,1,20270615,1,20270616,1,20270617,1,20270618,1,20270621,1,20270622,1,20270623,1,20270624,1,20270625,1,20270628,1,20270629,1,20270630,1,20270702,1,20270705,1,20270706,1
'1489652',20260908,1,20260909,1,20260910,1,20260911,1,20260914,1,20260915,1,20260916,1,20260917,1,20260918,1,20260921,1,20260922,1,20260923,1,20260924,1,20260925,1,20260928,1,20260929,1,20260930,1,20261001,1,20261002,1,20261005,1,20261006,1,20261007,1,20261008,1,20261009,1,20261013,1,20261014,1,20261015,1,20261016,1,20261019,1,20261020,1,20261021,1,20261022,1,20261023,1,20261026,1,20261027,1,20261028,1,20261029,1,20261030,1,20261102,1,20261103,1,20261104,1,20261105,1,20261106,1,20261109,1,20261110,1,20261111,1,20261112,1,20261113,1,20261116,1,20261117,1,20261118,1,20261119,1,20261120,1,20261123,1,20261124,1,20261125,1,20261126,1,20261127,1,20261130,1,20261201,1,20261202,1,20261203,1,20261204,1,20261207,1,20261208,1,20261209,1,20261210,1,20261211,1,20261214,1,20261215,1,20261216,1,20261217,1,20261218,1,20261221,1,20261222,1,20261223,1,20261224,1,20261228,1,20261229,1,20261230,1,20261231,1,20270104,1,20270105,1,20270106,1,20270107,1,20270108,1,20270111,1,20270112,1,20270113,1,20270114,1,20270115,1,20270118,1,20270119,1,20270120,1,20270121,1,20270122,1,20270125,1,20270126,1,20270127,1,20270128,1,20270129,1,20270201,1,20270202,1,20270203,1,20270204,1,20270205,1,20270208,1,20270209,1,20270210,1,20270211,1,20270212,1,20270216,1,20270217,1,20270218,1,20270219,1,20270222,1,20270223,1,20270224,1,20270225,1,20270226,1,20270301,1,20270302,1,20270303,1,20270304,1,20270305,1,20270308,1,20270309,1,20270310,1,20270311,1,20270312,1,20270315,1,20270316,1,20270317,1,20270318,1,20270319,1,20270322,1,20270323,1,20270324,1,20270325,1,20270330,1,20270331,1,20270401,1,20270402,1,20270405,1,20270406,1,20270407,1,20270408,1,20270409,1,20270412,1,20270413,1,20270414,1,20270415,1,20270416,1,20270419,1,20270420,1,20270421,1,20270422,1,20270423,1,20270426,1,20270427,1,20270428,1,20270429,1,20270430,1,20270503,1,20270504,1,20270505,1,20270506,1,20270507,1,20270510,1,20270511,1,20270512,1,20270513,1,20270514,1,20270517,1,20270518,1,20270519,1,20270520,1,20270521,1,20270525,1,20270526,1,20270527,1,20270528,1,20270531,1,20270601,1,20270602,1,20270603,1,20270604,1,20270607,1,20270608,1,20270609,1,20270610,1,20270611,1,20270614,1,20270615,1,20270616,1,20270617,1,20270618,1,20270621,1,20270622,1,20270623,1,20270624,1,20270625,1,20270628,1,20270629,1,20270630,1,20270702,1,20270705,1,20270706,1
'1489653',20260908,1,20260909,1,20260910,1,20260911,1,20260914,1,20260915,1,20260916,1,20260917,1,20260918,1,20260921,1,20260922,1,20260923,1,20260924,1,20260925,1,20260928,1,20260929,1,20260930,1,20261001,1,20261002,1,20261005,1,20261006,1,20261007,1,20261008,1,20261009,1,20261013,1,20261014,1,20261015,1,20261016,1,20261019,1,20261020,1,20261021,1,20261022,1,20261023,1,20261026,1,20261027,1,20261028,1,20261029,1,20261030,1,20261102,1,20261103,1,20261104,1,20261105,1,20261106,1,20261109,1,20261110,1,20261111,1,20261112,1,20261113,1,20261116,1,20261117,1,20261118,1,20261119,1,20261120,1,20261123,1,20261124,1,20261125,1,20261126,1,20261127,1,20261130,1,20261201,1,20261202,1,20261203,1,20261204,1,20261207,1,20261208,1,20261209,1,20261210,1,20261211,1,20261214,1,20261215,1,20261216,1,20261217,1,20261218,1,20261221,1,20261222,1,20261223,1,20261224,1,20261228,1,20261229,1,20261230,1,20261231,1,20270104,1,20270105,1,20270106,1,20270107,1,20270108,1,20270111,1,20270112,1,20270113,1,20270114,1,20270115,1,20270118,1,20270119,1,20270120,1,20270121,1,20270122,1,20270125,1,20270126,1,20270127,1,20270128,1,20270129,1,20270201,1,20270202,1,20270203,1,20270204,1,20270205,1,20270208,1,20270209,1,20270210,1,20270211,1,20270212,1,20270216,1,20270217,1,20270218,1,20270219,1,20270222,1,20270223,1,20270224,1,20270225,1,20270226,1,20270301,1,20270302,1,20270303,1,20270304,1,20270305,1,20270308,1,20270309,1,20270310,1,20270311,1,20270312,1,20270315,1,20270316,1,20270317,1,20270318,1,20270319,1,20270322,1,20270323,1,20270324,1,20270325,1,20270330,1,20270331,1,20270401,1,20270402,1,20270405,1,20270406,1,20270407,1,20270408,1,20270409,1,20270412,1,20270413,1,20270414,1,20270415,1,20270416,1,20270419,1,20270420,1,20270421,1,20270422,1,20270423,1,20270426,1,20270427,1,20270428,1,20270429,1,20270430,1,20270503,1,20270504,1,20270505,1,20270506,1,20270507,1,20270510,1,20270511,1,20270512,1,20270513,1,20270514,1,20270517,1,20270518,1,20270519,1,20270520,1,20270521,1,20270525,1,20270526,1,20270527,1,20270528,1,20270531,1,20270601,1,20270602,1,20270603,1,20270604,1,20270607,1,20270608,1,20270609,1,20270610,1,20270611,1,20270614,1,20270615,1,20270616,1,20270617,1,20270618,1,20270621,1,20270622,1,20270623,1,20270624,1,20270625,1,20270628,1,20270629,1,20270630,1,20270702,1,20270705,1,20270706,1
'1489654',20260908,1,20260909,1,20260910,1,20260911,1,20260914,1,20260915,1,20260916,1,20260917,1,20260918,1,20260921,1,20260922,1,20260923,1,20260924,1,20260925,1,20260928,1,20260929,1,20260930,1,20261001,1,20261002,1,20261005,1,20261006,1,20261007,1,20261008,1,20261009,1,20261013,1,20261014,1,20261015,1,20261016,1,20261019,1,20261020,1,20261021,1,20261022,1,20261023,1,20261026,1,20261027,1,20261028,1,20261029,1,20261030,1,20261102,1,20261103,1,20261104,1,20261105,1,20261106,1,20261109,1,20261110,1,20261111,1,20261112,1,20261113,1,20261116,1,20261117,1,20261118,1,20261119,1,20261120,1,20261123,1,20261124,1,20261125,1,20261126,1,20261127,1,20261130,1,20261201,1,20261202,1,20261203,1,20261204,1,20261207,1,20261208,1,20261209,1,20261210,1,20261211,1,20261214,1,20261215,1,20261216,1,20261217,1,20261218,1,20261221,1,20261222,1,20261223,1,20261224,1,20261228,1,20261229,1,20261230,1,20261231,1,20270104,1,20270105,1,20270106,1,20270107,1,20270108,1,20270111,1,20270112,1,20270113,1,20270114,1,20270115,1,20270118,1,20270119,1,20270120,1,20270121,1,20270122,1,20270125,1,20270126,1,20270127,1,20270128,1,20270129,1,20270201,1,20270202,1,20270203,1,20270204,1,20270205,1,20270208,1,20270209,1,20270210,1,20270211,1,20270212,1,20270216,1,20270217,1,20270218,1,20270219,1,20270222,1,20270223,1,20270224,1,20270225,1,20270226,1,20270301,1,20270302,1,20270303,1,20270304,1,20270305,1,20270308,1,20270309,1,20270310,1,20270311,1,20270312,1,20270315,1,20270316,1,20270317,1,20270318,1,20270319,1,20270322,1,20270323,1,20270324,1,20270325,1,20270330,1,20270331,1,20270401,1,20270402,1,20270405,1,20270406,1,20270407,1,20270408,1,20270409,1,20270412,1,20270413,1,20270414,1,20270415,1,20270416,1,20270419,1,20270420,1,20270421,1,20270422,1,20270423,1,20270426,1,20270427,1,20270428,1,20270429,1,20270430,1,20270503,1,20270504,1,20270505,1,20270506,1,20270507,1,20270510,1,20270511,1,20270512,1,20270513,1,20270514,1,20270517,1,20270518,1,20270519,1,20270520,1,20270521,1,20270525,1,20270526,1,20270527,1,20270528,1,20270531,1,20270601,1,20270602,1,20270603,1,20270604,1,20270607,1,20270608,1,20270609,1,20270610,1,20270611,1,20270614,1,20270615,1,20270616,1,20270617,1,20270618,1,20270621,1,20270622,1,20270623,1,20270624,1,20270625,1,20270628,1,20270629,1,20270630,1,20270702,1,20270705,1,20270706,1
'1492501',20260908,1,20260909,1,20260910,1,20260911,1,20260914,1,20260915,1,20260916,1,20260917,1,20260918,1,20260921,1,20260922,1,20260923,1,20260924,1,20260925,1,20260928,1,20260929,1,20260930,1,20261001,1,20261002,1,20261005,1,20261006,1,20261007,1,20261008,1,20261009,1,20261013,1,20261014,1,20261015,1,20261016,1,20261019,1,20261020,1,20261021,1,20261022,1,20261023,1,20261026,1,20261027,1,20261028,1,20261029,1,20261030,1,20261102,1,20261103,1,20261104,1,20261105,1,20261106,1,20261109,1,20261110,1,20261111,1,20261112,1,20261113,1,20261116,1,20261117,1,20261118,1,20261119,1,20261120,1,20261123,1,20261124,1,20261125,1,20261126,1,20261127,1,20261130,1,20261201,1,20261202,1,20261203,1,20261204,1,20261207,1,20261208,1,20261209,1,20261210,1,20261211,1,20261214,1,20261215,1,20261216,1,20261217,1,20261218,1,20261221,1,20261222,1,20261223,1,20261224,1,20261228,1,20261229,1,20261230,1,20261231,1,20270104,1,20270105,1,20270106,1,20270107,1,20270108,1,20270111,1,20270112,1,20270113,1,20270114,1,20270115,1,20270118,1,20270119,1,20270120,1,20270121,1,20270122,1,20270125,1,20270126,1,20270127,1,20270128,1,20270129,1,20270201,1,20270202,1,20270203,1,20270204,1,20270205,1,20270208,1,20270209,1,20270210,1,20270211,1,20270212,1,20270216,1,20270217,1,20270218,1,20270219,1,20270222,1,20270223,1,20270224,1,20270225,1,20270226,1,20270301,1,20270302,1,20270303,1,20270304,1,20270305,1,20270308,1,20270309,1,20270310,1,20270311,1,20270312,1,20270315,1,20270316,1,20270317,1,20270318,1,20270319,1,20270322,1,20270323,1,20270324,1,20270325,1,20270330,1,20270331,1,20270401,1,20270402,1,20270405,1,20270406,1,20270407,1,20270408,1,20270409,1,20270412,1,20270413,1,20270414,1,20270415,1,20270416,1,20270419,1,20270420,1,20270421,1,20270422,1,20270423,1,20270426,1,20270427,1,20270428,1,20270429,1,20270430,1,20270503,1,20270504,1,20270505,1,20270506,1,20270507,1,20270510,1,20270511,1,20270512,1,20270513,1,20270514,1,20270517,1,20270518,1,20270519,1,20270520,1,20270521,1,20270525,1,20270526,1,20270527,1,20270528,1,20270531,1,20270601,1,20270602,1,20270603,1,20270604,1,20270607,1,20270608,1,20270609,1,20270610,1,20270611,1,20270614,1,20270615,1,20270616,1,20270617,1,20270618,1,20270621,1,20270622,1,20270623,1,20270624,1,20270625,1,20270628,1,20270629,1,20270630,1,20270702,1,20270705,1,20270706,1
'1492502',20260908,1,20260909,1,20260910,1,20260911,1,20260914,1,20260915,1,20260916,1,20260917,1,20260918,1,20260921,1,20260922,1,20260923,1,20260924,1,20260925,1,20260928,1,20260929,1,20260930,1,20261001,1,20261002,1,20261005,1,20261006,1,20261007,1,20261008,1,20261009,1,20261013,1,20261014,1,20261015,1,20261016,1,20261019,1,20261020,1,20261021,1,20261022,1,20261023,1,20261026,1,20261027,1,20261028,1,20261029,1,20261030,1,20261102,1,20261103,1,20261104,1,20261105,1,20261106,1,20261109,1,20261110,1,20261111,1,20261112,1,20261113,1,20261116,1,20261117,1,20261118,1,20261119,1,20261120,1,20261123,1,20261124,1,20261125,1,20261126,1,20261127,1,20261130,1,20261201,1,20261202,1,20261203,1,20261204,1,20261207,1,20261208,1,20261209,1,20261210,1,20261211,1,20261214,1,20261215,1,20261216,1,20261217,1,20261218,1,20261221,1,20261222,1,20261223,1,20261224,1,20261228,1,20261229,1,20261230,1,20261231,1,20270104,1,20270105,1,20270106,1,20270107,1,20270108,1,20270111,1,20270112,1,20270113,1,20270114,1,20270115,1,20270118,1,20270119,1,20270120,1,20270121,1,20270122,1,20270125,1,20270126,1,20270127,1,20270128,1,20270129,1,20270201,1,20270202,1,20270203,1,20270204,1,20270205,1,20270208,1,20270209,1,20270210,1,20270211,1,20270212,1,20270216,1,20270217,1,20270218,1,20270219,1,20270222,1,20270223,1,20270224,1,20270225,1,20270226,1,20270301,1,20270302,1,20270303,1,20270304,1,20270305,1,20270308,1,20270309,1,20270310,1,20270311,1,20270312,1,20270315,1,20270316,1,20270317,1,20270318,1,20270319,1,20270322,1,20270323,1,20270324,1,20270325,1,20270330,1,20270331,1,20270401,1,20270402,1,20270405,1,20270406,1,20270407,1,20270408,1,20270409,1,20270412,1,20270413,1,20270414,1,20270415,1,20270416,1,20270419,1,20270420,1,20270421,1,20270422,1,20270423,1,20270426,1,20270427,1,20270428,1,20270429,1,20270430,1,20270503,1,20270504,1,20270505,1,20270506,1,20270507,1,20270510,1,20270511,1,20270512,1,20270513,1,20270514,1,20270517,1,20270518,1,20270519,1,20270520,1,20270521,1,20270525,1,20270526,1,20270527,1,20270528,1,20270531,1,20270601,1,20270602,1,20270603,1,20270604,1,20270607,1,20270608,1,20270609,1,20270610,1,20270611,1,20270614,1,20270615,1,20270616,1,20270617,1,20270618,1,20270621,1,20270622,1,20270623,1,20270624,1,20270625,1,20270628,1,20270629,1,20270630,1,20270702,1,20270705,1,20270706,1
